{
    "1": {
        "1": 2.2535710210612087e-09,
        "2": 1.6831745269817844e-09,
        "3": 1.2367865967614756e-09,
        "4": 1.3188932988738414e-09,
        "5": 1.6347888957302839e-09,
        "6": 1.3530739140794933e-09,
        "7": 1.1677967529331666e-09,
        "8": 1.1389369476871886e-09,
        "9": 1.4054462952783346e-09,
        "10": 1.7014987771794668e-09,
        "11": 1.2320545481933907e-09,
        "12": 1.1113983571502098e-09,
        "13": 1.6002487189127063e-09
    },
    "2": {
        "1": 1.650852449650158e-07,
        "2": 1.9101686243295665e-07,
        "3": 2.169051335185406e-07,
        "4": 2.1202828113038792e-07,
        "5": 2.350124064978712e-07,
        "6": 1.851550709646943e-07,
        "7": 1.956834191650483e-07,
        "8": 2.190048434617196e-07,
        "9": 2.2384378390063328e-07,
        "10": 2.0976548792428804e-07,
        "11": 2.068317810156477e-07,
        "12": 1.9268666546789093e-07,
        "13": 2.157503186832655e-07
    },
    "3": {
        "1": 7.698137893005312e-08,
        "2": 7.984862946231496e-08,
        "3": 1.0028189252794958e-07,
        "4": 8.435463530746597e-08,
        "5": 9.153627289873028e-08,
        "6": 9.448821791629709e-08,
        "7": 9.793459545617437e-08,
        "8": 8.774164213590493e-08,
        "9": 8.708429577663289e-08,
        "10": 8.819711195584501e-08,
        "11": 9.159045724113602e-08,
        "12": 9.640828435185042e-08,
        "13": 9.318451625193568e-08
    },
    "4": {
        "1": 1.2623598471000497e-07,
        "2": 1.3093426267163024e-07,
        "3": 1.285023060030295e-07,
        "4": 1.3632001505412791e-07,
        "5": 1.3291631207922608e-07,
        "6": 1.2407117767374833e-07,
        "7": 1.4015202090753835e-07,
        "8": 1.5125060173478784e-07,
        "9": 1.2913704356002067e-07,
        "10": 1.2355737043870337e-07,
        "11": 1.3286070052926013e-07,
        "12": 1.3516606401841e-07,
        "13": 1.3899669466933654e-07
    },
    "5": {
        "1": 2.242402398940532e-07,
        "2": 2.4285395005412224e-07,
        "3": 2.49297938496158e-07,
        "4": 2.44797212288974e-07,
        "5": 2.2563106670587622e-07,
        "6": 2.33471364405627e-07,
        "7": 2.6603116802853533e-07,
        "8": 2.3352675785420765e-07,
        "9": 2.56584997543896e-07,
        "10": 2.6329427402349057e-07,
        "11": 2.866070327483528e-07,
        "12": 2.393969681589737e-07,
        "13": 2.367510677690487e-07
    },
    "6": {
        "1": 2.3887845146597953e-07,
        "2": 2.4457482406542885e-07,
        "3": 2.3779216952484548e-07,
        "4": 2.2926505193742701e-07,
        "5": 2.511568811895384e-07,
        "6": 2.2857949171267757e-07,
        "7": 2.2530144324122845e-07,
        "8": 2.582795672370899e-07,
        "9": 2.591361099740072e-07,
        "10": 2.4512234769048686e-07,
        "11": 2.159969901714252e-07,
        "12": 2.5567923647007904e-07,
        "13": 2.4227147432528385e-07
    }
}