{
    "1": {
        "1": 0.00012552860272181757,
        "2": 4.603213371435022e-05,
        "3": 7.187837871296279e-06,
        "4": 5.325519235603558e-06,
        "5": 1.220343957523217e-06,
        "6": 5.419814504375969e-07,
        "7": 4.828691430950613e-07,
        "8": 7.54374200003041e-08,
        "9": 5.916524804658709e-08,
        "10": 2.453352741371383e-07,
        "11": 6.5537090122010375e-09,
        "12": 2.998445570992187e-09
    },
    "2": {
        "1": 0.00012924775544075257,
        "2": 3.120485333638968e-05,
        "3": 1.8338511129527662e-05,
        "4": 1.640738706291938e-05,
        "5": 1.5151026561420514e-05,
        "6": 1.2184626800516171e-05,
        "7": 1.2144229169152684e-05,
        "8": 1.2571601644405618e-05,
        "9": 1.099680191943952e-05,
        "10": 1.1855204088533475e-05,
        "11": 1.069128191482463e-05,
        "12": 1.1864221924739855e-05
    },
    "3": {
        "1": 0.00014807447426147896,
        "2": 3.0440969747727005e-05,
        "3": 6.667480864818329e-06,
        "4": 1.2304521729282376e-06,
        "5": 7.812473128806981e-07,
        "6": 7.181737524917373e-07,
        "7": 4.027300573311907e-07,
        "8": 2.170149415891779e-07,
        "9": 1.0026219534185863e-07,
        "10": 1.9651527286266308e-07,
        "11": 1.1736913095646953e-07,
        "12": 1.5466756787181876e-07
    },
    "4": {
        "1": 0.00012955473866553796,
        "2": 3.5067527161913915e-05,
        "3": 5.12464563599628e-06,
        "4": 5.487011203438249e-06,
        "5": 9.676197933079608e-07,
        "6": 9.51924418596869e-07,
        "7": 3.878230256510024e-07,
        "8": 1.4632235089130408e-07,
        "9": 2.719998884425874e-07,
        "10": 1.73610357194789e-07,
        "11": 3.5828833527550865e-07,
        "12": 1.057695281768201e-07
    },
    "5": {
        "1": 0.00018189074683700227,
        "2": 3.6664170557362247e-05,
        "3": 9.139755486976968e-06,
        "4": 3.2898488042621236e-07,
        "5": 1.6629324668387081e-06,
        "6": 4.850450362284065e-07,
        "7": 2.0505104346693496e-07,
        "8": 1.312353736354174e-07,
        "9": 1.326351337160928e-07,
        "10": 8.957127251502156e-08,
        "11": 9.726041075028907e-08,
        "12": 9.026081432160089e-08
    }
}