{
    "1": {
        "1": 2.2535710210612087e-09,
        "2": 1.6831745269817844e-09,
        "3": 1.2367865967614756e-09,
        "4": 1.3188932988738414e-09,
        "5": 1.6347888957302839e-09,
        "6": 1.3530739140794933e-09,
        "7": 1.1677967529331666e-09,
        "8": 1.1389369476871886e-09,
        "9": 1.4054462952783346e-09,
        "10": 1.7014987771794668e-09,
        "11": 1.2320545481933907e-09,
        "12": 1.1113983571502098e-09,
        "13": 1.6002487189127063e-09
    },
    "2": {
        "1": 1.650852449650158e-07,
        "2": 1.9101686243295665e-07,
        "3": 2.169051335185406e-07,
        "4": 2.1202828113038792e-07,
        "5": 2.350124064978712e-07,
        "6": 1.851550709646943e-07,
        "7": 1.956834191650483e-07,
        "8": 2.190048434617196e-07,
        "9": 2.2384378390063328e-07,
        "10": 2.0976548792428804e-07,
        "11": 2.068317810156477e-07,
        "12": 1.9268666546789093e-07,
        "13": 2.157503186832655e-07
    },
    "3": {
        "1": 7.698137893005312e-08,
        "2": 7.984862946231496e-08,
        "3": 1.0028189252794958e-07,
        "4": 8.435463530746597e-08,
        "5": 9.153627289873028e-08,
        "6": 9.448821791629709e-08,
        "7": 9.793459545617437e-08,
        "8": 8.774164213590493e-08,
        "9": 8.708429577663289e-08,
        "10": 8.819711195584501e-08,
        "11": 9.159045724113602e-08,
        "12": 9.640828435185042e-08,
        "13": 9.318451625193568e-08
    },
    "4": {
        "1": 1.2623598471000497e-07,
        "2": 1.3093426267163024e-07,
        "3": 1.285023060030295e-07,
        "4": 1.3632001505412791e-07,
        "5": 1.3291631207922608e-07,
        "6": 1.2407117767374833e-07,
        "7": 1.4015202090753835e-07,
        "8": 1.5125060173478784e-07,
        "9": 1.2913704356002067e-07,
        "10": 1.2355737043870337e-07,
        "11": 1.3286070052926013e-07,
        "12": 1.3516606401841e-07,
        "13": 1.3899669466933654e-07
    },
    "5": {
        "1": 2.242402398940532e-07,
        "2": 2.4285395005412224e-07,
        "3": 2.49297938496158e-07,
        "4": 2.44797212288974e-07,
        "5": 2.2563106670587622e-07,
        "6": 2.33471364405627e-07,
        "7": 2.6603116802853533e-07,
        "8": 2.3352675785420765e-07,
        "9": 2.56584997543896e-07,
        "10": 2.6329427402349057e-07,
        "11": 2.866070327483528e-07,
        "12": 2.393969681589737e-07,
        "13": 2.367510677690487e-07
    },
    "6": {
        "1": 2.3887845146597953e-07,
        "2": 2.4457482406542885e-07,
        "3": 2.3779216952484548e-07,
        "4": 2.2926505193742701e-07,
        "5": 2.511568811895384e-07,
        "6": 2.2857949171267757e-07,
        "7": 2.2530144324122845e-07,
        "8": 2.582795672370899e-07,
        "9": 2.591361099740072e-07,
        "10": 2.4512234769048686e-07,
        "11": 2.159969901714252e-07,
        "12": 2.5567923647007904e-07,
        "13": 2.4227147432528385e-07
    },
    "7": {
        "1": 1.0888608382621706e-07,
        "2": 1.101815602396691e-07,
        "3": 1.1496380999412756e-07,
        "4": 1.1873456504373662e-07,
        "5": 1.287767586856467e-07,
        "6": 1.0868365096462538e-07,
        "7": 1.1491368764303167e-07,
        "8": 1.1877135777707682e-07,
        "9": 1.2108696250242164e-07,
        "10": 1.3300887146404272e-07,
        "11": 1.1920103399816243e-07,
        "12": 1.2433633017380644e-07,
        "13": 1.1797779804663122e-07
    },
    "8": {
        "1": 1.8518766633984622e-07,
        "2": 1.6731523662238234e-07,
        "3": 1.614015342451933e-07,
        "4": 1.6969191694254676e-07,
        "5": 1.7855484881212516e-07,
        "6": 1.664665624547026e-07,
        "7": 1.6956079085310334e-07,
        "8": 1.5403281207438029e-07,
        "9": 1.5029355704948064e-07,
        "10": 1.7258939869526322e-07,
        "11": 1.767821983503854e-07,
        "12": 1.5651797053905875e-07,
        "13": 1.6356745746618906e-07
    },
    "9": {
        "1": 2.182260497548572e-07,
        "2": 2.464666991045494e-07,
        "3": 2.2552427032978077e-07,
        "4": 2.2233303614575532e-07,
        "5": 2.522620122369546e-07,
        "6": 2.4269982573558334e-07,
        "7": 2.416583716453795e-07,
        "8": 2.514916514914067e-07,
        "9": 2.457207547383227e-07,
        "10": 2.292405416294792e-07,
        "11": 2.3720056032289822e-07,
        "12": 2.3304942381096394e-07,
        "13": 2.3596706633939336e-07
    },
    "10": {
        "1": 2.3626242660416558e-07,
        "2": 2.202863768150469e-07,
        "3": 1.993615436634457e-07,
        "4": 1.9432473687603338e-07,
        "5": 1.7294918465087973e-07,
        "6": 2.017965128859644e-07,
        "7": 1.696507970816239e-07,
        "8": 1.7411318689615406e-07,
        "9": 1.7104347476351942e-07,
        "10": 1.7013671431315272e-07,
        "11": 1.5390009692924676e-07,
        "12": 1.769848546619005e-07,
        "13": 1.7091863801534806e-07
    },
    "11": {
        "1": 2.3195405403072424e-07,
        "2": 2.1994456678260838e-07,
        "3": 2.108953403340995e-07,
        "4": 2.2097910474186755e-07,
        "5": 2.233190316233193e-07,
        "6": 2.1175853023994612e-07,
        "7": 1.9572308213193511e-07,
        "8": 2.2509325243686302e-07,
        "9": 2.2248210121726855e-07,
        "10": 1.908999670686641e-07,
        "11": 2.2004961538850235e-07,
        "12": 2.040603383392437e-07,
        "13": 2.1060276251130155e-07
    },
    "12": {
        "1": 2.1806850157617892e-07,
        "2": 2.092759249773807e-07,
        "3": 1.7947509745869366e-07,
        "4": 1.9175469440238802e-07,
        "5": 1.8498059169379093e-07,
        "6": 2.0330818689144537e-07,
        "7": 2.0020152718431065e-07,
        "8": 2.2721201354738658e-07,
        "9": 2.1365589337635492e-07,
        "10": 1.9465216259638162e-07,
        "11": 2.016427362646968e-07,
        "12": 1.9317918947357669e-07,
        "13": 1.9934955805312274e-07
    },
    "13": {
        "1": 1.7012934180450874e-07,
        "2": 1.6768463214606662e-07,
        "3": 1.787424428857328e-07,
        "4": 1.8203257590035028e-07,
        "5": 1.718280717822664e-07,
        "6": 1.7395618178570289e-07,
        "7": 1.8730672849978646e-07,
        "8": 1.6911398541170803e-07,
        "9": 1.6100941960856193e-07,
        "10": 1.8783169777580716e-07,
        "11": 1.745866633024985e-07,
        "12": 1.7925812574545697e-07,
        "13": 1.9659375405583943e-07
    },
    "14": {
        "1": 1.6617744669068554e-07,
        "2": 2.2080150373917208e-07,
        "3": 2.0239382599023838e-07,
        "4": 2.1373287833709246e-07,
        "5": 2.2216661768853447e-07,
        "6": 2.154581059934563e-07,
        "7": 1.9833488646675742e-07,
        "8": 2.3282167605166243e-07,
        "9": 2.1473881116621373e-07,
        "10": 2.0052859347077052e-07,
        "11": 2.3021793231552032e-07,
        "12": 2.1476899130014255e-07,
        "13": 2.2406410955810203e-07
    },
    "15": {
        "1": 4.887459601836234e-07,
        "2": 2.9784358271713017e-07,
        "3": 3.002953026881447e-07,
        "4": 2.401871980535573e-07,
        "5": 2.790506890053528e-07,
        "6": 2.8296848636041274e-07,
        "7": 2.477216479517501e-07,
        "8": 2.8413688701750413e-07,
        "9": 2.8744871243880297e-07,
        "10": 2.6857348510397003e-07,
        "11": 2.4275808196651474e-07,
        "12": 2.651791664326672e-07,
        "13": 2.494089874866973e-07
    },
    "16": {
        "1": 1.1594579933993815e-07,
        "2": 9.123071302009708e-08,
        "3": 9.270258355410524e-08,
        "4": 1.051437123318227e-07,
        "5": 8.406390659771676e-08,
        "6": 8.780544063117824e-08,
        "7": 8.963774785763422e-08,
        "8": 9.36308803106753e-08,
        "9": 9.148048577745406e-08,
        "10": 8.427495393294567e-08,
        "11": 8.676469840820484e-08,
        "12": 9.252641273747227e-08,
        "13": 8.906001079634639e-08
    },