{
    "4": {
        "2": {
            "16": {
                "original": 0.3354013510269146,
                "twirled": {
                    "1": [
                        0.335487538741029
                    ],
                    "2": [
                        0.5666156149376,
                        0.5566508488979183,
                        0.5005721925547977,
                        0.4604574282091382,
                        0.5149660974254793,
                        0.4877557923430476,
                        0.4608584623443937,
                        0.4854963606706586,
                        0.4920732720888648
                    ],
                    "3": [
                        0.6183815248403316,
                        0.6241275969423761,
                        0.591189626599952,
                        0.5910735784292979
                    ],
                    "4": [
                        0.71907704968822,
                        0.5167441528421411,
                        0.5556453127654807,
                        0.5913348448918095,
                        0.6559753819615125,
                        0.7368763875159364,
                        0.7132693329088613
                    ],
                    "6": [
                        0.6202048160178969,
                        0.585898008340324,
                        0.6203862293481976,
                        0.5893292297810668
                    ],
                    "8": [
                        0.6544489935469004,
                        0.714877888431234,
                        0.7351814667942753
                    ],
                    "12": [
                        0.6752495880361143
                    ],
                    "24": [
                        0.6760738599213323
                    ]
                }
            }
        }
    }
}