{
    "4": {
        "4": {
            "7": {
                "original": 0.5772215244544143,
                "twirled": {
                    "1": [
                        0.5820747075732188
                    ],
                    "2": [
                        0.7719114155682463,
                        0.7798616378486513,
                        0.6789664243536983,
                        0.6811692546553239,
                        0.7247575734140375,
                        0.7283434150326245,
                        0.6818714480746778,
                        0.7321561174493532,
                        0.7331860018311549
                    ],
                    "3": [
                        0.7343033606718435,
                        0.7331445196921366,
                        0.7345428969936811,
                        0.7304924597185835
                    ],
                    "4": [
                        0.832867516628761,
                        0.727056696173192,
                        0.7343307736830524,
                        0.7221478769186291,
                        0.773453337656427,
                        0.8039512391236179,
                        0.8163868965857435
                    ],
                    "6": [
                        0.7316102331563987,
                        0.7320377565021081,
                        0.7346075883779501,
                        0.7331734320319813
                    ],
                    "8": [
                        0.7730512436525336,
                        0.8144063305378184,
                        0.8001274850347857
                    ],
                    "12": [
                        0.7045597054742807
                    ],
                    "24": [
                        0.7079283984871995
                    ]
                }
            }
        }
    }
}