{
    "4": {
        "2": {
            "5": {
                "original": 0.5733508238446184,
                "twirled": {
                    "1": [
                        0.5755394005246631
                    ],
                    "2": [
                        0.6351226035216647,
                        0.6396602980436594,
                        0.6390656636487164,
                        0.5739009998278966,
                        0.5715277368243479,
                        0.5735176481991276,
                        0.5713760376998853,
                        0.5733684879450759,
                        0.572646618530709
                    ],
                    "3": [
                        0.5166727365401957,
                        0.5173520922124707,
                        0.5137004078933916,
                        0.5164425775751571
                    ],
                    "4": [
                        0.7072456657499456,
                        0.5617813057672726,
                        0.5560424234517491,
                        0.5657851878432938,
                        0.6073468161548713,
                        0.5994394328660165,
                        0.5983719784715353
                    ],
                    "6": [
                        0.5168578026975134,
                        0.516310832377853,
                        0.5249183802057398,
                        0.5194863110853752
                    ],
                    "8": [
                        0.5963141323131387,
                        0.5945515894224153,
                        0.5984595703632832
                    ],
                    "12": [
                        0.4061453195980551
                    ],
                    "24": [
                        0.4073022167266731
                    ]
                }
            }
        }
    }
}