{
    "4": {
        "5": {
            "14": {
                "original": 0.8156908855822056,
                "twirled": {
                    "1": [
                        0.8161039978518622
                    ],
                    "2": [
                        0.8375834001134497,
                        0.8366480908382947,
                        0.8366234067109146,
                        0.8055979900309829,
                        0.8039718582331218,
                        0.8087556417687501,
                        0.8055317246868593,
                        0.808068534242336,
                        0.806908902829597
                    ],
                    "3": [
                        0.7762795833213565,
                        0.7775150028585499,
                        0.7793975536825956,
                        0.7783155911292583
                    ],
                    "4": [
                        0.8636879673702822,
                        0.7985905952780431,
                        0.798884923983573,
                        0.7993957993062876,
                        0.8214112148384729,
                        0.8052515460851161,
                        0.8215973126068675
                    ],
                    "6": [
                        0.7765192226128508,
                        0.7797069197592918,
                        0.7761690804161353,
                        0.7780564890007885
                    ],
                    "8": [
                        0.8192998960260109,
                        0.8194780762724962,
                        0.8043512715585152
                    ],
                    "12": [
                        0.7468368402327511
                    ],
                    "24": [
                        0.751819845582509
                    ]
                }
            }
        }
    }
}