{
    "4": {
        "5": {
            "12": {
                "original": 0.7548184397402442,
                "twirled": {
                    "1": [
                        0.7535651267842662
                    ],
                    "2": [
                        0.826863120774976,
                        0.8187424984873203,
                        0.8152799817829638,
                        0.7700876379236865,
                        0.7750665858454759,
                        0.7589575092149451,
                        0.7723900701472861,
                        0.7573063995696996,
                        0.766360483584416
                    ],
                    "3": [
                        0.7500197143969323,
                        0.7503722055858509,
                        0.7447000494892566,
                        0.7471423213478334
                    ],
                    "4": [
                        0.8587239789771496,
                        0.7812402560676595,
                        0.7790171874379945,
                        0.7477896040609733,
                        0.81112418423063,
                        0.8151645125034855,
                        0.8182767977818025
                    ],
                    "6": [
                        0.7505893683061441,
                        0.7471996522680815,
                        0.7517585774134247,
                        0.747675265734554
                    ],
                    "8": [
                        0.8116602342086331,
                        0.822477924434454,
                        0.8091094369808118
                    ],
                    "12": [
                        0.7232192240535813
                    ],
                    "24": [
                        0.7229993840065301
                    ]
                }
            }
        }
    }
}