{
    "4": {
        "2": {
            "9": {
                "original": 1.0,
                "twirled": {
                    "1": [
                        9.9289465538277e-16
                    ],
                    "2": [
                        0.32624389314856644,
                        0.3250024133465047,
                        2.333644388841094e-15,
                        0.4794822164550361,
                        0.7280440461346555,
                        0.47960064185134615,
                        0.48242697227782966,
                        0.4765981138896697,
                        0.7306999728246134
                    ],
                    "3": [
                        0.5038600457537251,
                        0.5091374604853626,
                        0.4685991821123179,
                        0.47418737760667534
                    ],
                    "4": [
                        0.3026003713748677,
                        0.2890986920768554,
                        0.5351328674182926,
                        0.3302523021691517,
                        0.24864279372011247,
                        0.23532066789857173,
                        0.3806351055167057
                    ],
                    "6": [
                        0.5114573726579691,
                        0.4726841505493655,
                        0.5056606778275232,
                        0.4706597874312373
                    ],
                    "8": [
                        0.2471308703735544,
                        0.3829280446329674,
                        0.23426928112555215
                    ],
                    "12": [
                        0.37459397194349836
                    ],
                    "24": [
                        0.3799329627641675
                    ]
                }
            }
        }
    }
}