{
    "4": {
        "5": {
            "14": {
                "original": 0.814815602968267,
                "twirled": {
                    "1": [
                        0.8155272325424197
                    ],
                    "2": [
                        0.8383145254485511,
                        0.8368777686335297,
                        0.8369428750815463,
                        0.8057658421855365,
                        0.8092154590944883,
                        0.806658579479521,
                        0.8072177904993706,
                        0.806466922750482,
                        0.8078632494136159
                    ],
                    "3": [
                        0.8164831868259183,
                        0.8169743786425403,
                        0.8202218106200803,
                        0.8194884438402669
                    ],
                    "4": [
                        0.8622368817628813,
                        0.7971961470725413,
                        0.7991597112391348,
                        0.8004195062082202,
                        0.8216731629928586,
                        0.8200064508513285,
                        0.8242163488096065
                    ],
                    "6": [
                        0.7903116677922134,
                        0.792009287617821,
                        0.7915508718469044,
                        0.7920527182750797
                    ],
                    "8": [
                        0.8189230216695977,
                        0.822359597885989,
                        0.8179099998385384
                    ],
                    "12": [
                        0.7620175062792017
                    ],
                    "24": [
                        0.7664967176432269
                    ]
                }
            }
        }
    }
}