{
    "4": {
        "2": {
            "10": {
                "original": 0.5642874671722854,
                "twirled": {
                    "1": [
                        -3.717026686445024e-17
                    ],
                    "2": [
                        9.976464099281657e-16,
                        8.756551039823535e-16,
                        7.638334409421077e-16,
                        0.5198262140536997,
                        0.5160959756505428,
                        1.2562839657448421e-15,
                        0.5149143724197363,
                        1.2723155862204295e-15,
                        0.5120051962662248
                    ],
                    "3": [
                        0.5742733567114863,
                        0.5747237736049631,
                        0.5764000665718311,
                        0.5728094230497189
                    ],
                    "4": [
                        8.902212300654355e-16,
                        0.4696310707066661,
                        0.46747317478737893,
                        3.845546103775632e-15,
                        0.4389640499221563,
                        3.924904845575839e-15,
                        0.433036819407674
                    ],
                    "6": [
                        0.5714020152968142,
                        0.5732084664378514,
                        0.5786808882967522,
                        0.5768549113484729
                    ],
                    "8": [
                        0.4464561633052228,
                        0.4349707056634153,
                        3.892575151098754e-15
                    ],
                    "12": [
                        0.5518075070719874
                    ],
                    "24": [
                        0.5521707155209601
                    ]
                }
            }
        }
    }
}