{
    "4": {
        "5": {
            "16": {
                "original": 0.5703220443397601,
                "twirled": {
                    "1": [
                        0.5735549342640776
                    ],
                    "2": [
                        0.776328394716762,
                        0.7745888879585224,
                        0.6859749614667147,
                        0.6770215456554347,
                        0.7344924083822884,
                        0.7234035276593368,
                        0.6821567223718971,
                        0.7260564246232551,
                        0.7359038438261708
                    ],
                    "3": [
                        0.7520074308095398,
                        0.7519799087864848,
                        0.7537631032133997,
                        0.7505364398046516
                    ],
                    "4": [
                        0.847506094282352,
                        0.7361097419619944,
                        0.7482917429218007,
                        0.7631318674859795,
                        0.7866571387178805,
                        0.8146244828174282,
                        0.8042405380466142
                    ],
                    "6": [
                        0.7559839403163437,
                        0.7587291506038524,
                        0.7533562396198953,
                        0.7531190191171915
                    ],
                    "8": [
                        0.7892509882915891,
                        0.8057979941159176,
                        0.8155697056789427
                    ],
                    "12": [
                        0.7484781632663341
                    ],
                    "24": [
                        0.7462665278180646
                    ]
                }
            }
        }
    }
}