{
    "4": {
        "1": {
            "6": {
                "original": 0.6837035781939731,
                "twirled": {
                    "1": [
                        0.6856038365098029
                    ],
                    "2": [
                        0.7689543509919126,
                        0.7845790271242685,
                        0.7706111674528815,
                        0.7249035459618324,
                        0.7273567322356133,
                        0.7433055823278534,
                        0.7254416435732688,
                        0.7367312830030138,
                        0.7360270240151675
                    ],
                    "3": [
                        0.6889683054870719,
                        0.6890781128383617,
                        0.6848076966693815,
                        0.6908967506617936
                    ],
                    "4": [
                        0.7421595928804107,
                        0.7384073642922558,
                        0.7361067020924086,
                        0.7396018045041853,
                        0.6825424666843846,
                        0.7119033401846354,
                        0.6838764680193917
                    ],
                    "6": [
                        0.6901084770214742,
                        0.6907106392100891,
                        0.6910016952677586,
                        0.680171370516316
                    ],
                    "8": [
                        0.6791680102605219,
                        0.6809713940395619,
                        0.7140918944119471
                    ],
                    "12": [
                        0.608004036444474
                    ],
                    "24": [
                        0.6140382853325538
                    ]
                }
            }
        }
    }
}