{
    "4": {
        "1": {
            "12": {
                "original": 0.39976278696412176,
                "twirled": {
                    "1": [
                        -5.639932965095795e-18
                    ],
                    "2": [
                        0.4309962169296318,
                        0.43170096474187314,
                        4.943601084050897e-16,
                        0.32550513663517494,
                        0.42513281410358467,
                        0.5040255473696454,
                        0.32559305635539004,
                        0.5127387580100056,
                        0.4273386178342358
                    ],
                    "3": [
                        0.6701546695518358,
                        0.663916885917596,
                        0.6617449389130011,
                        0.6624465814371505
                    ],
                    "4": [
                        0.474441173175663,
                        0.3436359989830267,
                        0.4770771376495411,
                        0.553750192148457,
                        0.37143764733552986,
                        0.7752864179627539,
                        0.8072882026700003
                    ],
                    "6": [
                        0.660531825500684,
                        0.6610795650309853,
                        0.6651816481847315,
                        0.66337251063747
                    ],
                    "8": [
                        0.3781310049624896,
                        0.8117979697247296,
                        0.7738833097642098
                    ],
                    "12": [
                        0.7249667828406303
                    ],
                    "24": [
                        0.7261515371462057
                    ]
                }
            }
        }
    }
}