{
    "4": {
        "5": {
            "18": {
                "original": 0.6971249683981449,
                "twirled": {
                    "1": [
                        0.6985521127536845
                    ],
                    "2": [
                        0.7954867084149057,
                        0.7939174130014144,
                        0.796684251493685,
                        0.7726600193708364,
                        0.7726068227938101,
                        0.7491074334836066,
                        0.7727614300550762,
                        0.7466474917137438,
                        0.7728821735646024
                    ],
                    "3": [
                        0.7713012131016028,
                        0.775189306436068,
                        0.7725564481735293,
                        0.7716897550809183
                    ],
                    "4": [
                        0.8502176342751533,
                        0.7821297189249469,
                        0.7852054960742653,
                        0.7706315957000522,
                        0.819598554514948,
                        0.8168910895176329,
                        0.818944241352447
                    ],
                    "6": [
                        0.7728228445213612,
                        0.7684535280145978,
                        0.7709720568569947,
                        0.7705858248915645
                    ],
                    "8": [
                        0.8210344364100607,
                        0.8156913507028184,
                        0.8133180095618471
                    ],
                    "12": [
                        0.7474311670060592
                    ],
                    "24": [
                        0.751307938835802
                    ]
                }
            }
        }
    }
}