{
    "4": {
        "1": {
            "1": {
                "original": 3.2995828291859655e-17,
                "twirled": {
                    "1": [
                        -7.593925488436071e-18
                    ],
                    "2": [
                        4.929390229335695e-18,
                        6.17284001691587e-18,
                        -4.440892098500626e-19,
                        2.6645352591003758e-18,
                        3.312905505481467e-17,
                        1.1057821325266558e-17,
                        -8.171241461241152e-18,
                        5.018208071305707e-18,
                        9.14823772291129e-18
                    ],
                    "3": [
                        2.966515921798418e-17,
                        3.712585794346523e-17,
                        2.1804780203638073e-17,
                        2.7045032879868815e-17
                    ],
                    "4": [
                        -1.4432899320127036e-17,
                        1.0658141036401503e-17,
                        -1.2523315717771765e-17,
                        2.7355895326763858e-17,
                        -2.220446049250313e-19,
                        2.1316282072803004e-18,
                        1.2789769243681803e-17
                    ],
                    "6": [
                        -9.103828801926284e-18,
                        3.286260152890463e-17,
                        1.141309269314661e-17,
                        4.076738946423575e-17
                    ],
                    "8": [
                        -1.2656542480726785e-17,
                        -2.6645352591003758e-18,
                        4.023448241241567e-17
                    ],
                    "12": [
                        3.0686564400639324e-17
                    ],
                    "24": [
                        2.9531932455029166e-17
                    ]
                }
            }
        }
    }
}