{
    "4": {
        "4": {
            "2": {
                "original": 0.7957362234521639,
                "twirled": {
                    "1": [
                        -2.491340467258851e-17
                    ],
                    "2": [
                        0.8214818513377419,
                        0.7462297217440736,
                        0.8236352572256783,
                        0.4867846495815879,
                        0.8072230484129945,
                        0.7739442454234777,
                        0.4999676041156137,
                        0.7894310341161576,
                        0.7551619429136819
                    ],
                    "3": [
                        0.8006524939239955,
                        0.8154671694277011,
                        0.8227993440773991,
                        0.8200689190019262
                    ],
                    "4": [
                        0.8129802497181002,
                        0.8124797037654059,
                        0.8051456020685414,
                        0.785491941045076,
                        0.8232060646077441,
                        0.7960841112200044,
                        0.8178640308975963
                    ],
                    "6": [
                        0.791924112943794,
                        0.798822598229061,
                        0.8030827522410486,
                        0.8042228553818987
                    ],
                    "8": [
                        0.7995895817424977,
                        0.7939954423296398,
                        0.780986347634072
                    ],
                    "12": [
                        0.7717962286339956
                    ],
                    "24": [
                        0.7702510736643334
                    ]
                }
            }
        }
    }
}