{
    "4": {
        "3": {
            "18": {
                "original": 0.5566674835485044,
                "twirled": {
                    "1": [
                        0.5529280137309732
                    ],
                    "2": [
                        0.712754802684534,
                        0.7056249762721217,
                        0.7130635628395424,
                        0.6800238746370011,
                        0.6860635693740069,
                        0.644484488909198,
                        0.6845268955911954,
                        0.6441921516844107,
                        0.6808780875859585
                    ],
                    "3": [
                        0.7431986520757665,
                        0.7450304887333907,
                        0.7420536208683627,
                        0.7441539352254644
                    ],
                    "4": [
                        0.8045728622105983,
                        0.7258839589543424,
                        0.7217668987392172,
                        0.701493951358497,
                        0.7989361902247657,
                        0.7826394590553347,
                        0.804522790223959
                    ],
                    "6": [
                        0.7439919359831519,
                        0.7441964046569332,
                        0.7418551270221135,
                        0.7415516362884749
                    ],
                    "8": [
                        0.8005250333341681,
                        0.8027248453336069,
                        0.7828074097686127
                    ],
                    "12": [
                        0.746382610158663
                    ],
                    "24": [
                        0.7515284181481923
                    ]
                }
            }
        }
    }
}