{
    "4": {
        "3": {
            "17": {
                "original": 0.5566264211993702,
                "twirled": {
                    "1": [
                        0.5504425717248492
                    ],
                    "2": [
                        0.7782647078330569,
                        0.7583666733873252,
                        0.7204440086827472,
                        0.6556781882081831,
                        0.6935526653934848,
                        0.7008745711673713,
                        0.673895799770885,
                        0.716929272000189,
                        0.7352706939570888
                    ],
                    "3": [
                        0.6847254572793604,
                        0.7245674454825085,
                        0.6959311117697526,
                        0.7043297682573658
                    ],
                    "4": [
                        0.7616310984481225,
                        0.7224930360828075,
                        0.6756416229234342,
                        0.6856943318043633,
                        0.7319039660403364,
                        0.7189192059584353,
                        0.7738695357286135
                    ],
                    "6": [
                        0.6718972787822204,
                        0.6922787385930953,
                        0.7162997349414146,
                        0.685302570964981
                    ],
                    "8": [
                        0.733687909760919,
                        0.7687309011056455,
                        0.6884279408612936
                    ],
                    "12": [
                        0.6902155680944889
                    ],
                    "24": [
                        0.6922395133020696
                    ]
                }
            }
        }
    }
}