{
    "4": {
        "5": {
            "6": {
                "original": 0.8230214950942926,
                "twirled": {
                    "1": [
                        0.8240065417052103
                    ],
                    "2": [
                        0.8337281183453573,
                        0.8355434640543541,
                        0.8369049519743105,
                        0.8074358493016267,
                        0.8075893869223836,
                        0.8085060493653794,
                        0.8082348189991523,
                        0.8069617414158406,
                        0.8079015916097426
                    ],
                    "3": [
                        0.7788286327312867,
                        0.7763581687276987,
                        0.7783286821226083,
                        0.7775501791747936
                    ],
                    "4": [
                        0.8667159337819934,
                        0.7997404249801144,
                        0.8007290540497242,
                        0.7995593012580079,
                        0.8214068089910134,
                        0.822985456937663,
                        0.8190001226494614
                    ],
                    "6": [
                        0.7794070607950874,
                        0.7772323266069591,
                        0.7767103980520063,
                        0.7781918811964947
                    ],
                    "8": [
                        0.8189590212052849,
                        0.8217818741592436,
                        0.8200586667703439
                    ],
                    "12": [
                        0.7489220267292516
                    ],
                    "24": [
                        0.7474053524529365
                    ]
                }
            }
        }
    }
}