{
    "4": {
        "1": {
            "11": {
                "original": 0.5402440865434174,
                "twirled": {
                    "1": [
                        -1.2789769243681803e-17
                    ],
                    "2": [
                        0.7196059979810792,
                        0.43827952400533615,
                        0.5540470768880771,
                        0.42980899350894924,
                        0.5878342394437066,
                        0.6013955545164662,
                        0.4884644297335546,
                        0.6763735378318517,
                        0.5874149066279934
                    ],
                    "3": [
                        0.6049791429945864,
                        0.7299085625826216,
                        0.672927952286835,
                        0.7133524932317582
                    ],
                    "4": [
                        0.6493381155742594,
                        0.6411987298416816,
                        0.6170931559591798,
                        0.6328547653674397,
                        0.6218436799972227,
                        0.6912188662783524,
                        0.7680273598510159
                    ],
                    "6": [
                        0.5685178811120167,
                        0.690775988076238,
                        0.7122078760826481,
                        0.6430722793203292
                    ],
                    "8": [
                        0.5700794707721443,
                        0.738761397955876,
                        0.6559294924935771
                    ],
                    "12": [
                        0.6214646517501987
                    ],
                    "24": [
                        0.6171739324437494
                    ]
                }
            }
        }
    }
}