{
    "4": {
        "5": {
            "10": {
                "original": 0.72624965695068,
                "twirled": {
                    "1": [
                        0.7258722916450284
                    ],
                    "2": [
                        0.7285211326786267,
                        0.6018076108791035,
                        0.7286809054463176,
                        0.7651693436893809,
                        0.766772059771971,
                        0.6631758090606783,
                        0.7664205717386174,
                        0.6679893594071303,
                        0.7666297463779653
                    ],
                    "3": [
                        0.7379333241064727,
                        0.7385029836775009,
                        0.7372494228498501,
                        0.7350256892822015
                    ],
                    "4": [
                        0.5874380251251274,
                        0.782723587713229,
                        0.7827784199483686,
                        0.6049256491738761,
                        0.7522845026893584,
                        0.5891600093858292,
                        0.7547816307065386
                    ],
                    "6": [
                        0.7358259084396316,
                        0.7364073254732112,
                        0.7344473629277989,
                        0.7358700812409841
                    ],
                    "8": [
                        0.7593181153018909,
                        0.757355457767754,
                        0.5890662957285482
                    ],
                    "12": [
                        0.7104652632134608
                    ],
                    "24": [
                        0.7167191378394651
                    ]
                }
            }
        }
    }
}