{
    "4": {
        "1": {
            "14": {
                "original": 0.5119368225176981,
                "twirled": {
                    "1": [
                        0.5065726494077499
                    ],
                    "2": [
                        0.7593282546494609,
                        0.7097412525798587,
                        0.7502687930048718,
                        0.6842752642802526,
                        0.6801367009094129,
                        0.705914233410312,
                        0.6791251562934939,
                        0.6548541201567785,
                        0.6873990564331254
                    ],
                    "3": [
                        0.685927514868045,
                        0.6745382800827058,
                        0.7070602982017344,
                        0.6786146758377274
                    ],
                    "4": [
                        0.726257855406111,
                        0.7092794854391974,
                        0.7122488664023331,
                        0.6286683792373156,
                        0.723347170842845,
                        0.647729185573283,
                        0.7233226592039708
                    ],
                    "6": [
                        0.6808022458392332,
                        0.6693566560763801,
                        0.6536634157466142,
                        0.6914520723977711
                    ],
                    "8": [
                        0.7030389763422094,
                        0.6976118449806048,
                        0.6204223516183132
                    ],
                    "12": [
                        0.6223688076009878
                    ],
                    "24": [
                        0.6179313868894315
                    ]
                }
            }
        }
    }
}