{
    "4": {
        "4": {
            "11": {
                "original": 0.7822891317427441,
                "twirled": {
                    "1": [
                        2.3270274596143282e-17
                    ],
                    "2": [
                        0.8235173494403998,
                        0.40219009595815197,
                        0.8234378649296503,
                        0.4968088614265029,
                        0.7999567824242126,
                        0.7866688478159509,
                        0.500464879410361,
                        0.8029239359182894,
                        0.7818705891023402
                    ],
                    "3": [
                        0.8046531648490242,
                        0.8250762020203046,
                        0.8161700857727076,
                        0.8189209901655452
                    ],
                    "4": [
                        0.8233111032837551,
                        0.8120015045878302,
                        0.8068065963211226,
                        0.7943231658696785,
                        0.8224731074444831,
                        0.8205058806136667,
                        0.8210866925781393
                    ],
                    "6": [
                        0.7852438821697867,
                        0.7982003456998077,
                        0.7986941080292791,
                        0.8007414945106304
                    ],
                    "8": [
                        0.7943918113134332,
                        0.8131504870551579,
                        0.8011026380118611
                    ],
                    "12": [
                        0.7579363057191576
                    ],
                    "24": [
                        0.7632789537252967
                    ]
                }
            }
        }
    }
}