{
    "4": {
        "4": {
            "3": {
                "original": 0.5143318925527325,
                "twirled": {
                    "1": [
                        0.5153294407089598
                    ],
                    "2": [
                        0.737218854069083,
                        0.7304679132470816,
                        0.6518588183492368,
                        0.6327570886191206,
                        0.6975143408377358,
                        0.6807040254947077,
                        0.632337795334868,
                        0.6762755420092732,
                        0.6961665118006455
                    ],
                    "3": [
                        0.7299477121173008,
                        0.7348099837740016,
                        0.7345758990939905,
                        0.7299683319998703
                    ],
                    "4": [
                        0.8296816108831124,
                        0.6953624893142395,
                        0.7173478718231283,
                        0.7403524248625343,
                        0.7668685279571953,
                        0.8042060118929895,
                        0.7982298970307872
                    ],
                    "6": [
                        0.7358260182901148,
                        0.7336862138009375,
                        0.7321174501495464,
                        0.731674487035046
                    ],
                    "8": [
                        0.7692401441865206,
                        0.7927427526623878,
                        0.8042481957247707
                    ],
                    "12": [
                        0.7416170434143659
                    ],
                    "24": [
                        0.7439235921375716
                    ]
                }
            }
        }
    }
}