{
    "4": {
        "1": {
            "14": {
                "original": 0.5106049455808237,
                "twirled": {
                    "1": [
                        0.5078063878040489
                    ],
                    "2": [
                        0.7522466835850631,
                        0.7203640645732442,
                        0.7496654423157683,
                        0.6732725769747777,
                        0.6729846049122938,
                        0.7028601700614644,
                        0.6816956497781506,
                        0.6635590808476506,
                        0.6784717177153555
                    ],
                    "3": [
                        0.6667872222660831,
                        0.6377244173122365,
                        0.6689955707614426,
                        0.6339495951983052
                    ],
                    "4": [
                        0.6829075267135907,
                        0.7101044183496557,
                        0.7162366068340248,
                        0.6337274672913705,
                        0.643602716125606,
                        0.5794198143949758,
                        0.6402460492114123
                    ],
                    "6": [
                        0.6693354414453654,
                        0.6352481986435469,
                        0.638730196794675,
                        0.6715792616398382
                    ],
                    "8": [
                        0.6407585736072818,
                        0.642973218601564,
                        0.5841038758705566
                    ],
                    "12": [
                        0.5549082852931819
                    ],
                    "24": [
                        0.5548676910602987
                    ]
                }
            }
        }
    }
}