{
    "4": {
        "1": {
            "13": {
                "original": 0.4093302736794937,
                "twirled": {
                    "1": [
                        0.40975824922224435
                    ],
                    "2": [
                        0.5048471428016541,
                        0.46830053126602417,
                        0.5094986399483963,
                        0.5103400778470143,
                        0.5094200541288675,
                        0.46942257228974593,
                        0.5130952414275735,
                        0.46761647598127454,
                        0.5104502059115669
                    ],
                    "3": [
                        0.5372786918908499,
                        0.5330009951568967,
                        0.5341509654633242,
                        0.5365120173068973
                    ],
                    "4": [
                        0.48104451587033664,
                        0.5313457507700645,
                        0.5288421898271056,
                        0.46944516797426294,
                        0.5221914720736316,
                        0.46047526130535044,
                        0.5230337883115996
                    ],
                    "6": [
                        0.537121987321332,
                        0.5392693358565487,
                        0.539056003608904,
                        0.539319816450361
                    ],
                    "8": [
                        0.5191363055271241,
                        0.5134360934125991,
                        0.46279164455563243
                    ],
                    "12": [
                        0.5140896459897366
                    ],
                    "24": [
                        0.5089957629701554
                    ]
                }
            }
        }
    }
}