{
    "4": {
        "5": {
            "2": {
                "original": 0.8088472452368627,
                "twirled": {
                    "1": [
                        -3.375077994860476e-17
                    ],
                    "2": [
                        0.8238449330882269,
                        0.7530290127389079,
                        0.8248063857152395,
                        0.49978946282638287,
                        0.8177700245900289,
                        0.7852363203394858,
                        0.5001814033024913,
                        0.7980383521895201,
                        0.7742249911213528
                    ],
                    "3": [
                        0.8138102130355547,
                        0.8180880067955483,
                        0.8220055334388254,
                        0.8221733393098277
                    ],
                    "4": [
                        0.8228813446821723,
                        0.8182425864636794,
                        0.8054550285655029,
                        0.7953323078959935,
                        0.8240167340207177,
                        0.8124045342336037,
                        0.8215406026928447
                    ],
                    "6": [
                        0.8051015626713023,
                        0.8029740326681585,
                        0.8138975451774354,
                        0.8106135631776928
                    ],
                    "8": [
                        0.8069148407805028,
                        0.8054020789354616,
                        0.7994464737753808
                    ],
                    "12": [
                        0.7788575048856282
                    ],
                    "24": [
                        0.778786054481949
                    ]
                }
            }
        }
    }
}