{
    "4": {
        "3": {
            "18": {
                "original": 0.5536399056091271,
                "twirled": {
                    "1": [
                        0.5553286611329377
                    ],
                    "2": [
                        0.7083077974458815,
                        0.7108169253558401,
                        0.7075020198447198,
                        0.683182206782723,
                        0.6853871188228812,
                        0.6460707940268121,
                        0.6835102544190815,
                        0.644261591651259,
                        0.6817805346591502
                    ],
                    "3": [
                        0.742898105295735,
                        0.7461670846010349,
                        0.7429306873094575,
                        0.7431537439235955
                    ],
                    "4": [
                        0.8096635984856206,
                        0.7259051230241257,
                        0.7237881580813414,
                        0.7023356312868348,
                        0.8016613684731657,
                        0.7827580990166614,
                        0.8008084640907897
                    ],
                    "6": [
                        0.740826313838443,
                        0.741670778679046,
                        0.7426785754788275,
                        0.7392871228541754
                    ],
                    "8": [
                        0.801469711031578,
                        0.8034548778745838,
                        0.7829876005434165
                    ],
                    "12": [
                        0.7476949496556361
                    ],
                    "24": [
                        0.7509939826819282
                    ]
                }
            }
        }
    }
}