{
    "4": {
        "2": {
            "19": {
                "original": 0.5967119595402797,
                "twirled": {
                    "1": [
                        0.5966860821894581
                    ],
                    "2": [
                        0.7734121296764893,
                        0.7723866924325573,
                        0.7774342639044107,
                        0.7283635541486304,
                        0.7292512454092441,
                        0.7247174557914599,
                        0.7320216752549207,
                        0.7294850854349348,
                        0.7301118499606228
                    ],
                    "3": [
                        0.6937489780638773,
                        0.6971529830076046,
                        0.7001801374890609,
                        0.679612997708177
                    ],
                    "4": [
                        0.7568682061791961,
                        0.7222983559172653,
                        0.7308786867648435,
                        0.6474191462988912,
                        0.7486276862673183,
                        0.6939500175069391,
                        0.7476839756593486
                    ],
                    "6": [
                        0.6965265006575413,
                        0.6821220863990772,
                        0.6973164607958979,
                        0.6987915010260776
                    ],
                    "8": [
                        0.7480344053089518,
                        0.74566733459519,
                        0.6926194878036707
                    ],
                    "12": [
                        0.6817701409920965
                    ],
                    "24": [
                        0.6802681152851303
                    ]
                }
            }
        }
    }
}