{
    "4": {
        "1": {
            "16": {
                "original": 0.17609986656756138,
                "twirled": {
                    "1": [
                        0.172777562175397
                    ],
                    "2": [
                        0.36130553829186657,
                        0.3697693897240228,
                        0.3373891461187374,
                        0.2735693762349506,
                        0.32045694485205406,
                        0.2905573320124323,
                        0.26409520293198896,
                        0.29623590344740647,
                        0.2797438847990727
                    ],
                    "3": [
                        0.45475210717634557,
                        0.45546978460848014,
                        0.4071527175998957,
                        0.4079704684202815
                    ],
                    "4": [
                        0.5436584910552118,
                        0.320282075293749,
                        0.36083865890346234,
                        0.39806198096418927,
                        0.49587471480647016,
                        0.5825541773175281,
                        0.5458122761655645
                    ],
                    "6": [
                        0.45876500820368527,
                        0.4016374111647561,
                        0.4591669836799456,
                        0.40393833587146644
                    ],
                    "8": [
                        0.4946591962439373,
                        0.5529886510134018,
                        0.5881763598059553
                    ],
                    "12": [
                        0.523839693904296
                    ],
                    "24": [
                        0.5243090198914394
                    ]
                }
            }
        }
    }
}