{
    "4": {
        "2": {
            "8": {
                "original": 0.4620880965404794,
                "twirled": {
                    "1": [
                        0.46248416825660926
                    ],
                    "2": [
                        0.7154100709123647,
                        0.6562831787831519,
                        0.638591757138606,
                        0.5898423300347412,
                        0.6296687794747169,
                        0.6060726118489677,
                        0.5979756133385262,
                        0.6414494168570725,
                        0.6493816212598608
                    ],
                    "3": [
                        0.5617983570906755,
                        0.6078322247401575,
                        0.5793879500794573,
                        0.6000707763715666
                    ],
                    "4": [
                        0.7194452525637086,
                        0.6628617784008859,
                        0.5885512422825652,
                        0.5823723324747336,
                        0.6681672177856709,
                        0.5515882953834201,
                        0.6937611215007339
                    ],
                    "6": [
                        0.5647088672628529,
                        0.6000000866583322,
                        0.6077377870095142,
                        0.5748878305186608
                    ],
                    "8": [
                        0.6685997495030213,
                        0.6961051642922182,
                        0.5495252481093176
                    ],
                    "12": [
                        0.5285462771569214
                    ],
                    "24": [
                        0.5284231161586469
                    ]
                }
            }
        }
    }
}