{
    "4": {
        "5": {
            "6": {
                "original": 0.8227269493366346,
                "twirled": {
                    "1": [
                        0.8242037243173701
                    ],
                    "2": [
                        0.8385587308784048,
                        0.83807229298133,
                        0.8355764551553176,
                        0.8071896659404866,
                        0.8072867650288257,
                        0.8065105646193967,
                        0.8065402308966267,
                        0.808049488984413,
                        0.80755952100557
                    ],
                    "3": [
                        0.8222261141271371,
                        0.8205966438726018,
                        0.8228169907984487,
                        0.8201024525407107
                    ],
                    "4": [
                        0.8652519988813258,
                        0.800242869920553,
                        0.8009724119287409,
                        0.8025863123966522,
                        0.8229021889705705,
                        0.8248158774868145,
                        0.8251696330979051
                    ],
                    "6": [
                        0.7993490335951982,
                        0.7999474677501487,
                        0.799908860443046,
                        0.8002275936888305
                    ],
                    "8": [
                        0.8178074302355681,
                        0.8267938060916081,
                        0.829990290369602
                    ],
                    "12": [
                        0.7734440431834055
                    ],
                    "24": [
                        0.7783844446703575
                    ]
                }
            }
        }
    }
}