{
    "4": {
        "1": {
            "10": {
                "original": 0.37222477163936757,
                "twirled": {
                    "1": [
                        1.1191048088221578e-17
                    ],
                    "2": [
                        5.822897719554021e-16,
                        4.67981209339996e-16,
                        4.04343225568482e-16,
                        0.3506230272753581,
                        0.33972103812746507,
                        6.863398738232718e-16,
                        0.35162130678508,
                        7.055689366097795e-16,
                        0.3470804238734379
                    ],
                    "3": [
                        0.3717989169494991,
                        0.3756542445098411,
                        0.3726647775866986,
                        0.3759372955389731
                    ],
                    "4": [
                        4.177103107849689e-16,
                        0.3099120902440619,
                        0.3116071471476677,
                        1.786304437700892e-15,
                        0.35368156213883406,
                        1.8212098495951068e-15,
                        0.349757800383939
                    ],
                    "6": [
                        0.3675458115157603,
                        0.36785888593499805,
                        0.3681555214196291,
                        0.37223025930369463
                    ],
                    "8": [
                        0.3564256258734488,
                        0.34443920825774177,
                        1.8761436848535597e-15
                    ],
                    "12": [
                        0.348884860313949
                    ],
                    "24": [
                        0.3411523293892758
                    ]
                }
            }
        }
    }
}