{
    "4": {
        "3": {
            "11": {
                "original": 0.7465141281993607,
                "twirled": {
                    "1": [
                        -2.220446049250313e-18
                    ],
                    "2": [
                        0.8214037594505078,
                        0.3940506269209608,
                        0.824550426286489,
                        0.49547821685583787,
                        0.7795943861362313,
                        0.7639161463624078,
                        0.5008375866089889,
                        0.7962780037057462,
                        0.7615358298854096
                    ],
                    "3": [
                        0.786342070520379,
                        0.8170871537685033,
                        0.8056130466505146,
                        0.8123007612881347
                    ],
                    "4": [
                        0.8194851335790821,
                        0.7947668996996099,
                        0.7962327220392681,
                        0.7847644588974725,
                        0.8137008638037317,
                        0.813439727366649,
                        0.8167757544879947
                    ],
                    "6": [
                        0.7651615257698577,
                        0.7933221879877307,
                        0.7919014861983513,
                        0.7873768257753685
                    ],
                    "8": [
                        0.7687164765385999,
                        0.8103779299629184,
                        0.7802621151681287
                    ],
                    "12": [
                        0.747543793849
                    ],
                    "24": [
                        0.7462090289604018
                    ]
                }
            }
        }
    }
}