{
    "4": {
        "2": {
            "2": {
                "original": 0.6928199150053028,
                "twirled": {
                    "1": [
                        -4.4408920985006264e-20
                    ],
                    "2": [
                        0.8048785870067353,
                        0.7344789455603346,
                        0.796681578178048,
                        0.45695341078811325,
                        0.716401659021638,
                        0.6965403275366289,
                        0.47934242028974133,
                        0.7340780478665659,
                        0.6461043010889497
                    ],
                    "3": [
                        0.7143470100227459,
                        0.7775126074455964,
                        0.8163598844203006,
                        0.7973042981695834
                    ],
                    "4": [
                        0.7493067738006205,
                        0.7567925253503417,
                        0.767710830421229,
                        0.7153819699290842,
                        0.7975676506192076,
                        0.7196663122585958,
                        0.7832837296437355
                    ],
                    "6": [
                        0.7201686300280321,
                        0.7636536821172973,
                        0.7767696860180245,
                        0.7953648818255619
                    ],
                    "8": [
                        0.739705947805071,
                        0.7175933153304384,
                        0.690447959354332
                    ],
                    "12": [
                        0.7195761331295217
                    ],
                    "24": [
                        0.7162640922542348
                    ]
                }
            }
        }
    }
}