{
    "4": {
        "5": {
            "15": {
                "original": 0.7796982287476453,
                "twirled": {
                    "1": [
                        -4.3165471197426084e-17
                    ],
                    "2": [
                        0.822206989797125,
                        0.742957630029488,
                        0.81423093267547,
                        0.8210903101045375,
                        0.8192549955963182,
                        0.6884120495464522,
                        0.8204963208027714,
                        0.6876370540039686,
                        0.8219207830654776
                    ],
                    "3": [
                        0.8243173012756261,
                        0.8230330902227222,
                        0.8211784589507158,
                        0.8224831629812286
                    ],
                    "4": [
                        0.8248872087595192,
                        0.8237137115298169,
                        0.8248374323475206,
                        0.6985985265199351,
                        0.8241851004245223,
                        0.82197769269334,
                        0.8246186840405942
                    ],
                    "6": [
                        0.8223564682941007,
                        0.8215494575569131,
                        0.8186494084163672,
                        0.8227952581397001
                    ],
                    "8": [
                        0.8202752912690683,
                        0.8253679637675374,
                        0.8236904310030719
                    ],
                    "12": [
                        0.7951405312793914
                    ],
                    "24": [
                        0.7954969607270976
                    ]
                }
            }
        }
    }
}