{
    "4": {
        "1": {
            "4": {
                "original": 0.30868719631449465,
                "twirled": {
                    "1": [
                        0.306891546907771
                    ],
                    "2": [
                        0.5507155376698957,
                        0.5371884545903314,
                        0.5178059094647278,
                        0.41997102142251397,
                        0.46745528688780424,
                        0.42920588868686727,
                        0.469569616044437,
                        0.46634196707678066,
                        0.46660809796611213
                    ],
                    "3": [
                        0.4220755754793227,
                        0.48465641682483274,
                        0.41487638889141654,
                        0.4258537116202073
                    ],
                    "4": [
                        0.5524043608291443,
                        0.4977378101753429,
                        0.435333564141416,
                        0.37518761168334797,
                        0.5192504963706521,
                        0.5326516428187772,
                        0.4536969243931153
                    ],
                    "6": [
                        0.4096512384407109,
                        0.4086215780397634,
                        0.46160506823144604,
                        0.40008985189601
                    ],
                    "8": [
                        0.508127238450553,
                        0.4376526155470934,
                        0.49376564489875435
                    ],
                    "12": [
                        0.4005216624135279
                    ],
                    "24": [
                        0.4004707451607235
                    ]
                }
            }
        }
    }
}