{
    "4": {
        "5": {
            "4": {
                "original": 0.6682485474815774,
                "twirled": {
                    "1": [
                        0.6695965520039132
                    ],
                    "2": [
                        0.8219897431670395,
                        0.8153783899047653,
                        0.7964024268947115,
                        0.7381880998254423,
                        0.7636158804057451,
                        0.7749785260728119,
                        0.7469427451515488,
                        0.7837842771613266,
                        0.7884312748727179
                    ],
                    "3": [
                        0.7625766384636098,
                        0.7767977555118794,
                        0.7724036020828668,
                        0.7736365605508474
                    ],
                    "4": [
                        0.8081573129423217,
                        0.7770353052537828,
                        0.7568042019222422,
                        0.7461584947461898,
                        0.7887893691242585,
                        0.7813887978050938,
                        0.8024368260786239
                    ],
                    "6": [
                        0.7535641410953784,
                        0.7588962992964883,
                        0.7621168147886697,
                        0.7571452969436208
                    ],
                    "8": [
                        0.7841934110441666,
                        0.8017830975199925,
                        0.7628537342824729
                    ],
                    "12": [
                        0.7426030306336148
                    ],
                    "24": [
                        0.7398466631156935
                    ]
                }
            }
        }
    }
}