{
    "4": {
        "1": {
            "9": {
                "original": 1.0,
                "twirled": {
                    "1": [
                        1.5976553413565852e-15
                    ],
                    "2": [
                        0.19093697739503993,
                        0.1909369773950401,
                        1.3847145652334803e-15,
                        0.3616359206937916,
                        0.5346693124432105,
                        0.3616359206937915,
                        0.3616359206937914,
                        0.3616359206937916,
                        0.5346693124432106
                    ],
                    "3": [
                        0.06560535379785137,
                        0.06560535379784312,
                        0.0656053537978433,
                        0.06560535379784349
                    ],
                    "4": [
                        0.000280671192630686,
                        0.1700788616294367,
                        0.29844149172761875,
                        0.17007886162943708,
                        0.00027949565437064534,
                        0.0002794956543704843,
                        0.0008279858950861953
                    ],
                    "6": [
                        0.06560535379785165,
                        0.06560535379784355,
                        0.06560535379784332,
                        0.06560535379784313
                    ],
                    "8": [
                        0.00027949565437059975,
                        0.0008279858950862227,
                        0.0002794956543704747
                    ],
                    "12": [
                        0.000827985895080786
                    ],
                    "24": [
                        0.0008279858950808322
                    ]
                }
            }
        }
    }
}