{
    "4": {
        "4": {
            "7": {
                "original": 0.5779874634638079,
                "twirled": {
                    "1": [
                        0.5768120712167067
                    ],
                    "2": [
                        0.7748790053484229,
                        0.7769835272520872,
                        0.6785524168063,
                        0.6822287894426894,
                        0.7237937735465254,
                        0.7304168429110319,
                        0.6832353409709376,
                        0.7335198825527924,
                        0.732645504717062
                    ],
                    "3": [
                        0.732049990836304,
                        0.7354371509244653,
                        0.7348717537839964,
                        0.7349369853104184
                    ],
                    "4": [
                        0.838613785043601,
                        0.7293382684527209,
                        0.7315885269343021,
                        0.7222508830166389,
                        0.7730845530943368,
                        0.8023405539614938,
                        0.8116572198924037
                    ],
                    "6": [
                        0.7335757742688869,
                        0.7336649939256533,
                        0.7358873332094279,
                        0.7347680172687638
                    ],
                    "8": [
                        0.7758892663862215,
                        0.8158717250467893,
                        0.7983412389797617
                    ],
                    "12": [
                        0.7066712581433742
                    ],
                    "24": [
                        0.7037694776224329
                    ]
                }
            }
        }
    }
}