{
    "4": {
        "1": {
            "15": {
                "original": 0.6815490685568945,
                "twirled": {
                    "1": [
                        0.6783612823716627
                    ],
                    "2": [
                        0.808070254524324,
                        0.7095901675327252,
                        0.7961351422985782,
                        0.7498712416069312,
                        0.7713944914366084,
                        0.7010231212336333,
                        0.7191457557898989,
                        0.6796624326045647,
                        0.728243211752097
                    ],
                    "3": [
                        0.6787439544917178,
                        0.680920202058097,
                        0.6789323690892788,
                        0.644116040495632
                    ],
                    "4": [
                        0.5440105649240475,
                        0.7709428567439417,
                        0.7474879988994009,
                        0.5560105250124743,
                        0.5721916669572696,
                        0.5094276057552928,
                        0.5963628653044684
                    ],
                    "6": [
                        0.6809618314478925,
                        0.64823407685898,
                        0.6797024803127395,
                        0.6762413001629098
                    ],
                    "8": [
                        0.5672954337465412,
                        0.5920699874422842,
                        0.5034397746600198
                    ],
                    "12": [
                        0.574758589400566
                    ],
                    "24": [
                        0.5756093201890335
                    ]
                }
            }
        }
    }
}