{
    "4": {
        "5": {
            "17": {
                "original": 0.6658008036250311,
                "twirled": {
                    "1": [
                        0.6667876915445616
                    ],
                    "2": [
                        0.8196892260163208,
                        0.8162873225395816,
                        0.7982535456412733,
                        0.7339734422955742,
                        0.7602238910327745,
                        0.7744001268755517,
                        0.7421290277544407,
                        0.778496053180518,
                        0.787635293019777
                    ],
                    "3": [
                        0.7658075014140009,
                        0.7744864348922041,
                        0.7739729908114337,
                        0.776453695484138
                    ],
                    "4": [
                        0.8314155030087305,
                        0.7764042726768592,
                        0.7567904592379067,
                        0.7701745044310081,
                        0.7921259526876915,
                        0.7814559810121383,
                        0.8156536197253595
                    ],
                    "6": [
                        0.7480516948305808,
                        0.7569979411968606,
                        0.7628176286974373,
                        0.7589604028455164
                    ],
                    "8": [
                        0.7870068740420572,
                        0.8115308042241386,
                        0.7605096985946547
                    ],
                    "12": [
                        0.7428600208382888
                    ],
                    "24": [
                        0.7443863944933049
                    ]
                }
            }
        }
    }
}