{
    "4": {
        "2": {
            "14": {
                "original": 0.7073219355463675,
                "twirled": {
                    "1": [
                        0.7063016166414762
                    ],
                    "2": [
                        0.8255093868070262,
                        0.8154100701007995,
                        0.8259104807987687,
                        0.7851459138347635,
                        0.7832962191489105,
                        0.7922832957977658,
                        0.7827750831170988,
                        0.7773112933413465,
                        0.7868438307876134
                    ],
                    "3": [
                        0.7622513174054351,
                        0.7546798517563119,
                        0.7623510636634777,
                        0.7532876164481469
                    ],
                    "4": [
                        0.8084588740821936,
                        0.7859283929980958,
                        0.7881446934095354,
                        0.7545518972413914,
                        0.7799839758448858,
                        0.7088306900995153,
                        0.7778000519893088
                    ],
                    "6": [
                        0.7630356159791676,
                        0.7533229086614521,
                        0.7524418916724704,
                        0.7647368505910576
                    ],
                    "8": [
                        0.7796523305861016,
                        0.7809216436874887,
                        0.7103496076730745
                    ],
                    "12": [
                        0.698705653175811
                    ],
                    "24": [
                        0.7064170253973336
                    ]
                }
            }
        }
    }
}