{
    "4": {
        "2": {
            "4": {
                "original": 0.4672785460846598,
                "twirled": {
                    "1": [
                        0.46600054493080445
                    ],
                    "2": [
                        0.7140054284536197,
                        0.6960295065745553,
                        0.6574322632800259,
                        0.5786436897339213,
                        0.6245668920386296,
                        0.6101680500172902,
                        0.615256293882802,
                        0.6377728157665646,
                        0.6572633076831509
                    ],
                    "3": [
                        0.6074194467224365,
                        0.6496816030296966,
                        0.6081141240370241,
                        0.6210438127206798
                    ],
                    "4": [
                        0.6658666352874415,
                        0.6517512900253661,
                        0.5952446807540359,
                        0.5513043386349051,
                        0.6569473955856865,
                        0.6594240713084455,
                        0.6657363100953158
                    ],
                    "6": [
                        0.5971516152640964,
                        0.6092143305984175,
                        0.6334010920501347,
                        0.5946268042885512
                    ],
                    "8": [
                        0.6468665973703837,
                        0.659476213967206,
                        0.6233964290537658
                    ],
                    "12": [
                        0.6119086931986454
                    ],
                    "24": [
                        0.6090541497231086
                    ]
                }
            }
        }
    }
}