{
    "4": {
        "5": {
            "18": {
                "original": 0.6976439570108947,
                "twirled": {
                    "1": [
                        0.6945674309925052
                    ],
                    "2": [
                        0.7962739002395816,
                        0.7926522460401582,
                        0.7965412429936553,
                        0.7731396642508493,
                        0.7747697948544948,
                        0.7465695345201616,
                        0.7735305875808989,
                        0.7483076219938596,
                        0.7736206195077547
                    ],
                    "3": [
                        0.7722691292454198,
                        0.7728704290966222,
                        0.7716202873170598,
                        0.7742343777310734
                    ],
                    "4": [
                        0.8539531833741619,
                        0.7852041343923623,
                        0.7838251340867806,
                        0.7709975105719709,
                        0.8210436195380908,
                        0.8161075710163502,
                        0.8191577570567555
                    ],
                    "6": [
                        0.773154204571703,
                        0.772462220549812,
                        0.773331146242411,
                        0.7739744079082238
                    ],
                    "8": [
                        0.8178567151345874,
                        0.8185886495504536,
                        0.8129028104639663
                    ],
                    "12": [
                        0.7514618978461359
                    ],
                    "24": [
                        0.7479527815242262
                    ]
                }
            }
        }
    }
}