{
    "4": {
        "5": {
            "5": {
                "original": 0.7995150819073419,
                "twirled": {
                    "1": [
                        0.7997258848841297
                    ],
                    "2": [
                        0.8179844863144561,
                        0.8161484924063342,
                        0.815941500501714,
                        0.7802653084780206,
                        0.7818786395329298,
                        0.7812263041858624,
                        0.7816394999446753,
                        0.7820585768261511,
                        0.7814768963682073
                    ],
                    "3": [
                        0.7282541801381319,
                        0.7299865191493332,
                        0.7296041131113056,
                        0.7268829041207002
                    ],
                    "4": [
                        0.8471223347878575,
                        0.7625233232063989,
                        0.7584905675624923,
                        0.762890074579316,
                        0.782258303522144,
                        0.7821358899936196,
                        0.7819100572062486
                    ],
                    "6": [
                        0.7273666502785925,
                        0.735173712650566,
                        0.7253687782001895,
                        0.7297659013654743
                    ],
                    "8": [
                        0.780886427675751,
                        0.783543426254949,
                        0.7795698088012817
                    ],
                    "12": [
                        0.6372531551496898
                    ],
                    "24": [
                        0.6388958204895623
                    ]
                }
            }
        }
    }
}