{
    "4": {
        "2": {
            "19": {
                "original": 0.5983005221982582,
                "twirled": {
                    "1": [
                        0.59667403937171
                    ],
                    "2": [
                        0.7762448348151938,
                        0.769192730045258,
                        0.7817238513977379,
                        0.7268326607694208,
                        0.7300998413786353,
                        0.7227130714128914,
                        0.7344658168179885,
                        0.7259282346877803,
                        0.7301725573937684
                    ],
                    "3": [
                        0.7131553687749523,
                        0.7163610035930122,
                        0.7206591618682654,
                        0.7033810375514277
                    ],
                    "4": [
                        0.7640061278660333,
                        0.7237318444235954,
                        0.7280475160732163,
                        0.6483999206371759,
                        0.7522711900842852,
                        0.7180281742659274,
                        0.7535407661217691
                    ],
                    "6": [
                        0.7034651080779774,
                        0.6898549442702734,
                        0.7056151445566583,
                        0.7028674601989006
                    ],
                    "8": [
                        0.7466221450114036,
                        0.7458769627670114,
                        0.6917259012849952
                    ],
                    "12": [
                        0.6834200592224933
                    ],
                    "24": [
                        0.6825754146161713
                    ]
                }
            }
        }
    }
}