{
    "4": {
        "4": {
            "19": {
                "original": 0.7627021289207175,
                "twirled": {
                    "1": [
                        0.7620837443289735
                    ],
                    "2": [
                        0.8336931295140148,
                        0.8259138433136379,
                        0.8332420191180406,
                        0.799344687960588,
                        0.7985079459972153,
                        0.7990957094854549,
                        0.8022501468556923,
                        0.7977526405201033,
                        0.8016796630155029
                    ],
                    "3": [
                        0.7899927629419129,
                        0.7933265108740536,
                        0.7919190833424303,
                        0.7902659167318161
                    ],
                    "4": [
                        0.8438492600661213,
                        0.7935573998388484,
                        0.7936636224904202,
                        0.7645221030455881,
                        0.8107949730494431,
                        0.7886281923791123,
                        0.8176330069759106
                    ],
                    "6": [
                        0.7782979663290397,
                        0.7744381181064962,
                        0.7732482623872963,
                        0.7775550254694141
                    ],
                    "8": [
                        0.8099491175866507,
                        0.8085796752891489,
                        0.7794588343570901
                    ],
                    "12": [
                        0.748917302990901
                    ],
                    "24": [
                        0.7522379524664174
                    ]
                }
            }
        }
    }
}