{
    "4": {
        "4": {
            "3": {
                "original": 0.5124828518118965,
                "twirled": {
                    "1": [
                        0.5181190066699949
                    ],
                    "2": [
                        0.742966941340257,
                        0.7348176950673098,
                        0.6446018995185562,
                        0.6331723888886177,
                        0.6975433231117291,
                        0.6785699924900149,
                        0.6313541382503707,
                        0.6764848835976444,
                        0.6918142625312537
                    ],
                    "3": [
                        0.732791085681753,
                        0.7314647019920055,
                        0.7336023999453201,
                        0.7341533874342635
                    ],
                    "4": [
                        0.8321462008904482,
                        0.6934872326667121,
                        0.714520288800682,
                        0.7337066167208514,
                        0.7656699443842603,
                        0.80710132766372,
                        0.7950858019592679
                    ],
                    "6": [
                        0.7331871763025242,
                        0.7374778632453947,
                        0.7328886832107316,
                        0.7351845504236153
                    ],
                    "8": [
                        0.7644857265808064,
                        0.7913752608861555,
                        0.8094547963257348
                    ],
                    "12": [
                        0.7406304983004944
                    ],
                    "24": [
                        0.7392591097296817
                    ]
                }
            }
        }
    }
}