{
    "4": {
        "2": {
            "8": {
                "original": 0.4639689916237895,
                "twirled": {
                    "1": [
                        0.46396781404960746
                    ],
                    "2": [
                        0.7176393149700285,
                        0.6693812351694407,
                        0.6369759166874448,
                        0.5902103649111157,
                        0.6365680441531023,
                        0.6060881636563465,
                        0.6011131984256316,
                        0.6452034602846366,
                        0.644401199245625
                    ],
                    "3": [
                        0.5833667820789593,
                        0.626113309096386,
                        0.5966799359449295,
                        0.6179798191413556
                    ],
                    "4": [
                        0.713850388206964,
                        0.6576559350857425,
                        0.5906383773884074,
                        0.5869793557385345,
                        0.665640147554955,
                        0.5979787305468978,
                        0.7029186902948494
                    ],
                    "6": [
                        0.5728063777005987,
                        0.6011919761004859,
                        0.6176247679733831,
                        0.5790236371020646
                    ],
                    "8": [
                        0.6650293412550986,
                        0.6943376007996088,
                        0.5582601164547861
                    ],
                    "12": [
                        0.5223864074571645
                    ],
                    "24": [
                        0.5314257401641785
                    ]
                }
            }
        }
    }
}