{
    "4": {
        "1": {
            "13": {
                "original": 0.4038406916860796,
                "twirled": {
                    "1": [
                        0.4041032778368095
                    ],
                    "2": [
                        0.5080777918424586,
                        0.47178464701740874,
                        0.5077923200933838,
                        0.5133126312275879,
                        0.5139045940009087,
                        0.47105330994530725,
                        0.5122866266626769,
                        0.46405380197371815,
                        0.512248041040624
                    ],
                    "3": [
                        0.5374989477143506,
                        0.5344057536670963,
                        0.5411928528552296,
                        0.5417860654321371
                    ],
                    "4": [
                        0.47880766983648243,
                        0.5308862256681088,
                        0.5309965288867553,
                        0.46353450689514564,
                        0.5140341195803007,
                        0.4632200313014203,
                        0.5228420612962492
                    ],
                    "6": [
                        0.5320254299186062,
                        0.5368078861635558,
                        0.540225005272147,
                        0.5377953923819375
                    ],
                    "8": [
                        0.5310501745607806,
                        0.5166451603421396,
                        0.46405774884140527
                    ],
                    "12": [
                        0.5138603431956111
                    ],
                    "24": [
                        0.5121120836517626
                    ]
                }
            }
        }
    }
}