{
    "4": {
        "1": {
            "3": {
                "original": 0.17445943558695245,
                "twirled": {
                    "1": [
                        0.17308551096450653
                    ],
                    "2": [
                        0.3639381826631481,
                        0.36652864218444586,
                        0.3414113647202992,
                        0.27544627230258445,
                        0.3166574448380636,
                        0.2906220918559358,
                        0.2736471389662761,
                        0.2889752339779177,
                        0.28166574643832337
                    ],
                    "3": [
                        0.45532703887793696,
                        0.4531193658801053,
                        0.4019772760618771,
                        0.402332870964227
                    ],
                    "4": [
                        0.5493730792492449,
                        0.3198341323393964,
                        0.35471599533114057,
                        0.39578743067577055,
                        0.49981548662154435,
                        0.5845604555826386,
                        0.5438359035099081
                    ],
                    "6": [
                        0.4558872350811337,
                        0.40679642213531525,
                        0.45240790162966305,
                        0.40166937990808166
                    ],
                    "8": [
                        0.5002827575953863,
                        0.5539819848362657,
                        0.5842289224842193
                    ],
                    "12": [
                        0.5221811683660297
                    ],
                    "24": [
                        0.5303765689881258
                    ]
                }
            }
        }
    }
}