{
    "4": {
        "1": {
            "4": {
                "original": 0.3119362636566242,
                "twirled": {
                    "1": [
                        0.3137607145003599
                    ],
                    "2": [
                        0.5413634749824033,
                        0.5413770211675979,
                        0.5107914857209487,
                        0.4208255894192469,
                        0.46113570962405437,
                        0.42858168523230095,
                        0.4621254639556943,
                        0.4673040643773472,
                        0.4632975010442544
                    ],
                    "3": [
                        0.40120897388945875,
                        0.471417496496278,
                        0.40410887457427513,
                        0.41409304537681246
                    ],
                    "4": [
                        0.5546694145515237,
                        0.4949384232979932,
                        0.4229835713869751,
                        0.3765412311822856,
                        0.5216127191485419,
                        0.4966245749262328,
                        0.4522885998229654
                    ],
                    "6": [
                        0.40065911194874065,
                        0.41134041183516956,
                        0.466222772393638,
                        0.4047740289900924
                    ],
                    "8": [
                        0.5228805004263706,
                        0.4433194254592822,
                        0.5062678419615187
                    ],
                    "12": [
                        0.4080670480044261
                    ],
                    "24": [
                        0.41393555007528104
                    ]
                }
            }
        }
    }
}