{
    "4": {
        "5": {
            "11": {
                "original": 0.8027053600314461,
                "twirled": {
                    "1": [
                        0.8006996072488944
                    ],
                    "2": [
                        0.8315205170238671,
                        0.8265310561989776,
                        0.8083060502658939,
                        0.7905488489347511,
                        0.7935978383607875,
                        0.7729819933477832,
                        0.7947197289501428,
                        0.7881570037829113,
                        0.791747255299687
                    ],
                    "3": [
                        0.739542582231151,
                        0.7561432374671991,
                        0.7294052131315615,
                        0.7414561457018987
                    ],
                    "4": [
                        0.8310070245180494,
                        0.7858874516838972,
                        0.7487602592688974,
                        0.7592189458687487,
                        0.7760205726175451,
                        0.6739178508393631,
                        0.8077940133647084
                    ],
                    "6": [
                        0.7390186566622389,
                        0.7405835498277101,
                        0.7524286524376615,
                        0.7295843626495742
                    ],
                    "8": [
                        0.7751169584491269,
                        0.8114534695576731,
                        0.6761758332418375
                    ],
                    "12": [
                        0.6885791290317202
                    ],
                    "24": [
                        0.6861662743679601
                    ]
                }
            }
        }
    }
}