{
    "4": {
        "3": {
            "7": {
                "original": 0.514242139049894,
                "twirled": {
                    "1": [
                        0.5036608641800586
                    ],
                    "2": [
                        0.7211250488002215,
                        0.7279071906445852,
                        0.6164622659233787,
                        0.6199650385601017,
                        0.6676174620771016,
                        0.6719666154868414,
                        0.625223500612159,
                        0.6752371843688595,
                        0.6705339925939102
                    ],
                    "3": [
                        0.6856509487115474,
                        0.691452423762746,
                        0.6897959404094498,
                        0.6872060858913915
                    ],
                    "4": [
                        0.8016219000907451,
                        0.6704097470331849,
                        0.6868200398521869,
                        0.6608497852557246,
                        0.7350798428681639,
                        0.7709646166077423,
                        0.7964139891521144
                    ],
                    "6": [
                        0.6885397899852249,
                        0.6914014047243624,
                        0.6873998044240802,
                        0.6845304236346211
                    ],
                    "8": [
                        0.7432485177059666,
                        0.7991376148712775,
                        0.7650838722178235
                    ],
                    "12": [
                        0.6569656448753736
                    ],
                    "24": [
                        0.6600367129826633
                    ]
                }
            }
        }
    }
}