{
    "4": {
        "3": {
            "12": {
                "original": 0.6651468119957855,
                "twirled": {
                    "1": [
                        1.7408297026122454e-17
                    ],
                    "2": [
                        0.3944771442560336,
                        0.40378504447115915,
                        1.347677525131985e-15,
                        0.4486268792930859,
                        0.6936096332377171,
                        0.7496760235223847,
                        0.45566883966876864,
                        0.7495811954019198,
                        0.7291609309120536
                    ],
                    "3": [
                        0.7540834734349747,
                        0.7545321571547436,
                        0.7751843555236758,
                        0.7747148547695125
                    ],
                    "4": [
                        0.4981342920665038,
                        0.6212450866554529,
                        0.7114841790336637,
                        0.7707372894702189,
                        0.7167495226327475,
                        0.8178104819605779,
                        0.8174717960323452
                    ],
                    "6": [
                        0.7576602857943991,
                        0.7744052866398647,
                        0.7598506566284285,
                        0.774567342425687
                    ],
                    "8": [
                        0.7169463108599698,
                        0.8157582711831697,
                        0.8192722344879539
                    ],
                    "12": [
                        0.7523452821663649
                    ],
                    "24": [
                        0.7505753018956781
                    ]
                }
            }
        }
    }
}