{
    "4": {
        "3": {
            "9": {
                "original": 1.0,
                "twirled": {
                    "1": [
                        1.0000000000000002
                    ],
                    "2": [
                        0.9421796379168058,
                        0.9413582523411713,
                        1.0000000000000002,
                        0.8311520484487103,
                        0.8927497855335523,
                        0.8372148230709414,
                        0.8314209111811548,
                        0.8370403404142522,
                        0.9065093117163269
                    ],
                    "3": [
                        0.8322163885444869,
                        0.8324686132216835,
                        0.8089556801503455,
                        0.8087155102555362
                    ],
                    "4": [
                        0.9425186350105415,
                        0.8412062272027808,
                        0.9002811358077837,
                        0.8032126396321317,
                        0.8504084905990094,
                        0.8914210503914155,
                        0.7328409815290233
                    ],
                    "6": [
                        0.8331683066830514,
                        0.8074407153644185,
                        0.8307074273890849,
                        0.8086506163297961
                    ],
                    "8": [
                        0.8524679708396646,
                        0.7292240905173544,
                        0.8919454436946666
                    ],
                    "12": [
                        0.7260936109060132
                    ],
                    "24": [
                        0.7296044842781744
                    ]
                }
            }
        }
    }
}