{
    "4": {
        "3": {
            "13": {
                "original": 0.7276550611880405,
                "twirled": {
                    "1": [
                        0.7254235580924392
                    ],
                    "2": [
                        0.7812860199833733,
                        0.7711486213282824,
                        0.7799991518614694,
                        0.7787773224515583,
                        0.7765499305521135,
                        0.7494190819581578,
                        0.7790463621522046,
                        0.7512595241397677,
                        0.7769060654038139
                    ],
                    "3": [
                        0.7566869909318514,
                        0.7583070993572941,
                        0.7561784580817714,
                        0.7539655661376351
                    ],
                    "4": [
                        0.7840598932606294,
                        0.7772938263561894,
                        0.7770604800174554,
                        0.7409446391727944,
                        0.7814324195109948,
                        0.7380889256688736,
                        0.7844523871142458
                    ],
                    "6": [
                        0.7567673352570812,
                        0.7543819297683683,
                        0.7553075843554874,
                        0.7539810953373223
                    ],
                    "8": [
                        0.7809495038538977,
                        0.7867975890120329,
                        0.7353136185706244
                    ],
                    "12": [
                        0.7169347015695821
                    ],
                    "24": [
                        0.7234579892753962
                    ]
                }
            }
        }
    }
}