{
    "4": {
        "1": {
            "17": {
                "original": 0.2944013799354486,
                "twirled": {
                    "1": [
                        0.29654432227688915
                    ],
                    "2": [
                        0.5543504487097106,
                        0.504133006563286,
                        0.4689495966936236,
                        0.41670712573874114,
                        0.4595434171638429,
                        0.42703815650379146,
                        0.4559753099020282,
                        0.4606739250454541,
                        0.44766738338718587
                    ],
                    "3": [
                        0.403443387813525,
                        0.4970248148908665,
                        0.4003024665051803,
                        0.4164686885915396
                    ],
                    "4": [
                        0.5539781190876474,
                        0.5002203430496223,
                        0.41434834176151825,
                        0.4194988223754885,
                        0.5161905147746694,
                        0.5282724108514596,
                        0.4715107843572593
                    ],
                    "6": [
                        0.3713576923291614,
                        0.4006562362997268,
                        0.48630951342654044,
                        0.38013954534469074
                    ],
                    "8": [
                        0.510414995938234,
                        0.4593641390946311,
                        0.49665279182965716
                    ],
                    "12": [
                        0.40018118441514755
                    ],
                    "24": [
                        0.4012905405477025
                    ]
                }
            }
        }
    }
}