{
    "4": {
        "4": {
            "10": {
                "original": 0.7032155674252438,
                "twirled": {
                    "1": [
                        0.7040928266157522
                    ],
                    "2": [
                        0.7125682907982317,
                        0.5909289590286747,
                        0.7090492833084688,
                        0.7396550435208976,
                        0.73636562416602,
                        0.6433053720035409,
                        0.7380348845906688,
                        0.6416830825707098,
                        0.738453114706654
                    ],
                    "3": [
                        0.7093874375320994,
                        0.7144270681601608,
                        0.7116773780480843,
                        0.7124970573428727
                    ],
                    "4": [
                        0.566117158823033,
                        0.7556057588085573,
                        0.7543660805202002,
                        0.5877828854774722,
                        0.7324644339912956,
                        0.5613581639334064,
                        0.736828306095837
                    ],
                    "6": [
                        0.7126604071058698,
                        0.7117288601918177,
                        0.7124586413630631,
                        0.7131751661290191
                    ],
                    "8": [
                        0.7307010917381773,
                        0.7319556836810978,
                        0.5683902846446306
                    ],
                    "12": [
                        0.6825900863239667
                    ],
                    "24": [
                        0.6808415085116614
                    ]
                }
            }
        }
    }
}