{
    "4": {
        "3": {
            "19": {
                "original": 0.708657057558847,
                "twirled": {
                    "1": [
                        0.7063902757958029
                    ],
                    "2": [
                        0.8168641772273032,
                        0.8138372999924978,
                        0.8198412844511677,
                        0.7833217786726436,
                        0.783735391598188,
                        0.7807543672315943,
                        0.7833263979924148,
                        0.7814314856260325,
                        0.7833843116859219
                    ],
                    "3": [
                        0.7512096966233487,
                        0.749082767217695,
                        0.7521994877014531,
                        0.7449526909724186
                    ],
                    "4": [
                        0.8171228300521208,
                        0.7762700078843799,
                        0.7761089033863634,
                        0.7275299146740973,
                        0.793075347971375,
                        0.7465951828437049,
                        0.7916830908321209
                    ],
                    "6": [
                        0.7547514441319643,
                        0.7456158526481406,
                        0.7505625576982604,
                        0.7530418325040306
                    ],
                    "8": [
                        0.795308892887812,
                        0.7921192623910631,
                        0.7495203395893105
                    ],
                    "12": [
                        0.7270666012273248
                    ],
                    "24": [
                        0.7283504693547577
                    ]
                }
            }
        }
    }
}