{
    "4": {
        "2": {
            "7": {
                "original": 0.4021951346998106,
                "twirled": {
                    "1": [
                        0.39828779068705084
                    ],
                    "2": [
                        0.6269206106941799,
                        0.6377203639677468,
                        0.5362504558180685,
                        0.5232706944712713,
                        0.5663771494421272,
                        0.5639764655466664,
                        0.5256636483273021,
                        0.5616841060690078,
                        0.5562547012183501
                    ],
                    "3": [
                        0.5975593274721941,
                        0.598410749295182,
                        0.5934107050951326,
                        0.591736380179484
                    ],
                    "4": [
                        0.7393284798478095,
                        0.5654780221023552,
                        0.5907401294529923,
                        0.5603221806485722,
                        0.6717335998874172,
                        0.6925088299734042,
                        0.7544647663629842
                    ],
                    "6": [
                        0.5975862717993589,
                        0.5904434226347013,
                        0.5964603521574466,
                        0.594819673817885
                    ],
                    "8": [
                        0.6686865744383422,
                        0.752694061231608,
                        0.6918309591461207
                    ],
                    "12": [
                        0.5738419909305779
                    ],
                    "24": [
                        0.578309885037962
                    ]
                }
            }
        }
    }
}