{
    "4": {
        "2": {
            "1": {
                "original": 2.0117241206207837e-17,
                "twirled": {
                    "1": [
                        1.9806378759312793e-17
                    ],
                    "2": [
                        6.217248937900877e-18,
                        -1.5232259897857146e-17,
                        2.1049828546892967e-17,
                        -2.6201263381153694e-18,
                        4.3165471197426084e-17,
                        1.48769885299771e-17,
                        3.557154570899002e-17,
                        4.7961634663806765e-18,
                        2.3581137043038326e-17
                    ],
                    "3": [
                        3.610445276081009e-17,
                        9.192646643896296e-18,
                        1.2878587085651817e-17,
                        1.3233858453531866e-17
                    ],
                    "4": [
                        -1.5987211554602254e-18,
                        1.9184653865522706e-17,
                        1.48769885299771e-17,
                        3.8413716652030413e-17,
                        1.2434497875801753e-18,
                        -7.416289804496045e-18,
                        -1.829647544582258e-17
                    ],
                    "6": [
                        1.3855583347321953e-17,
                        4.565237077258644e-17,
                        3.286260152890463e-17,
                        3.9968028886505634e-19
                    ],
                    "8": [
                        1.9539925233402756e-18,
                        -1.9673151996357773e-17,
                        7.549516567451065e-18
                    ],
                    "12": [
                        1.4299672557172016e-17
                    ],
                    "24": [
                        2.917666108714911e-17
                    ]
                }
            }
        }
    }
}