{
    "4": {
        "5": {
            "13": {
                "original": 0.7991915328596685,
                "twirled": {
                    "1": [
                        0.7974898631881557
                    ],
                    "2": [
                        0.826798314320233,
                        0.8230395699889074,
                        0.82522757853243,
                        0.8034168753607757,
                        0.8026938075010909,
                        0.7974676010197979,
                        0.8045518548966671,
                        0.7963955412831553,
                        0.8059268783328606
                    ],
                    "3": [
                        0.7762619082921166,
                        0.7779195342709493,
                        0.7753089771847582,
                        0.7751591746895606
                    ],
                    "4": [
                        0.8455617304476293,
                        0.7959346297872713,
                        0.8001991259380086,
                        0.7885212483283704,
                        0.8150779656217707,
                        0.8008183623212785,
                        0.8153699905736537
                    ],
                    "6": [
                        0.7752345056429103,
                        0.7744683052351272,
                        0.7759495124296685,
                        0.7737073164921174
                    ],
                    "8": [
                        0.8173028979310573,
                        0.8156811775492121,
                        0.8027149635418528
                    ],
                    "12": [
                        0.7472434681694976
                    ],
                    "24": [
                        0.7476108830718523
                    ]
                }
            }
        }
    }
}