{
    "4": {
        "4": {
            "16": {
                "original": 0.5158644157285326,
                "twirled": {
                    "1": [
                        0.5193136172881052
                    ],
                    "2": [
                        0.7425100229559947,
                        0.7326664563721836,
                        0.6462882010603129,
                        0.6329588373314224,
                        0.7001442796826923,
                        0.679704540224783,
                        0.6321422479826829,
                        0.6799089874028005,
                        0.6914614574517144
                    ],
                    "3": [
                        0.7316604161194615,
                        0.731916970624158,
                        0.7293999454351637,
                        0.7301372774372586
                    ],
                    "4": [
                        0.8304522774796084,
                        0.6941749648425171,
                        0.7129730167309353,
                        0.7349278202298145,
                        0.7672846116657709,
                        0.8067688940992125,
                        0.7942482298672139
                    ],
                    "6": [
                        0.7339976175744719,
                        0.7304412537731843,
                        0.7310583987919972,
                        0.7306592431670101
                    ],
                    "8": [
                        0.7658008351711049,
                        0.7948588273111081,
                        0.8117381590031565
                    ],
                    "12": [
                        0.742849485505491
                    ],
                    "24": [
                        0.7389557354154298
                    ]
                }
            }
        }
    }
}