{
    "4": {
        "2": {
            "1": {
                "original": 2.1138646388862982e-17,
                "twirled": {
                    "1": [
                        3.035793838535028e-16
                    ],
                    "2": [
                        2.2115642650533117e-17,
                        6.217248937900877e-19,
                        1.6275869541004796e-17,
                        2.070787985530842e-16,
                        1.8469670237664104e-16,
                        1.9315660182428474e-16,
                        1.7277290709216686e-16,
                        1.8687273950490635e-16,
                        1.5396572905501671e-16
                    ],
                    "3": [
                        7.038813976123493e-17,
                        6.938893903907228e-17,
                        6.499245586155667e-17,
                        5.220268661787486e-17
                    ],
                    "4": [
                        2.5135449277513543e-17,
                        3.077538224260934e-17,
                        -1.099120794378905e-17,
                        1.6475709685437324e-17,
                        1.525446435834965e-17,
                        1.496580637194711e-17,
                        2.4202861936828413e-18
                    ],
                    "6": [
                        1.1060041771315809e-16,
                        6.157296894571118e-17,
                        1.0180745135812686e-16,
                        6.09956529729061e-17
                    ],
                    "8": [
                        -1.4210854715202004e-18,
                        2.7711166694643906e-17,
                        4.858335955759685e-17
                    ],
                    "12": [
                        -3.907985046680551e-18
                    ],
                    "24": [
                        -9.747758156208875e-18
                    ]
                }
            }
        }
    }
}