{
    "4": {
        "3": {
            "15": {
                "original": 0.7741192267677804,
                "twirled": {
                    "1": [
                        0.7733821414758615
                    ],
                    "2": [
                        0.8363547020013552,
                        0.8351456051533469,
                        0.8356753677244038,
                        0.8078443708592027,
                        0.8077181793323998,
                        0.8059208583422741,
                        0.8054251424493069,
                        0.8042069224392646,
                        0.8069421775483981
                    ],
                    "3": [
                        0.7770673429824277,
                        0.7789585812409364,
                        0.7766738291893733,
                        0.7736514418687187
                    ],
                    "4": [
                        0.8016542612998903,
                        0.8014657567071894,
                        0.7997757774636896,
                        0.7780683810869063,
                        0.7948800076986163,
                        0.7677825359242381,
                        0.7934329872450735
                    ],
                    "6": [
                        0.7742250440197519,
                        0.7744382786757422,
                        0.7765026842753817,
                        0.7763684718304439
                    ],
                    "8": [
                        0.7936669031730029,
                        0.7972993634484148,
                        0.7655684871859346
                    ],
                    "12": [
                        0.7357478549995529
                    ],
                    "24": [
                        0.7372173842408174
                    ]
                }
            }
        }
    }
}