{
    "4": {
        "5": {
            "1": {
                "original": 2.0827783941967935e-17,
                "twirled": {
                    "1": [
                        1.3874457138740581e-15
                    ],
                    "2": [
                        3.608224830031759e-17,
                        -8.72635297355373e-18,
                        -4.4919623576333835e-17,
                        7.009948177483238e-16,
                        6.941114349956478e-16,
                        6.812328479099961e-16,
                        7.103651000761601e-16,
                        7.16715575777016e-16,
                        7.135847468475731e-16
                    ],
                    "3": [
                        3.132605286282342e-16,
                        3.213207477870128e-16,
                        3.628430889079937e-16,
                        3.6599612229792913e-16
                    ],
                    "4": [
                        8.681944052568725e-18,
                        1.5343282200319662e-17,
                        1.645350522494482e-17,
                        8.948397578478762e-18,
                        -4.163336342344337e-17,
                        4.354294702579864e-17,
                        -2.6201263381153694e-18
                    ],
                    "6": [
                        3.9168668308775523e-16,
                        3.384847957477177e-16,
                        3.579803120601355e-16,
                        3.510969293074595e-16
                    ],
                    "8": [
                        -1.3411494137471892e-17,
                        2.1094237467877975e-17,
                        6.235012506294879e-17
                    ],
                    "12": [
                        1.1546319456101627e-17
                    ],
                    "24": [
                        -3.7192471324942746e-17
                    ]
                }
            }
        }
    }
}