{
    "4": {
        "5": {
            "5": {
                "original": 0.7992422816979361,
                "twirled": {
                    "1": [
                        0.7981264372729069
                    ],
                    "2": [
                        0.8144808065033907,
                        0.8168382480854459,
                        0.8163175911411781,
                        0.7825388831494342,
                        0.7821064116854618,
                        0.7816520344462213,
                        0.7795358668832342,
                        0.781875980854827,
                        0.7821477636056555
                    ],
                    "3": [
                        0.7301336584075009,
                        0.7307641272828393,
                        0.7303066662960921,
                        0.7291955233592763
                    ],
                    "4": [
                        0.8471196779002353,
                        0.7627087178928372,
                        0.7610607169513919,
                        0.7622410734716822,
                        0.7790501092598441,
                        0.7807814693669968,
                        0.7806173155746262
                    ],
                    "6": [
                        0.7342106866332151,
                        0.7279541333682682,
                        0.7314593081755408,
                        0.7318554290877957
                    ],
                    "8": [
                        0.7787082325925526,
                        0.7807867016468508,
                        0.7812561031410493
                    ],
                    "12": [
                        0.6410586195039188
                    ],
                    "24": [
                        0.6368964472469921
                    ]
                }
            }
        }
    }
}