{
    "4": {
        "2": {
            "3": {
                "original": 0.33207774649446153,
                "twirled": {
                    "1": [
                        0.33363314499381974
                    ],
                    "2": [
                        0.5649935180142681,
                        0.5651989036503937,
                        0.4997483003600003,
                        0.45624018253463416,
                        0.5163679775912574,
                        0.49152642627410825,
                        0.46402529906782813,
                        0.4850658390489856,
                        0.49412109121419334
                    ],
                    "3": [
                        0.6207912796418527,
                        0.6232318764206636,
                        0.5903213056548652,
                        0.5936862341899558
                    ],
                    "4": [
                        0.7231906886708073,
                        0.5167642961797485,
                        0.5564561380928932,
                        0.5955957635587377,
                        0.6556967999693614,
                        0.7352781562408506,
                        0.7114287509389784
                    ],
                    "6": [
                        0.6204748159646246,
                        0.5920148545580145,
                        0.6220940585850915,
                        0.5950581523157684
                    ],
                    "8": [
                        0.6565502516818641,
                        0.7108205153710899,
                        0.735959923694333
                    ],
                    "12": [
                        0.6704508171779587
                    ],
                    "24": [
                        0.6747262902443703
                    ]
                }
            }
        }
    }
}