{
    "4": {
        "4": {
            "1": {
                "original": 2.6267876762631204e-17,
                "twirled": {
                    "1": [
                        1.0810685679984998e-15
                    ],
                    "2": [
                        2.524647157997606e-17,
                        2.3514523661560814e-17,
                        2.815525590449397e-17,
                        5.464295682600096e-16,
                        5.169198402654729e-16,
                        5.205613717862434e-16,
                        5.368816502482332e-16,
                        5.371036948531582e-16,
                        5.202061004183633e-16
                    ],
                    "3": [
                        2.724043213220284e-16,
                        2.8899105330992827e-16,
                        2.985833802426896e-16,
                        2.382316566240661e-16
                    ],
                    "4": [
                        -5.773159728050814e-18,
                        3.8058445284150365e-17,
                        -1.3278267374516872e-17,
                        -1.6231460620019788e-17,
                        -4.3076653355456075e-17,
                        -2.0872192862952944e-18,
                        1.7896795156957525e-17
                    ],
                    "6": [
                        2.5988100560425667e-16,
                        3.0733193767673586e-16,
                        2.5910384948701904e-16,
                        2.8110846983508964e-16
                    ],
                    "8": [
                        1.1857181902996673e-17,
                        -5.750955267558311e-18,
                        7.245315458703771e-17
                    ],
                    "12": [
                        1.3788969965844445e-17
                    ],
                    "24": [
                        9.481304630298837e-18
                    ]
                }
            }
        }
    }
}