{
    "4": {
        "4": {
            "15": {
                "original": 0.7739573569645956,
                "twirled": {
                    "1": [
                        -1.3100631690576846e-17
                    ],
                    "2": [
                        0.8207194531095576,
                        0.7332652363339885,
                        0.813456733240868,
                        0.8173992377355126,
                        0.8130309542241388,
                        0.6840383378922058,
                        0.817865718792826,
                        0.6878748861158233,
                        0.8168500554315474
                    ],
                    "3": [
                        0.8236976096043379,
                        0.8252073660671942,
                        0.8247786306572354,
                        0.8226241773441388
                    ],
                    "4": [
                        0.8253501770304298,
                        0.8229777114248987,
                        0.8215911942101664,
                        0.699707473478599,
                        0.8240158291956979,
                        0.8254985976949997,
                        0.8247138169502288
                    ],
                    "6": [
                        0.8190104319907672,
                        0.817907632491826,
                        0.8179772507344333,
                        0.8190542729977431
                    ],
                    "8": [
                        0.8191543715969271,
                        0.8261231714067675,
                        0.8203937976966321
                    ],
                    "12": [
                        0.7936975647998872
                    ],
                    "24": [
                        0.7898860747637737
                    ]
                }
            }
        }
    }
}