{
    "4": {
        "1": {
            "7": {
                "original": 0.21056000704813133,
                "twirled": {
                    "1": [
                        0.21257605969788537
                    ],
                    "2": [
                        0.43023708600828103,
                        0.4461702771889578,
                        0.3695581824931091,
                        0.3285765659779602,
                        0.34273052330650505,
                        0.3492908512379049,
                        0.3298059086815562,
                        0.3524069389620415,
                        0.32190751713569116
                    ],
                    "3": [
                        0.40443409749211995,
                        0.4038106286531858,
                        0.3988860222508342,
                        0.3998003080592307
                    ],
                    "4": [
                        0.5913143454480035,
                        0.3636029800579964,
                        0.38727385763607924,
                        0.35990788339575686,
                        0.5383982726314637,
                        0.5014119004949462,
                        0.5954169364604827
                    ],
                    "6": [
                        0.4048655938655932,
                        0.4011900340561956,
                        0.406584325053348,
                        0.39611561118285565
                    ],
                    "8": [
                        0.533062365538113,
                        0.6002876724115573,
                        0.5047721527617423
                    ],
                    "12": [
                        0.4094067600880622
                    ],
                    "24": [
                        0.4130909233788222
                    ]
                }
            }
        }
    }
}