{
    "4": {
        "1": {
            "7": {
                "original": 0.20990918827321417,
                "twirled": {
                    "1": [
                        0.2111698044619808
                    ],
                    "2": [
                        0.43276287434242805,
                        0.4415455850003288,
                        0.3806797045315701,
                        0.3283196776455552,
                        0.34592655595753763,
                        0.34637414829111135,
                        0.33257540330006846,
                        0.352555595843197,
                        0.3249402787788085
                    ],
                    "3": [
                        0.4039373460210819,
                        0.4097407690435025,
                        0.3986986373723562,
                        0.39661687373637955
                    ],
                    "4": [
                        0.5872565725688869,
                        0.36888605659621554,
                        0.38530303244291875,
                        0.36596535581737505,
                        0.5349979788180231,
                        0.5094212446998524,
                        0.6022745022938547
                    ],
                    "6": [
                        0.4078914133813665,
                        0.3924660017663596,
                        0.40550108555003433,
                        0.39668095879297666
                    ],
                    "8": [
                        0.5423177560763883,
                        0.6028506880262774,
                        0.5038358858082501
                    ],
                    "12": [
                        0.4116069370305517
                    ],
                    "24": [
                        0.4131969626274172
                    ]
                }
            }
        }
    }
}