{
    "4": {
        "3": {
            "8": {
                "original": 0.5655748891837795,
                "twirled": {
                    "1": [
                        0.5643628868743172
                    ],
                    "2": [
                        0.7795375929736782,
                        0.7438313838632307,
                        0.7229737449769833,
                        0.6698575782817165,
                        0.7042428566040835,
                        0.7018763144338537,
                        0.6766583845034895,
                        0.7219263802896803,
                        0.7364557134440329
                    ],
                    "3": [
                        0.6869757586823039,
                        0.7047066107145721,
                        0.6971312943915342,
                        0.7076446676698859
                    ],
                    "4": [
                        0.7789878451190716,
                        0.7289605897279328,
                        0.6762027764980433,
                        0.6821821685785734,
                        0.734095476159247,
                        0.6752362740403786,
                        0.7790156040572309
                    ],
                    "6": [
                        0.6739518203335544,
                        0.6917602639590643,
                        0.6986246966534373,
                        0.6774359583200695
                    ],
                    "8": [
                        0.7306343589089056,
                        0.7715158847655791,
                        0.6338161981979263
                    ],
                    "12": [
                        0.6366283418943675
                    ],
                    "24": [
                        0.6329526458023297
                    ]
                }
            }
        }
    }
}