{
    "4": {
        "3": {
            "16": {
                "original": 0.44250641741419167,
                "twirled": {
                    "1": [
                        0.4470765461845946
                    ],
                    "2": [
                        0.6795859682411867,
                        0.671999204370641,
                        0.5849738175989272,
                        0.5698139675117624,
                        0.6332641661069622,
                        0.6064822574099635,
                        0.5706336274259212,
                        0.6090233434852965,
                        0.6222726761734729
                    ],
                    "3": [
                        0.6964454655253778,
                        0.6973184715471364,
                        0.6854052464718924,
                        0.6877084785733774
                    ],
                    "4": [
                        0.7929561271644663,
                        0.6270340905567731,
                        0.6584694891170005,
                        0.6843736517566824,
                        0.728989781640375,
                        0.7900047096236034,
                        0.7695188058424519
                    ],
                    "6": [
                        0.69379572140857,
                        0.6844742085850136,
                        0.6958347547577967,
                        0.6857862305609685
                    ],
                    "8": [
                        0.7283651402296856,
                        0.7673236370665021,
                        0.793266008325821
                    ],
                    "12": [
                        0.7225139635590885
                    ],
                    "24": [
                        0.7272711100099307
                    ]
                }
            }
        }
    }
}