{
    "4": {
        "4": {
            "17": {
                "original": 0.6146919382033385,
                "twirled": {
                    "1": [
                        0.6159056588445854
                    ],
                    "2": [
                        0.8070327559426465,
                        0.7915297937574647,
                        0.7715888608637101,
                        0.7029930540652476,
                        0.7360410389775782,
                        0.7458769878580435,
                        0.7176704438278533,
                        0.7574809431136222,
                        0.7717347300652769
                    ],
                    "3": [
                        0.7317787740121477,
                        0.7539957051073815,
                        0.7447885084958906,
                        0.7500052947921456
                    ],
                    "4": [
                        0.8054914626553323,
                        0.7562212104784836,
                        0.732618907343111,
                        0.7414131081039729,
                        0.769349333353368,
                        0.757849577368403,
                        0.8034019371664469
                    ],
                    "6": [
                        0.7231731524684922,
                        0.7363724210048216,
                        0.7487289558484322,
                        0.732152207856583
                    ],
                    "8": [
                        0.7686556386696364,
                        0.7945778781501758,
                        0.7336400547156019
                    ],
                    "12": [
                        0.7266403365548032
                    ],
                    "24": [
                        0.7289822176313284
                    ]
                }
            }
        }
    }
}