{
    "4": {
        "1": {
            "1": {
                "original": 6.195044477408374e-18,
                "twirled": {
                    "1": [
                        3.8413716652030415e-18
                    ],
                    "2": [
                        2.418065747633591e-17,
                        2.4069635173873393e-17,
                        1.8784973576657647e-17,
                        2.0961010704922955e-17,
                        1.687538997430238e-17,
                        -1.3078427230084344e-17,
                        1.1168843627729074e-17,
                        1.800781745942004e-17,
                        6.8167693711984615e-18
                    ],
                    "3": [
                        2.320366121466577e-17,
                        1.7674750552032493e-17,
                        2.4424906541753445e-19,
                        4.1033842990145784e-17
                    ],
                    "4": [
                        -1.092459456231154e-17,
                        -1.1057821325266558e-17,
                        1.8052226380405045e-17,
                        2.531308496145357e-18,
                        2.213784711102562e-17,
                        2.1582735598713042e-17,
                        1.8562928971732616e-17
                    ],
                    "6": [
                        2.027267242965536e-17,
                        2.7045032879868815e-17,
                        -3.375077994860476e-18,
                        1.2567724638756771e-17
                    ],
                    "8": [
                        5.706546346573305e-18,
                        -1.8873791418627663e-17,
                        2.2226664952995633e-17
                    ],
                    "12": [
                        4.765077221691172e-17
                    ],
                    "24": [
                        2.1316282072803004e-18
                    ]
                }
            }
        }
    }
}