{
    "4": {
        "3": {
            "16": {
                "original": 0.4414034020456219,
                "twirled": {
                    "1": [
                        0.4403297622016774
                    ],
                    "2": [
                        0.676526335174852,
                        0.66895665215003,
                        0.5880280499929132,
                        0.5682056911010974,
                        0.6304868882528029,
                        0.6054249335226768,
                        0.5673635966912559,
                        0.6096636054222273,
                        0.6162684754917105
                    ],
                    "3": [
                        0.6935456056065504,
                        0.6935957673488992,
                        0.6840024784635222,
                        0.6811475997325686
                    ],
                    "4": [
                        0.7931696538126335,
                        0.629047343034636,
                        0.6562623403993529,
                        0.685148950821758,
                        0.7253091454070356,
                        0.7902878711867602,
                        0.7722770775586513
                    ],
                    "6": [
                        0.6960911351507372,
                        0.6835112584157911,
                        0.6928743937099366,
                        0.6816746070756273
                    ],
                    "8": [
                        0.725456601168126,
                        0.7667979025339278,
                        0.7920762109745716
                    ],
                    "12": [
                        0.7239470951224449
                    ],
                    "24": [
                        0.7238030238300842
                    ]
                }
            }
        }
    }
}