{
    "4": {
        "4": {
            "9": {
                "original": 0.6872790769420002,
                "twirled": {
                    "1": [
                        0.6862366487796479
                    ],
                    "2": [
                        0.8482137356302193,
                        0.8561313305345158,
                        0.7360538383183054,
                        0.815780770918676,
                        0.816140632725606,
                        0.8094243494093785,
                        0.8168530797983652,
                        0.809611959415509,
                        0.8248370730584597
                    ],
                    "3": [
                        0.7681216583669628,
                        0.7689630122566767,
                        0.7766335506245973,
                        0.7765634277734157
                    ],
                    "4": [
                        0.8315285944093205,
                        0.8344322165111238,
                        0.7882100916089799,
                        0.7798065764382411,
                        0.781426022130903,
                        0.7785238291364321,
                        0.6433578531493876
                    ],
                    "6": [
                        0.7673641453783105,
                        0.7755346947533267,
                        0.7700876027604744,
                        0.7767384814260604
                    ],
                    "8": [
                        0.7757453497073376,
                        0.6476027043558711,
                        0.7763702006786167
                    ],
                    "12": [
                        0.6436827069640236
                    ],
                    "24": [
                        0.6419693551323457
                    ]
                }
            }
        }
    }
}