{
    "4": {
        "5": {
            "9": {
                "original": 0.7223853830579715,
                "twirled": {
                    "1": [
                        -3.5753622285028543e-16
                    ],
                    "2": [
                        0.40048218905565125,
                        0.4032979130691212,
                        3.8208547437079686e-15,
                        0.47174264539694266,
                        0.7754851080178305,
                        0.4715422674812678,
                        0.47208019406257345,
                        0.4732101281314406,
                        0.772384324696567
                    ],
                    "3": [
                        0.7391934244489087,
                        0.7345719841007701,
                        0.7340659276060448,
                        0.7335238582199868
                    ],
                    "4": [
                        0.43846759161729915,
                        0.7108658013872066,
                        0.7425905696606218,
                        0.6903039460292063,
                        0.6526706421489841,
                        0.6561728459001365,
                        0.6117667743002576
                    ],
                    "6": [
                        0.7368940923029262,
                        0.7301833761670344,
                        0.7378966062775104,
                        0.7273985117117681
                    ],
                    "8": [
                        0.6622009034339522,
                        0.6118195628821328,
                        0.6598001937714679
                    ],
                    "12": [
                        0.6108337028605265
                    ],
                    "24": [
                        0.6169308530069724
                    ]
                }
            }
        }
    }
}