{
    "4": {
        "4": {
            "12": {
                "original": 0.7208177170741179,
                "twirled": {
                    "1": [
                        1.576516694967722e-17
                    ],
                    "2": [
                        0.3967402321679888,
                        0.40261647235517783,
                        1.8749002350659793e-15,
                        0.47099488278738183,
                        0.7370164268257844,
                        0.7779059300374074,
                        0.46909375827290617,
                        0.7758484228882936,
                        0.7556428312973895
                    ],
                    "3": [
                        0.7689905419433349,
                        0.7665406907121564,
                        0.7792649077113176,
                        0.7762322421557238
                    ],
                    "4": [
                        0.497179730307453,
                        0.6861742260140695,
                        0.7352320945133385,
                        0.7874385009767042,
                        0.7679744708982624,
                        0.8225443822096171,
                        0.821639796000453
                    ],
                    "6": [
                        0.7689024250189125,
                        0.7766176248495621,
                        0.7678914085383958,
                        0.7781500126383161
                    ],
                    "8": [
                        0.7702136396815085,
                        0.8198014347319109,
                        0.8255491279684073
                    ],
                    "12": [
                        0.7486525396521606
                    ],
                    "24": [
                        0.7511299842928839
                    ]
                }
            }
        }
    }
}