{
    "4": {
        "5": {
            "11": {
                "original": 0.8006562269298589,
                "twirled": {
                    "1": [
                        -6.115108419635362e-17
                    ],
                    "2": [
                        0.8239460986445438,
                        0.40578876101816713,
                        0.82397450654078,
                        0.4996060869707112,
                        0.8128836108606691,
                        0.7975226756404425,
                        0.5018773086506823,
                        0.8066525668238175,
                        0.7909402143562062
                    ],
                    "3": [
                        0.816795566213467,
                        0.8228315587227301,
                        0.8212538623608938,
                        0.822331262338958
                    ],
                    "4": [
                        0.823208531903117,
                        0.8183315531807622,
                        0.8067409642325054,
                        0.7993744746057533,
                        0.823418119287688,
                        0.8201799964412685,
                        0.8230088657877941
                    ],
                    "6": [
                        0.7989898769432366,
                        0.8043018435002806,
                        0.8072955492888535,
                        0.8042984878995046
                    ],
                    "8": [
                        0.8056514848640615,
                        0.817975747780083,
                        0.8110567372213807
                    ],
                    "12": [
                        0.7740689539906339
                    ],
                    "24": [
                        0.7687378795956562
                    ]
                }
            }
        }
    }
}