{
    "4": {
        "5": {
            "19": {
                "original": 0.7895181153914391,
                "twirled": {
                    "1": [
                        0.7936460391209377
                    ],
                    "2": [
                        0.8361618800168117,
                        0.8329748008325981,
                        0.8372276870560472,
                        0.8039103176042748,
                        0.8061486037123129,
                        0.8030218023191245,
                        0.804705727235989,
                        0.8034968284959195,
                        0.806002277446352
                    ],
                    "3": [
                        0.7979593232257396,
                        0.8016808026596068,
                        0.8062611940281891,
                        0.8018698716660605
                    ],
                    "4": [
                        0.8580396390745928,
                        0.7965640970963926,
                        0.7950937461030704,
                        0.7891318938859663,
                        0.8199183189264025,
                        0.8050923181677108,
                        0.8228997830049207
                    ],
                    "6": [
                        0.7835120197243296,
                        0.7775392747670293,
                        0.7841800583172336,
                        0.7837389934029987
                    ],
                    "8": [
                        0.8163954451684842,
                        0.820642728256189,
                        0.8013307905817862
                    ],
                    "12": [
                        0.7562132996353992
                    ],
                    "24": [
                        0.7626363159380863
                    ]
                }
            }
        }
    }
}