{
    "4": {
        "3": {
            "13": {
                "original": 0.725086097088225,
                "twirled": {
                    "1": [
                        0.7253745687553795
                    ],
                    "2": [
                        0.7784668063767268,
                        0.7712406651153839,
                        0.7811637488201533,
                        0.7794995540518168,
                        0.7786569632585373,
                        0.749760118348288,
                        0.7779107733435716,
                        0.7478824472720498,
                        0.7772699048667004
                    ],
                    "3": [
                        0.7526652540087063,
                        0.758891445805049,
                        0.7581507879289316,
                        0.755051143519515
                    ],
                    "4": [
                        0.7855267974098114,
                        0.7768028179833532,
                        0.7786623315221315,
                        0.741189803308547,
                        0.7889924833121595,
                        0.7338951494189214,
                        0.7855312080652941
                    ],
                    "6": [
                        0.7554992493160054,
                        0.7552456857503925,
                        0.7544820250780626,
                        0.7557721208594858
                    ],
                    "8": [
                        0.7839105638818039,
                        0.7849981629124365,
                        0.7378101065745458
                    ],
                    "12": [
                        0.7186735382116897
                    ],
                    "24": [
                        0.7193837370635235
                    ]
                }
            }
        }
    }
}