{
    "4": {
        "2": {
            "7": {
                "original": 0.40523810362439233,
                "twirled": {
                    "1": [
                        0.4001070593229873
                    ],
                    "2": [
                        0.6240281872543616,
                        0.635814560302812,
                        0.5350844933649287,
                        0.5228076298026147,
                        0.5578789480242304,
                        0.5661784766725626,
                        0.5239266094158308,
                        0.5580569094946055,
                        0.5540592246874265
                    ],
                    "3": [
                        0.5998932227644372,
                        0.6007657864551292,
                        0.5937295588320431,
                        0.5941432064881345
                    ],
                    "4": [
                        0.7406220837395374,
                        0.5674962687168733,
                        0.5889069432125627,
                        0.5583219812695246,
                        0.6689558257324313,
                        0.6934383846108444,
                        0.750975670744243
                    ],
                    "6": [
                        0.5996584426384715,
                        0.5954739666415781,
                        0.594719611030946,
                        0.6039372229448042
                    ],
                    "8": [
                        0.6743445143053401,
                        0.7545355934481316,
                        0.6849568071464469
                    ],
                    "12": [
                        0.579635567429397
                    ],
                    "24": [
                        0.5746478698294514
                    ]
                }
            }
        }
    }
}