{
    "4": {
        "1": {
            "3": {
                "original": 0.17447467684307524,
                "twirled": {
                    "1": [
                        0.1710171599888769
                    ],
                    "2": [
                        0.36200180403388715,
                        0.36836164214721356,
                        0.3440036550562688,
                        0.2679268491803273,
                        0.3200205804022307,
                        0.29304734570242913,
                        0.27128319906138076,
                        0.2884552945361752,
                        0.2807160114546327
                    ],
                    "3": [
                        0.4564892720706004,
                        0.45735408687389056,
                        0.4001363335049364,
                        0.4060873141875677
                    ],
                    "4": [
                        0.5387057168247761,
                        0.3145900135053986,
                        0.3562486828018674,
                        0.40277202660426037,
                        0.49572257681520804,
                        0.5935093697139687,
                        0.5557985020532528
                    ],
                    "6": [
                        0.4646739090873153,
                        0.4009450305637752,
                        0.4548214335169303,
                        0.4029496747044159
                    ],
                    "8": [
                        0.5009340327461415,
                        0.5436087629421487,
                        0.5900109023587369
                    ],
                    "12": [
                        0.5249392723704663
                    ],
                    "24": [
                        0.5200365058952483
                    ]
                }
            }
        }
    }
}