{
    "4": {
        "4": {
            "10": {
                "original": 0.7043031932100795,
                "twirled": {
                    "1": [
                        -1.7852386235972517e-17
                    ],
                    "2": [
                        1.9957813179871666e-15,
                        1.6762591315000463e-15,
                        1.4098944234319787e-15,
                        0.6412847887844183,
                        0.645381261457006,
                        2.1322055232531058e-15,
                        0.6466724453406532,
                        2.3851587371837012e-15,
                        0.6460951742940093
                    ],
                    "3": [
                        0.7134626216009012,
                        0.7150139988818497,
                        0.7144474912011911,
                        0.708085938855004
                    ],
                    "4": [
                        1.744604460895971e-15,
                        0.5862780792418417,
                        0.5851186842175254,
                        7.62665486320202e-15,
                        0.5607174335431782,
                        8.014344743401126e-15,
                        0.562981166304244
                    ],
                    "6": [
                        0.7122615958089907,
                        0.7097584992701587,
                        0.7153971934688537,
                        0.7106067058508204
                    ],
                    "8": [
                        0.562689254810296,
                        0.5654706632960046,
                        8.026646014513972e-15
                    ],
                    "12": [
                        0.686176052628397
                    ],
                    "24": [
                        0.685050941224224
                    ]
                }
            }
        }
    }
}