{
    "4": {
        "3": {
            "6": {
                "original": 0.8220024356787652,
                "twirled": {
                    "1": [
                        0.8196228357461052
                    ],
                    "2": [
                        0.8343232317749943,
                        0.8346072134460021,
                        0.8342073978753005,
                        0.8067180175289904,
                        0.8083068733479062,
                        0.8071076042749199,
                        0.8054333203215344,
                        0.8076387012616526,
                        0.8077021551195424
                    ],
                    "3": [
                        0.7766313752761679,
                        0.7762253904364796,
                        0.7773066875687867,
                        0.7765868631287295
                    ],
                    "4": [
                        0.8621274707661998,
                        0.8000462702648802,
                        0.7978510878852222,
                        0.7984532495122956,
                        0.8176274684239792,
                        0.820435540860595,
                        0.8145523103939291
                    ],
                    "6": [
                        0.7758553461753444,
                        0.7756835875559767,
                        0.7761685574226241,
                        0.77512828734178
                    ],
                    "8": [
                        0.8143937891669736,
                        0.816847307035002,
                        0.8184256889515833
                    ],
                    "12": [
                        0.7365957813115723
                    ],
                    "24": [
                        0.7367860144004676
                    ]
                }
            }
        }
    }
}