{
    "4": {
        "1": {
            "6": {
                "original": 0.6870998612054321,
                "twirled": {
                    "1": [
                        0.6873154681665268
                    ],
                    "2": [
                        0.8104317410731348,
                        0.8138605843979725,
                        0.8125276989776726,
                        0.7603881293462251,
                        0.7593445534984782,
                        0.7654357688410222,
                        0.7548832806800828,
                        0.7591957479285694,
                        0.7552488576581026
                    ],
                    "3": [
                        0.7416052232632347,
                        0.7546716160292058,
                        0.7400329824969907,
                        0.7479611097830574
                    ],
                    "4": [
                        0.7357220129742731,
                        0.7833709566958743,
                        0.7796576647310756,
                        0.7670257726352082,
                        0.7235287575080651,
                        0.7361220043181338,
                        0.7207868152531227
                    ],
                    "6": [
                        0.7204977391687876,
                        0.7126489725546781,
                        0.7219660899515876,
                        0.7017735462606486
                    ],
                    "8": [
                        0.6841820434845751,
                        0.688065516564905,
                        0.7069125890825098
                    ],
                    "12": [
                        0.6356481506091497
                    ],
                    "24": [
                        0.6268740877374892
                    ]
                }
            }
        }
    }
}