{
    "4": {
        "4": {
            "6": {
                "original": 0.8238300630681157,
                "twirled": {
                    "1": [
                        0.8240588805331559
                    ],
                    "2": [
                        0.8355937910324381,
                        0.8360948639487721,
                        0.8358080728407516,
                        0.809505612491512,
                        0.8079037860345883,
                        0.8077879021778175,
                        0.8066091132685983,
                        0.808636046328953,
                        0.8069819624100708
                    ],
                    "3": [
                        0.775779428445872,
                        0.7767114074910063,
                        0.779522619052213,
                        0.7777991461048805
                    ],
                    "4": [
                        0.8664703709473485,
                        0.7987486369257214,
                        0.8005923732439942,
                        0.8009140445939127,
                        0.818441479632281,
                        0.8215908107684385,
                        0.8199814702818959
                    ],
                    "6": [
                        0.7785136119365781,
                        0.7783982624884395,
                        0.7771818877471964,
                        0.7778797406138044
                    ],
                    "8": [
                        0.8177054043161461,
                        0.8215971737017597,
                        0.8175174192840322
                    ],
                    "12": [
                        0.7442311616557334
                    ],
                    "24": [
                        0.7436112874034702
                    ]
                }
            }
        }
    }
}