{
    "4": {
        "5": {
            "8": {
                "original": 0.6761104044242174,
                "twirled": {
                    "1": [
                        0.6766536479136982
                    ],
                    "2": [
                        0.8239729447905427,
                        0.8078590670689847,
                        0.8009775380988421,
                        0.7462288923359524,
                        0.7731306180832035,
                        0.7757111587743709,
                        0.7450183683883572,
                        0.7820643091603122,
                        0.7913850105572188
                    ],
                    "3": [
                        0.7694571267008967,
                        0.7728803937561018,
                        0.7711463860270623,
                        0.775708773843429
                    ],
                    "4": [
                        0.8353045972598571,
                        0.7747440214849064,
                        0.753798600783703,
                        0.763698920083836,
                        0.7961101288842676,
                        0.7539430208451474,
                        0.8198760512528939
                    ],
                    "6": [
                        0.7572347532131035,
                        0.7636900006483458,
                        0.7603243449137548,
                        0.7535664304615514
                    ],
                    "8": [
                        0.7904657692188258,
                        0.8137731394926424,
                        0.7241420406760211
                    ],
                    "12": [
                        0.7197559441022914
                    ],
                    "24": [
                        0.7265292606353188
                    ]
                }
            }
        }
    }
}