{
    "4": {
        "5": {
            "7": {
                "original": 0.6295132243913086,
                "twirled": {
                    "1": [
                        0.6321235462778975
                    ],
                    "2": [
                        0.80327299059755,
                        0.8043698080387495,
                        0.7192304464417886,
                        0.7207931750205064,
                        0.7548700502424256,
                        0.7626496791644253,
                        0.7160445589884076,
                        0.7648058085811509,
                        0.7644326509104022
                    ],
                    "3": [
                        0.7545632575548434,
                        0.7582226179069241,
                        0.75515475666833,
                        0.7522682537690072
                    ],
                    "4": [
                        0.851391103190741,
                        0.7589859912816259,
                        0.7626350854712779,
                        0.7556726410696303,
                        0.792622732756403,
                        0.811661191435925,
                        0.8195972512151204
                    ],
                    "6": [
                        0.7533744230018694,
                        0.7569779881152321,
                        0.7570244821258945,
                        0.7526920970425972
                    ],
                    "8": [
                        0.7935220464870183,
                        0.8196045926824798,
                        0.8114617186151611
                    ],
                    "12": [
                        0.7242453329780977
                    ],
                    "24": [
                        0.7237453181767018
                    ]
                }
            }
        }
    }
}