{
    "4": {
        "4": {
            "16": {
                "original": 0.511815400991885,
                "twirled": {
                    "1": [
                        0.5169254577814949
                    ],
                    "2": [
                        0.7406386683322388,
                        0.7332641378421899,
                        0.6428410585417204,
                        0.6355153997959706,
                        0.6978384137566652,
                        0.6787761588126026,
                        0.6323749204831279,
                        0.6814601761406652,
                        0.6938289835741589
                    ],
                    "3": [
                        0.7317289345684302,
                        0.7303107258469985,
                        0.7339007401758249,
                        0.7304337502776299
                    ],
                    "4": [
                        0.8283620992790147,
                        0.6924599511852261,
                        0.715258201551233,
                        0.7338223287678977,
                        0.769127673666676,
                        0.8068512479595055,
                        0.7933952301767826
                    ],
                    "6": [
                        0.7325176842495605,
                        0.7314355315997862,
                        0.7339256930125193,
                        0.7304415756251593
                    ],
                    "8": [
                        0.768216269761148,
                        0.7939181454245521,
                        0.8068724223803212
                    ],
                    "12": [
                        0.737122332315469
                    ],
                    "24": [
                        0.7392169894196343
                    ]
                }
            }
        }
    }
}