{
    "4": {
        "5": {
            "3": {
                "original": 0.5680508933484714,
                "twirled": {
                    "1": [
                        0.5705947128799302
                    ],
                    "2": [
                        0.7767973509122497,
                        0.7712591204154875,
                        0.6836127841611398,
                        0.6763675490723895,
                        0.7341412490492563,
                        0.722398630339852,
                        0.6755393334585086,
                        0.7239507008141582,
                        0.7329464515532035
                    ],
                    "3": [
                        0.753927373000818,
                        0.7525235581736865,
                        0.7542114754322704,
                        0.7549152312863466
                    ],
                    "4": [
                        0.8484327978707162,
                        0.7347851262176956,
                        0.7464247454059711,
                        0.7616177782702649,
                        0.7912913383917156,
                        0.8143312011421481,
                        0.8031094617914059
                    ],
                    "6": [
                        0.7518970457582157,
                        0.7548378150958336,
                        0.7511517824077171,
                        0.7565975934733237
                    ],
                    "8": [
                        0.7889539047913063,
                        0.8041013825361085,
                        0.8166902720878845
                    ],
                    "12": [
                        0.7473079059026078
                    ],
                    "24": [
                        0.7460636815285198
                    ]
                }
            }
        }
    }
}