{
    "4": {
        "5": {
            "17": {
                "original": 0.6673814502691588,
                "twirled": {
                    "1": [
                        0.6666788733333772
                    ],
                    "2": [
                        0.8196311379143643,
                        0.8135374119004174,
                        0.798242395487584,
                        0.7325030561289532,
                        0.7622166927799869,
                        0.77363332013069,
                        0.7426871469343409,
                        0.7770817551960828,
                        0.7882805889391479
                    ],
                    "3": [
                        0.7422996871064219,
                        0.759934558147583,
                        0.7533016495683714,
                        0.7532919665567369
                    ],
                    "4": [
                        0.8283852581195359,
                        0.7733977204459621,
                        0.756011009133293,
                        0.7673522328849989,
                        0.7896559267405658,
                        0.7577608125641213,
                        0.8079381386434082
                    ],
                    "6": [
                        0.7426654975108397,
                        0.7544752272232157,
                        0.7596629177190092,
                        0.7526085709013435
                    ],
                    "8": [
                        0.7892615598608241,
                        0.8089366461489844,
                        0.7603148507686291
                    ],
                    "12": [
                        0.7390607845776277
                    ],
                    "24": [
                        0.7397205913165457
                    ]
                }
            }
        }
    }
}