{
    "4": {
        "5": {
            "13": {
                "original": 0.7998743040616145,
                "twirled": {
                    "1": [
                        0.8003981332614004
                    ],
                    "2": [
                        0.8258696401446399,
                        0.8234635244016474,
                        0.8278662356848651,
                        0.8050478205969749,
                        0.8065366667416157,
                        0.798173639864785,
                        0.8039992480516777,
                        0.7966991739853492,
                        0.8035056167980722
                    ],
                    "3": [
                        0.7753572889718081,
                        0.7742891678130034,
                        0.7753005550164146,
                        0.7783665528732977
                    ],
                    "4": [
                        0.849728832266854,
                        0.7984071823915823,
                        0.7985973792802529,
                        0.7924325819718996,
                        0.8108314909153538,
                        0.7983147669387527,
                        0.815272118070504
                    ],
                    "6": [
                        0.7748032567514872,
                        0.7773771668785338,
                        0.777654766904029,
                        0.7748622241889588
                    ],
                    "8": [
                        0.8155479082219579,
                        0.8147710512770079,
                        0.7986417904432319
                    ],
                    "12": [
                        0.7463274207294398
                    ],
                    "24": [
                        0.7433481665776824
                    ]
                }
            }
        }
    }
}