{
    "4": {
        "2": {
            "17": {
                "original": 0.45101936245485647,
                "twirled": {
                    "1": [
                        0.4564276923729666
                    ],
                    "2": [
                        0.7090057987206917,
                        0.6824103486272011,
                        0.6376994013660786,
                        0.57511545297185,
                        0.6178553024717442,
                        0.6122811035898893,
                        0.5951398487530569,
                        0.6368388178967185,
                        0.647713399562297
                    ],
                    "3": [
                        0.5707308003660915,
                        0.6417643609647177,
                        0.5799450106181102,
                        0.5911658635846079
                    ],
                    "4": [
                        0.6972087697324061,
                        0.6499881520393734,
                        0.5874243364447665,
                        0.5945240840870061,
                        0.6644211634505768,
                        0.6265953217052093,
                        0.6819455567015119
                    ],
                    "6": [
                        0.5719520366915868,
                        0.5902342132703928,
                        0.6413444806530431,
                        0.5825764972263067
                    ],
                    "8": [
                        0.6622156138193748,
                        0.6794982820388049,
                        0.6239798281077703
                    ],
                    "12": [
                        0.6141013825778884
                    ],
                    "24": [
                        0.6093945126391946
                    ]
                }
            }
        }
    }
}