{
    "4": {
        "3": {
            "14": {
                "original": 0.7797698906130567,
                "twirled": {
                    "1": [
                        0.7765326758452228
                    ],
                    "2": [
                        0.8327355357334151,
                        0.8327449813473451,
                        0.8333108369205046,
                        0.8055262558334244,
                        0.8043193796213437,
                        0.8070656625955659,
                        0.8042972128993972,
                        0.8004798350659151,
                        0.807676830064181
                    ],
                    "3": [
                        0.8015241067482034,
                        0.8053726354432754,
                        0.8102222025008776,
                        0.803774845550247
                    ],
                    "4": [
                        0.8527771207361893,
                        0.7968649915540925,
                        0.8006244877251318,
                        0.787606817421811,
                        0.8211950075340035,
                        0.8044378558611742,
                        0.8179878383713706
                    ],
                    "6": [
                        0.7824118421179953,
                        0.7818257219937744,
                        0.7826136788214477,
                        0.7874524787037741
                    ],
                    "8": [
                        0.8177253249944497,
                        0.8193754724440827,
                        0.786189935131538
                    ],
                    "12": [
                        0.758558537576416
                    ],
                    "24": [
                        0.7568047462521189
                    ]
                }
            }
        }
    }
}