{
    "4": {
        "2": {
            "12": {
                "original": 0.5788117827657963,
                "twirled": {
                    "1": [
                        2.220446049250313e-18
                    ],
                    "2": [
                        0.39449548269816836,
                        0.3910424083918445,
                        9.245937349078303e-16,
                        0.4185666020691587,
                        0.612123175981035,
                        0.6815635873107432,
                        0.4194138456950599,
                        0.6844471286546722,
                        0.6463837998843815
                    ],
                    "3": [
                        0.7314217036296105,
                        0.7296080506391145,
                        0.7566304925304677,
                        0.7580426058257677
                    ],
                    "4": [
                        0.4802634880755796,
                        0.5125748517567267,
                        0.6564436705095527,
                        0.7118756949907732,
                        0.6050743939726951,
                        0.8065635821878155,
                        0.8020640447787918
                    ],
                    "6": [
                        0.7273959106345159,
                        0.7571716629587132,
                        0.727348080182293,
                        0.7602824296251499
                    ],
                    "8": [
                        0.5981366610464779,
                        0.8031999699011707,
                        0.803723258832351
                    ],
                    "12": [
                        0.74616735393769
                    ],
                    "24": [
                        0.7456702620648814
                    ]
                }
            }
        }
    }
}