{
    "1": 0.004772135143632565,
    "2": 0.003763646648069895,
    "3": 0.0024076044441555863,
    "4": 0.0017866242817229702,
    "5": 0.0014844607655715612,
    "6": 0.0014080258966562818,
    "7": 0.0015116946984066477,
    "8": 0.0011139943386525221,
    "9": 0.0010867583360823843,
    "10": 0.0010015971543785832,
    "11": 0.0009304146269229095,
    "12": 0.0009680804397135068,
    "13": 0.0008253359545681018
}