{
    "1": 0.0013927699215206596,
    "2": 0.0005145696342290065,
    "3": 0.0001888766709705166,
    "4": 0.00010305184702404849,
    "5": 6.210369185817402e-05,
    "6": 5.569674785898712e-05,
    "7": 4.117286601907454e-05,
    "8": 5.475478906407723e-05,
    "9": 2.1602320388423126e-05,
    "10": 1.57597290571984e-05,
    "11": 2.1388801820079468e-05,
    "12": 2.2453043145656332e-05,
    "13": 1.8771286182241374e-05
}