{
    "1": 0.06959064086493438,
    "2": 0.02804676813001429,
    "3": 0.015658107555437704,
    "4": 0.008536581278538012,
    "5": 0.006135220749936633,
    "6": 0.006307005499958469,
    "7": 0.006250306640416052,
    "8": 0.004687418828100965,
    "9": 0.0032702934723455525,
    "10": 0.0032855439901116282,
    "11": 0.0030596754943493457,
    "12": 0.003060077802183212,
    "13": 0.0022980491733851104
}