{
    "1": {
        "1": 5.557789419796212e-06,
        "2": 7.945246498278165e-06,
        "3": 5.402095634131657e-06,
        "4": 5.764174158833692e-06,
        "5": 8.769855071490935e-06,
        "6": 4.297219726233869e-06
    },
    "2": {
        "1": 0.001845085456466861,
        "2": 0.0014283810525702902,
        "3": 0.0022049965636509058,
        "4": 0.0012106048858794409,
        "5": 0.002031620035365329,
        "6": 0.0019176036889130732
    },
    "3": {
        "1": 7.261797424249971e-06,
        "2": 1.0674813994245764e-05,
        "3": 8.047569683424347e-06,
        "4": 1.0735811627932215e-05,
        "5": 7.445603530977919e-06,
        "6": 4.862332656502574e-06
    },
    "4": {
        "1": 2.7722730152377327e-06,
        "2": 4.111586525525647e-06,
        "3": 3.892245059928462e-06,
        "4": 1.576124783112411e-06,
        "5": 2.5756370612335113e-06,
        "6": 2.660387486570101e-06
    },
    "5": {
        "1": 1.79280944700566e-05,
        "2": 1.4622223270390842e-05,
        "3": 1.5680751985059158e-05,
        "4": 1.739533565040524e-05,
        "5": 1.739909637414868e-05,
        "6": 1.5583397597534804e-05
    },
    "6": {
        "1": 9.104200789496495e-07,
        "2": 1.607355354574574e-07,
        "3": 8.755771794328998e-08,
        "4": 4.094548846169776e-08,
        "5": 5.719301218870918e-08,
        "6": 7.44503528094037e-08
    },
    "7": {
        "1": 6.018866980972831e-08,
        "2": 5.7045327514160607e-08,
        "3": 4.877572106570968e-08,
        "4": 3.791102617955701e-08,
        "5": 5.623821474719497e-08,
        "6": 4.3577505519615484e-08
    },
    "8": {
        "1": 3.86476380532582e-08,
        "2": 8.789228571063667e-06,
        "3": 9.777845025192235e-06,
        "4": 1.3702856470476428e-05,
        "5": 1.0671957233037567e-05,
        "6": 1.0306425203606705e-05
    },
    "9": {
        "1": 9.092755539737731e-06,
        "2": 1.1850655813327186e-05,
        "3": 1.1061622192046126e-05,
        "4": 9.709199945972139e-06,
        "5": 1.2548450976357868e-05,
        "6": 1.2343421357101823e-05
    },
    "10": {
        "1": 4.029802531758925e-05,
        "2": 4.2386963842034184e-05,
        "3": 3.871938434047179e-05,
        "4": 5.0309731413963265e-05,
        "5": 4.146262159400227e-05,
        "6": 3.782314330691081e-05
    },
    "11": {
        "1": 0.0007778678193004529,
        "2": 0.000700338360507302,
        "3": 0.0007437850630541756,
        "4": 0.0006741414410720224,
        "5": 0.0005869061011844969,
        "6": 0.0007183396456985547
    },
    "12": {
        "1": 7.205495676525522e-06,
        "2": 7.943749293700423e-06,
        "3": 4.242505341443957e-06,
        "4": 6.5525222076761925e-06,
        "5": 5.373412604556784e-06,
        "6": 6.081811967938344e-06
    },
    "13": {
        "1": 1.0091755299586259e-07,
        "2": 3.33718969590053e-07,
        "3": 6.008187210284818e-07,
        "4": 3.47972408267338e-07,
        "5": 2.3438145094232755e-07,
        "6": 2.450780301171819e-07
    },
    "14": {
        "1": 3.013013459950234e-07,
        "2": 1.3028503843336901e-05,
        "3": 1.938455902119897e-05,
        "4": 1.4391246041084597e-05,
        "5": 1.396705371850404e-05,
        "6": 1.4947516667831365e-05
    },
    "15": {
        "1": 1.3330059549749381e-05,
        "2": 9.566318866634063e-06,
        "3": 9.58552632990971e-06,
        "4": 1.0146561660278205e-05,
        "5": 6.304301038016911e-06,
        "6": 6.5655418374793615e-06
    },
    "16": {
        "1": 1.0219312784509127e-05,
        "2": 2.0438477744858993e-06,
        "3": 2.456106467871523e-06,
        "4": 2.7459686235585533e-06,
        "5": 6.392118148537861e-06,
        "6": 3.3252258693507496e-06
    },
    "17": {
        "1": 2.078724453288543e-06,
        "2": 1.6909530983477956e-06,
        "3": 3.6690362024833426e-06,
        "4": 2.234857907935564e-06,
        "5": 1.4925926848416071e-06,
        "6": 2.5075549289072438e-06
    },
    "18": {
        "1": 4.579992396097845e-06,
        "2": 1.966044955026053e-06,
        "3": 1.266599470361092e-05,
        "4": 8.683598002263801e-06,
        "5": 5.020892536325909e-06,
        "6": 4.676886001170033e-06
    },
    "19": {
        "1": 2.5446414357986883e-06,
        "2": 2.9504573724822352e-06,
        "3": 1.8949116407989735e-06,
        "4": 2.2389324834034186e-06,
        "5": 2.3380188878653063e-06,
        "6": 1.94935225330623e-06
    }
}