{
    "1": {
        "1": 0.0005483299643205178,
        "2": 0.00013608023722864882,
        "3": 1.6041636737967888e-05,
        "4": 1.1545707400290368e-06,
        "5": 1.5486775278812207e-06,
        "6": 8.859489699314088e-07,
        "7": 2.472712688064146e-07,
        "8": 2.3390945064395246e-07,
        "9": 7.631325072848482e-08,
        "10": 6.220436328704509e-08,
        "11": 6.530269723730257e-08,
        "12": 5.388299527310236e-08,
        "13": 1.6977673275847733e-07
    },
    "2": {
        "1": 0.0062647230291902984,
        "2": 0.0020987023636303316,
        "3": 0.0010666538849200176,
        "4": 0.0005094633808051417,
        "5": 0.0005454957649813036,
        "6": 0.0005030733933056433,
        "7": 0.00032123397899972794,
        "8": 0.00044235483183320843,
        "9": 0.00043809054728457907,
        "10": 0.0003821390361329582,
        "11": 0.00020618864868629454,
        "12": 0.00019475323644166625
    },
    "3": {
        "1": 0.0002131112679869045,
        "2": 2.7853351153867302e-05,
        "3": 2.4018180885850334e-06,
        "4": 1.9612202429937144e-06,
        "5": 2.7040854792782927e-06,
        "6": 6.757345455050844e-07,
        "7": 4.79691998330571e-07,
        "8": 1.2198850019105412e-06,
        "9": 2.513662131580466e-07,
        "10": 3.712364885286155e-07,
        "11": 1.834581845714284e-07,
        "12": 2.288670650524529e-07
    },
    "4": {
        "1": 0.0008343841973295474,
        "2": 0.00023980937527676638,
        "3": 4.482056571781966e-05,
        "4": 1.4530275569496407e-05,
        "5": 9.753926465827456e-06,
        "6": 1.3117207517637252e-06,
        "7": 9.375840792161208e-07,
        "8": 2.0392353900459525e-06,
        "9": 6.817888442819912e-07,
        "10": 5.67999507986072e-07,
        "11": 5.929202448598208e-07,
        "12": 5.074875025450736e-07
    },
    "5": {
        "1": 0.00017080531675191702,
        "2": 7.778486738224384e-05,
        "3": 4.921121368492652e-05,
        "4": 2.7957358223819223e-05,
        "5": 2.5822288428257346e-05,
        "6": 5.647612070960621e-07,
        "7": 6.449561176774261e-07,
        "8": 6.275423515432897e-07,
        "9": 5.925199519041187e-07,
        "10": 6.25990852714827e-07,
        "11": 5.667686285094894e-07,
        "12": 6.281237783303183e-07
    },
    "6": {
        "1": 6.068768780165294e-07,
        "2": 6.5480838057028e-07,
        "3": 6.443916911485253e-07,
        "4": 6.486808939214597e-07,
        "5": 5.985401164700512e-07,
        "6": 6.161365234305361e-07,
        "7": 6.228835071085462e-07,
        "8": 2.616436685110134e-07,
        "9": 1.2880490651922916e-07,
        "10": 2.8607356358050687e-08,
        "11": 1.2473411463052031e-07,
        "12": 1.9608849625900767e-08
    },
    "7": {
        "1": 0.00010848347446475837,
        "2": 3.8904165252705975e-05,
        "3": 8.35683230749887e-06,
        "4": 5.579287926439594e-06,
        "5": 1.0240688088952395e-06,
        "6": 8.658678234266484e-07,
        "7": 2.787117760089571e-07,
        "8": 7.65930083038091e-08,
        "9": 9.010483639741734e-08,
        "10": 5.931734183927073e-08,
        "11": 2.5608373548532174e-08,
        "12": 4.1984706412654924e-08
    },
    "8": {
        "1": 0.00016777490522010768,
        "2": 3.797417594737131e-05,
        "3": 8.804589746371705e-06,
        "4": 3.588989458250939e-06,
        "5": 9.043592852655712e-07,
        "6": 4.174657878740427e-07,
        "7": 4.5009650643915886e-07,
        "8": 3.3252629685593175e-07,
        "9": 6.335180934533711e-08,
        "10": 3.773749416845912e-08,
        "11": 2.639248719796058e-08,
        "12": 1.1654502873634471e-08
    },
    "9": {
        "1": 5.371706119771513e-05,
        "2": 2.9462492433958438e-05,
        "3": 2.18734723777941e-05,
        "4": 1.4644562685134463e-05,
        "5": 1.3219646313438539e-05,
        "6": 1.06256294722675e-05,
        "7": 1.3313854828053025e-05,
        "8": 1.4499631462537542e-05,
        "9": 1.074253874720586e-05,
        "10": 9.919701594757013e-06,
        "11": 1.1626231777338524e-05,
        "12": 9.155466429916207e-06
    },
    "10": {
        "1": 0.0063343462794248195,
        "2": 0.0012270646955290375,
        "3": 0.00024935469749908776,
        "4": 5.0543930811547374e-05,
        "5": 3.003632539006633e-05,
        "6": 1.2638772738643313e-05,
        "7": 1.1064791647178891e-05,
        "8": 7.745685982460575e-06,
        "9": 1.0488977490861398e-05,
        "10": 9.758969176953204e-06,
        "11": 8.117839865960485e-06,
        "12": 6.688713376687463e-06
    },
    "11": {
        "1": 2.1082336036829174e-06,
        "2": 8.708779396887187e-06,
        "3": 1.4222425944934609e-05,
        "4": 1.2035138129289229e-05,
        "5": 8.860589284544172e-06,
        "6": 8.502678550888027e-06,
        "7": 1.1180250620622921e-05,
        "8": 9.823391388378711e-06,
        "9": 9.435224785184692e-06,
        "10": 9.815693986770093e-06,
        "11": 9.095400430081058e-06,
        "12": 7.65724611107924e-06
    },
    "12": {
        "1": 0.0021170700912809663,
        "2": 0.00044506825801037095,
        "3": 0.00011550310816074308,
        "4": 3.867083462369014e-05,
        "5": 2.2271874172693374e-05,
        "6": 1.2905762308406045e-05,
        "7": 1.1811416109737088e-05,
        "8": 1.4434743891488762e-05,
        "9": 7.762919832186745e-06,
        "10": 6.576038535820823e-06,
        "11": 4.8326212667311325e-06,
        "12": 6.114863834397662e-06
    },
    "13": {
        "1": 3.782688157824092e-06,
        "2": 1.7005866285787413e-06,
        "3": 1.0452473999132197e-06,
        "4": 2.1737015046371968e-07,
        "5": 1.8051063357426948e-07,
        "6": 2.0008453737962926e-07,
        "7": 1.4877026559367905e-07,
        "8": 6.835550006616339e-08,
        "9": 5.4919092647331304e-08,
        "10": 4.8338036591033396e-08,
        "11": 3.727050518766483e-08,
        "12": 4.3150435334404944e-08
    },
    "14": {
        "1": 0.00010591841635178692,
        "2": 2.8713412748743103e-05,
        "3": 5.359680060609344e-06,
        "4": 1.5258831081544986e-06,
        "5": 9.390592828690586e-07,
        "6": 7.342124635643713e-07,
        "7": 6.051528262135111e-07,
        "8": 5.156853887332406e-07,
        "9": 5.926277641994589e-07,
        "10": 4.852643352375005e-07,
        "11": 4.1235586521313906e-07,
        "12": 4.457808914039358e-07
    },
    "15": {
        "1": 0.00012853313688922368,
        "2": 5.12493851007793e-05,
        "3": 2.2171417080950823e-05,
        "4": 1.6195105505979526e-05,
        "5": 1.3766728333208816e-05,
        "6": 1.3556037150984061e-05,
        "7": 1.1274699488557516e-05,
        "8": 1.0272590041170207e-05,
        "9": 1.0978131695652448e-05,
        "10": 8.57031873793272e-06,
        "11": 8.710337428668463e-06,
        "12": 8.161661154717808e-06
    },
    "16": {
        "1": 0.00021801968533052108,
        "2": 2.3473596429787795e-05,
        "3": 9.302117866418474e-06,
        "4": 1.0620203251118885e-06,
        "5": 1.2978503758594206e-06,
        "6": 3.400862483378613e-07,
        "7": 1.808040580178346e-06,
        "8": 1.6171804918576612e-07,
        "9": 4.239977338084119e-07,
        "10": 3.115120948302393e-07,
        "11": 6.751239182000418e-07,
        "12": 1.2643083394318456e-07
    },
    "17": {
        "1": 0.00114757139796877,
        "2": 0.000244695865380268,
        "3": 3.6596558487679355e-05,
        "4": 5.867435585687903e-06,
        "5": 7.887452731876937e-06,
        "6": 1.7257218073372011e-06,
        "7": 1.036168091354963e-06,
        "8": 1.338219675690616e-06,
        "9": 5.525893956912674e-07,
        "10": 4.368978952612149e-07,
        "11": 3.003672636480898e-07,
        "12": 1.9862633839221845e-07
    },
    "18": {
        "1": 0.00018308674360103928,
        "2": 2.759022416701138e-05,
        "3": 5.647367331292107e-06,
        "4": 8.140689119094276e-07,
        "5": 8.220743408590597e-07,