{
    "1": {
        "1": 6.730406511351255e-05,
        "2": 1.4021729302080971e-05,
        "3": 2.485032756858396e-06,
        "4": 4.0166070249735495e-07,
        "5": 1.2904117192537175e-07,
        "6": 8.536634675767633e-08,
        "7": 8.984726986005622e-08,
        "8": 1.6453661062564564e-08,
        "9": 1.3810230960634154e-08,
        "10": 8.474071757936283e-09,
        "11": 2.9547604905445973e-09,
        "12": 2.4060932263470228e-09,
        "13": 3.576648766078848e-08
    },
    "2": {
        "1": 0.00042181868326674886,
        "2": 0.00040285445966054033,
        "3": 0.00035468896655605153,
        "4": 0.00034912522347162666,
        "5": 0.00036634842576700933,
        "6": 0.00033443731452755573,
        "7": 0.00039006937581704317,
        "8": 0.0003317961807256273,
        "9": 0.0003777035966055524,
        "10": 0.0003562447534587777,
        "11": 0.00036067802785218103,
        "12": 0.00039175104293538775
    },
    "3": {
        "1": 3.1482594448620308e-06,
        "2": 4.333181825086509e-06,
        "3": 1.7852546317006372e-06,
        "4": 1.0757642767400651e-06,
        "5": 6.566626817480638e-07,
        "6": 3.049552209026782e-07,
        "7": 3.2620063584585708e-06,
        "8": 7.688383365759808e-08,
        "9": 9.079860995408148e-08,
        "10": 4.3300194038745914e-08,
        "11": 5.115828049016598e-08,
        "12": 1.4454057700307634e-07
    },
    "4": {
        "1": 2.3858254968835603e-05,
        "2": 5.971265486672048e-06,
        "3": 2.0837757394992734e-06,
        "4": 5.900628087272439e-07,
        "5": 2.433849500370885e-07,
        "6": 4.023668570853889e-07,
        "7": 2.2130402246031646e-07,
        "8": 2.0954006685047067e-07,
        "9": 1.3638051124985882e-07,
        "10": 1.7675198519157582e-07,
        "11": 1.0715135329721043e-07,
        "12": 1.1776681502900949e-07
    },
    "5": {
        "1": 7.671893258498004e-06,
        "2": 5.7378104025745956e-06,
        "3": 4.877189327757775e-06,
        "4": 4.327795016050482e-06,
        "5": 4.149714390253755e-06,
        "6": 3.971023129483886e-06,
        "7": 4.117671550571734e-06,
        "8": 4.344427057752675e-06,
        "9": 4.223661985211024e-06,
        "10": 3.82789343495788e-06,
        "11": 3.655844882133683e-06,
        "12": 3.785681455041146e-06
    },
    "6": {
        "1": 6.635628343325899e-07,
        "2": 1.4568994943457498e-06,
        "3": 5.387958586414775e-07,
        "4": 7.685862405978468e-08,
        "5": 8.108563305401175e-08,
        "6": 5.03625564871956e-08,
        "7": 3.590042905108476e-08,
        "8": 3.0452973290974084e-08,
        "9": 2.9108131376919693e-08,
        "10": 2.6005458513148766e-08,
        "11": 1.9256859149170532e-08,
        "12": 1.871488853333754e-08
    },
    "7": {
        "1": 8.575261234493495e-06,
        "2": 3.504406061315575e-06,
        "3": 1.162967713324156e-06,
        "4": 3.238492617168836e-07,
        "5": 9.962702869665712e-08,
        "6": 6.023865527512569e-08,
        "7": 5.105869592942079e-08,
        "8": 5.760500388505552e-08,
        "9": 4.449431154395609e-08,
        "10": 3.9112175374439066e-08,
        "11": 3.82569954096525e-08,
        "12": 3.7397322503200976e-08
    },
    "8": {
        "1": 2.1676727126533803e-05,
        "2": 5.2543898424691e-06,
        "3": 8.299877884277056e-07,
        "4": 3.091315502632291e-07,
        "5": 7.317902648777804e-08,
        "6": 5.997489151794532e-08,
        "7": 4.453263670937946e-08,
        "8": 4.5305479527215546e-08,
        "9": 5.319364591993144e-08,
        "10": 4.500833182269693e-08,
        "11": 3.4671657652851816e-08,
        "12": 3.145448602178585e-08
    },
    "9": {
        "1": 1.831729990684242e-05,
        "2": 1.1532802528892701e-05,
        "3": 9.860172396458346e-06,
        "4": 8.588579696945418e-06,
        "5": 7.924533383546238e-06,
        "6": 8.042086000033467e-06,
        "7": 7.690367905056337e-06,
        "8": 6.468914754423869e-06,
        "9": 7.29995497676746e-06,
        "10": 6.723982082241051e-06,
        "11": 6.7136751237980756e-06,
        "12": 7.0021922125839655e-06
    },
    "10": {
        "1": 8.343185127290767e-05,
        "2": 2.979004579226072e-05,
        "3": 1.0307820837602904e-05,
        "4": 7.704064577601433e-06,
        "5": 4.592720924795047e-06,
        "6": 5.250253399137142e-06,
        "7": 5.519267070095418e-06,
        "8": 3.740877306666283e-06,
        "9": 4.36038025975824e-06,
        "10": 4.453435692263854e-06,
        "11": 3.8530493051610775e-06,
        "12": 4.466740728012144e-06
    },
    "11": {
        "1": 1.4299573134713898e-06,
        "2": 1.975276340158695e-06,
        "3": 2.2679694478487786e-06,
        "4": 2.4071654330243423e-06,
        "5": 2.160804796618066e-06,
        "6": 2.0640275970844637e-06,
        "7": 2.154464780648558e-06,
        "8": 2.079526864834892e-06,
        "9": 2.3258759468157734e-06,
        "10": 2.112535482318206e-06,
        "11": 2.3270776135957303e-06,
        "12": 2.417920567059355e-06
    },
    "12": {
        "1": 0.00010083515628899132,
        "2": 3.265203581852086e-05,
        "3": 1.10622654970305e-05,
        "4": 6.979253641651538e-06,
        "5": 3.819489787858835e-06,
        "6": 4.2293664568328595e-06,
        "7": 3.867881271827235e-06,
        "8": 2.889994053031408e-06,
        "9": 2.6992127104674894e-06,
        "10": 2.900919624534465e-06,
        "11": 1.8815228045275224e-06,
        "12": 1.6016534802370418e-06
    },
    "13": {
        "1": 1.5503215187117803e-05,
        "2": 3.071670576083786e-06,
        "3": 2.696266571448598e-07,
        "4": 1.4390462712257553e-07,
        "5": 9.644556969460901e-08,
        "6": 7.175175657267554e-08,
        "7": 7.876576789924911e-08,
        "8": 7.698731613694164e-08,
        "9": 6.945924297813445e-08,
        "10": 7.200760678860242e-08,
        "11": 6.277554651404229e-08,
        "12": 5.994433481111852e-08
    },
    "14": {
        "1": 6.650093243141512e-05,
        "2": 2.4256352140480454e-05,
        "3": 6.483384573275633e-06,
        "4": 4.1243645947396935e-06,
        "5": 2.1384533405160515e-06,
        "6": 1.1130546920251733e-06,
        "7": 1.8379399884314348e-06,
        "8": 8.018127698718352e-07,
        "9": 1.116306210453077e-06,
        "10": 7.230929075031202e-07,
        "11": 6.292592960600953e-07,
        "12": 6.626721814153808e-07
    },
    "15": {
        "1": 5.194052879142555e-06,
        "2": 1.2192962992726539e-05,
        "3": 9.29426022832655e-06,
        "4": 8.70022206413511e-06,
        "5": 7.431586094974217e-06,
        "6": 6.604320840060714e-06,
        "7": 6.988698750143407e-06,
        "8": 6.8713303325526366e-06,
        "9": 6.661255661537075e-06,
        "10": 7.283270982834538e-06,
        "11": 6.434753379870347e-06,
        "12": 5.8085069140554915e-06
    },
    "16": {
        "1": 3.3219463656538686e-06,
        "2": 3.085704613710225e-06,
        "3": 2.50009466810889e-06,
        "4": 4.429192081545528e-07,
        "5": 3.588337625561606e-07,
        "6": 2.4245420571032226e-07,
        "7": 1.2317915634679004e-07,
        "8": 4.72586238887247e-07,
        "9": 9.160191639320581e-08,
        "10": 1.7921893922597074e-07,
        "11": 1.0875413643930552e-07,
        "12": 6.952769205640948e-08
    },
    "17": {
        "1": 2.1484697695338304e-05,
        "2": 4.465527700844771e-06,
        "3": 1.7749229663517427e-06,
        "4": 9.310444010165095e-07,
        "5": 4.169685270640252e-07,
        "6": 3.759686978322453e-07,
        "7": 3.8779757915158006e-07,
        "8": 2.713501547329681e-07,
        "9": 2.2238126754301125e-07,
        "10": 1.715483164612766e-07,
        "11": 1.1296273982640781e-07,
        "12": 2.6905072648166e-07
    },
    "18": {
        "1": 5.211472807770229e-06,
        "2": 2.6557727590517614e-06,
        "3": 1.4080287885249835e-06,
        "4": 8.455923489504208e-07,
        "5": 5.122000905821187e-07,