{
    "1": 0.023890986997719438,
    "2": 0.006760498604732117,
    "3": 0.0019318558716032378,
    "4": 0.0005557752685237336,
    "5": 0.0002017268102432655,
    "6": 0.0002903542167972145,
    "7": 9.986332068807019e-05,
    "8": 0.00010653676758415829,
    "9": 0.00010116307976505388,
    "10": 6.119762056804791e-05,
    "11": 4.619912117020035e-05,
    "12": 2.204375724519276e-05,
    "13": 1.1944337390913669e-05
}