{
    "1": 0.009769397518366507,
    "2": 0.0023993903684976247,
    "3": 0.0006047699308638891,
    "4": 0.00018269507712328947,
    "5": 9.949176938058154e-05,
    "6": 3.358930980287633e-05,
    "7": 4.6587216385815326e-05,
    "8": 1.9856383809901027e-05,
    "9": 1.8965333656309737e-05,
    "10": 1.463339700372277e-05,
    "11": 1.3147723128657051e-05,
    "12": 1.3564526591531237e-05,
    "13": 1.0014889468502622e-05
}