{
    "1": 0.00036962144167112344,
    "2": 4.5231484636551506e-05,
    "3": 5.25766166446453e-06,
    "4": 4.875243807746978e-06,
    "5": 3.636689733067998e-07,
    "6": 3.885363216596985e-07,
    "7": 1.0969718958367608e-06,
    "8": 3.679669619338332e-07,
    "9": 2.4848428297593265e-07,
    "10": 5.768944263676286e-08,
    "11": 1.166781429107882e-07,
    "12": 8.139305142297083e-08,
    "13": 9.358157285166732e-08
}