{
    "1": 0.013854993271063055,
    "2": 0.0037818016037017743,
    "3": 0.0006468008853615178,
    "4": 0.00019459241015383434,
    "5": 0.0001508865313080473,
    "6": 5.047937262969249e-05,
    "7": 2.577776984335924e-05,
    "8": 3.479202516184328e-05,
    "9": 2.3590166505172784e-05,
    "10": 1.5533593630782092e-05,
    "11": 3.362084185611807e-06,
    "12": 3.0387709788220933e-06,
    "13": 6.939243794580847e-06
}