{
    "1": 0.02412537140429664,
    "2": 0.004643039519795235,
    "3": 0.0012162343086034274,
    "4": 0.0009819606402014334,
    "5": 0.00025142099983340913,
    "6": 0.00014240184607575599,
    "7": 8.649916939117889e-05,
    "8": 9.133290916910467e-05,
    "9": 7.529053151346477e-05,
    "10": 6.2760270957479e-05,
    "11": 3.9668322412051525e-05,
    "12": 2.079052477146668e-05,
    "13": 1.0980296561924032e-05
}