{
    "1": 0.0064613542765479684,
    "2": 0.0021424671215705448,
    "3": 0.00033103158909671284,
    "4": 0.0001207880952975818,
    "5": 5.727705879341865e-05,
    "6": 5.016757507449874e-05,
    "7": 6.665392956052933e-05,
    "8": 3.598854409369006e-05,
    "9": 4.96030342833908e-05,
    "10": 4.344445258653351e-05,
    "11": 5.45775020882715e-05,
    "12": 4.924717105668639e-05,
    "13": 3.29469160473055e-05
}