{
    "1": 0.02429081319638304,
    "2": 0.005269118657381783,
    "3": 0.0011422197496054388,
    "4": 0.0006351718221317324,
    "5": 0.00036921580009497155,
    "6": 0.00017891412185742523,
    "7": 0.00014395028464097724,
    "8": 0.00010980159657947525,
    "9": 7.758217249299137e-05,
    "10": 5.486641799720504e-05,
    "11": 5.130490455883121e-05,
    "12": 1.881431892507436e-05,
    "13": 2.4167287958911555e-05
}