{
    "4": {
        "4": {
            "5": {
                "original": 0.7702146232197579,
                "twirled": {
                    "1": [
                        0.7720639678646943
                    ],
                    "2": [
                        0.7932434425201504,
                        0.7953644060714297,
                        0.7961020361085348,
                        0.7545104464543532,
                        0.7521062975413245,
                        0.753398600831517,
                        0.7519603705819031,
                        0.752826879953148,
                        0.7518146105026082
                    ],
                    "3": [
                        0.6953258994968543,
                        0.6877688649566579,
                        0.6941743793761883,
                        0.6917616237375661
                    ],
                    "4": [
                        0.8287972824800132,
                        0.7312749861858073,
                        0.7298126239344999,
                        0.7306139391867087,
                        0.7514450084710648,
                        0.7511380387619595,
                        0.7497654716668322
                    ],
                    "6": [
                        0.6932389884146806,
                        0.6932969416338266,
                        0.692248794989677,
                        0.6920232490150554
                    ],
                    "8": [
                        0.748135005978008,
                        0.7483286854553256,
                        0.7522040083030791
                    ],
                    "12": [
                        0.5872261003579213
                    ],
                    "24": [
                        0.5860314653937627
                    ]
                }
            }
        }
    }
}