{
    "4": {
        "3": {
            "7": {
                "original": 0.5096421467041414,
                "twirled": {
                    "1": [
                        0.5082829373479907
                    ],
                    "2": [
                        0.722798452044847,
                        0.7266633474846059,
                        0.6200457846167607,
                        0.6260103817591579,
                        0.6687854126085062,
                        0.6720404704874937,
                        0.6207303820838672,
                        0.6753034126303641,
                        0.671091025737626
                    ],
                    "3": [
                        0.695562815909321,
                        0.6919952632399633,
                        0.6895435158899829,
                        0.6879199970245775
                    ],
                    "4": [
                        0.8051296347364292,
                        0.6729180016435777,
                        0.6809108701810412,
                        0.6630013422596094,
                        0.7402091743905833,
                        0.7662540786017079,
                        0.8012044639779445
                    ],
                    "6": [
                        0.6954246514177881,
                        0.6887544197136336,
                        0.690435739956669,
                        0.68725847993203
                    ],
                    "8": [
                        0.7355792205421544,
                        0.7976438241686857,
                        0.7715223505450333
                    ],
                    "12": [
                        0.6609318645650047
                    ],
                    "24": [
                        0.6628316744013175
                    ]
                }
            }
        }
    }
}