{
    "4": {
        "4": {
            "18": {
                "original": 0.6416964618259349,
                "twirled": {
                    "1": [
                        0.6401660252025909
                    ],
                    "2": [
                        0.7642362995744483,
                        0.7635474040393095,
                        0.7660253565110227,
                        0.7453025586146172,
                        0.7444118430270893,
                        0.7122301404350357,
                        0.7435091980258512,
                        0.7119454381804214,
                        0.7411951101775496
                    ],
                    "3": [
                        0.7630091622859699,
                        0.7646726952215535,
                        0.7625341991087198,
                        0.7639856385919114
                    ],
                    "4": [
                        0.8370746814335691,
                        0.7663862418543402,
                        0.7656677804184285,
                        0.748919092980651,
                        0.813759585297946,
                        0.8038824452976483,
                        0.8150618171355422
                    ],
                    "6": [
                        0.7634601832749537,
                        0.76232776454646,
                        0.7614750195377181,
                        0.7645847058578853
                    ],
                    "8": [
                        0.8148652137573071,
                        0.8143210772986276,
                        0.8072948316537135
                    ],
                    "12": [
                        0.7499515348881202
                    ],
                    "24": [
                        0.7485163437338594
                    ]
                }
            }
        }
    }
}