{
    "4": {
        "5": {
            "1": {
                "original": 1.84297022087776e-17,
                "twirled": {
                    "1": [
                        -8.126832540256146e-18
                    ],
                    "2": [
                        2.078337502098293e-17,
                        -5.773159728050814e-19,
                        3.4283687000424836e-17,
                        1.474376176702208e-17,
                        -5.3290705182007515e-18,
                        1.2834178164666809e-17,
                        -7.727152251391089e-18,
                        5.240252676230739e-18,
                        6.3060667798708895e-18
                    ],
                    "3": [
                        -1.141309269314661e-17,
                        2.757793993168889e-17,
                        3.819167204710538e-17,
                        5.773159728050814e-18
                    ],
                    "4": [
                        1.3367085216486884e-17,
                        2.5757174171303633e-17,
                        -4.085620730620576e-18,
                        1.9273471707492718e-17,
                        2.970956813896919e-17,
                        -5.551115123125783e-18,
                        -7.460698725481051e-18
                    ],
                    "6": [
                        -2.4424906541753442e-18,
                        1.3944401189291965e-17,
                        1.70086167372574e-17,
                        -1.580957587066223e-17
                    ],
                    "8": [
                        -5.728750807065808e-18,
                        -8.79296635503124e-18,
                        7.94919685631612e-18
                    ],
                    "12": [
                        2.304822999121825e-17
                    ],
                    "24": [
                        -1.3855583347321953e-17
                    ]
                }
            }
        }
    }
}