{
    "4": {
        "1": {
            "2": {
                "original": 0.6214956470885108,
                "twirled": {
                    "1": [
                        3.7569947153315295e-17
                    ],
                    "2": [
                        0.7509625149334969,
                        0.794645489423481,
                        0.8804807486199252,
                        0.3493523573854359,
                        0.6966052248635096,
                        0.7054494853584943,
                        0.5700874848307588,
                        0.7267206744181457,
                        0.5903380905666165
                    ],
                    "3": [
                        0.6044731393091298,
                        0.7370400301693779,
                        0.8021735468379552,
                        0.7490862388816169
                    ],
                    "4": [
                        0.6214698164523581,
                        0.6493271622483023,
                        0.7059801355387739,
                        0.5617885495333883,
                        0.6747736108832271,
                        0.5899602749988395,
                        0.6913931733005048
                    ],
                    "6": [
                        0.6011523167304533,
                        0.7125816608507684,
                        0.7310223455723845,
                        0.7688514247302444
                    ],
                    "8": [
                        0.6012211936758067,
                        0.5860363587597519,
                        0.5258703282671741
                    ],
                    "12": [
                        0.6268589150531049
                    ],
                    "24": [
                        0.6307272790278992
                    ]
                }
            }
        }
    }
}