{
    "4": {
        "2": {
            "10": {
                "original": 0.560497876803086,
                "twirled": {
                    "1": [
                        0.5648141251491878
                    ],
                    "2": [
                        0.5959624452031494,
                        0.47054062359908705,
                        0.5960932760608457,
                        0.5818237321156547,
                        0.5844918324943049,
                        0.5138417034281956,
                        0.5797258502581445,
                        0.513551411520576,
                        0.5857466424265138
                    ],
                    "3": [
                        0.5741006068840162,
                        0.5725617505946772,
                        0.5744388440520569,
                        0.5718531047528324
                    ],
                    "4": [
                        0.43653181659018647,
                        0.5975744692098816,
                        0.5978132406695283,
                        0.46807687531860376,
                        0.5718779659740412,
                        0.4405177888600354,
                        0.5668962457088265
                    ],
                    "6": [
                        0.576354159304108,
                        0.5705131628837474,
                        0.5739485207609853,
                        0.57219979763449
                    ],
                    "8": [
                        0.5666123666486734,
                        0.5730197618115483,
                        0.43974411058684443
                    ],
                    "12": [
                        0.5493087988896724
                    ],
                    "24": [
                        0.5463063508811375
                    ]
                }
            }
        }
    }
}