{
    "4": {
        "1": {
            "15": {
                "original": 0.6824740958004529,
                "twirled": {
                    "1": [
                        -7.815970093361103e-18
                    ],
                    "2": [
                        0.5948652163149585,
                        0.63235541126291,
                        0.8032141249817775,
                        0.692833402250278,
                        0.6245661244013745,
                        0.6899636496054452,
                        0.6553479530205948,
                        0.6863303414940607,
                        0.6179074737391407
                    ],
                    "3": [
                        0.8155771731367943,
                        0.8039321025362045,
                        0.8149446950763831,
                        0.8078870517239871
                    ],
                    "4": [
                        0.8290163088071113,
                        0.7553841343959277,
                        0.728819317492307,
                        0.6947236001657549,
                        0.8421695996829165,
                        0.7816547096413203,
                        0.8566081279543214
                    ],
                    "6": [
                        0.7771259621395568,
                        0.7797184237224785,
                        0.7445923060138273,
                        0.8101408299420964
                    ],
                    "8": [
                        0.793251305262888,
                        0.8325883975813733,
                        0.6915782214175357
                    ],
                    "12": [
                        0.6618323821778126
                    ],
                    "24": [
                        0.658646897984166
                    ]
                }
            }
        }
    }
}