{
    "4": {
        "2": {
            "18": {
                "original": 0.42289966812126395,
                "twirled": {
                    "1": [
                        0.4198128574239711
                    ],
                    "2": [
                        0.6101736045889388,
                        0.6006742299257319,
                        0.6099661678535612,
                        0.5676688218710981,
                        0.5657996798737825,
                        0.531326174378373,
                        0.5675979555738491,
                        0.5305222937607071,
                        0.5723414754985002
                    ],
                    "3": [
                        0.6875500070690878,
                        0.6890385180564813,
                        0.6851131256378031,
                        0.6837502019068165
                    ],
                    "4": [
                        0.7438504452589817,
                        0.6289117948989186,
                        0.6282052588282302,
                        0.6159523345070825,
                        0.7583536088247145,
                        0.7355134418182357,
                        0.7573852267138013
                    ],
                    "6": [
                        0.6858868769495059,
                        0.6869285878969835,
                        0.6861969346740289,
                        0.6885282487465575
                    ],
                    "8": [
                        0.7525963336118422,
                        0.7597067507719122,
                        0.7379604380000709
                    ],
                    "12": [
                        0.7358640905531927
                    ],
                    "24": [
                        0.7360984698876791
                    ]
                }
            }
        }
    }
}