{
    "4": {
        "2": {
            "11": {
                "original": 0.6673452208979108,
                "twirled": {
                    "1": [
                        0.6654822601582192
                    ],
                    "2": [
                        0.7520977253642788,
                        0.7159510385467096,
                        0.6669788618895197,
                        0.6864246246748559,
                        0.6879837713341885,
                        0.5911016205984576,
                        0.6955960277317046,
                        0.6416855229101458,
                        0.6771691345642629
                    ],
                    "3": [
                        0.5361882591978799,
                        0.5979059750458793,
                        0.5306528856551088,
                        0.559958773352595
                    ],
                    "4": [
                        0.7106697160380401,
                        0.6919418338369676,
                        0.584751222493257,
                        0.5704053598592906,
                        0.6537714419683878,
                        0.5184037734242007,
                        0.6892977461450392
                    ],
                    "6": [
                        0.5376490509843931,
                        0.5614664330512872,
                        0.5939611919517229,
                        0.5286120184474221
                    ],
                    "8": [
                        0.6533608599575038,
                        0.6896542847166378,
                        0.5210433458556816
                    ],
                    "12": [
                        0.47948723536568505
                    ],
                    "24": [
                        0.47832593306731314
                    ]
                }
            }
        }
    }
}