{
    "4": {
        "1": {
            "11": {
                "original": 0.5361296542349824,
                "twirled": {
                    "1": [
                        0.5389490763720499
                    ],
                    "2": [
                        0.6340270591053032,
                        0.5713757446298536,
                        0.5158630376936408,
                        0.5644049179845194,
                        0.5422256538384987,
                        0.40635921377658846,
                        0.5731519720762174,
                        0.46855870697587626,
                        0.5282887798260972
                    ],
                    "3": [
                        0.33798620709590865,
                        0.4175649449286935,
                        0.33609385854848894,
                        0.3800747263629518
                    ],
                    "4": [
                        0.5975050978996623,
                        0.5823394175855954,
                        0.4332516006859935,
                        0.39462833178918644,
                        0.5475375405618713,
                        0.3707293188515686,
                        0.483559338113306
                    ],
                    "6": [
                        0.33903970783782317,
                        0.38150462311699596,
                        0.4152442843935257,
                        0.3380326317866099
                    ],
                    "8": [
                        0.5458884208101163,
                        0.48479150309448615,
                        0.36569793493957387
                    ],
                    "12": [
                        0.29636202249165383
                    ],
                    "24": [
                        0.2965635233530123
                    ]
                }
            }
        }
    }
}