{
    "4": {
        "5": {
            "8": {
                "original": 0.6737601215758122,
                "twirled": {
                    "1": [
                        0.6752762765609313
                    ],
                    "2": [
                        0.8222047521143714,
                        0.8082562724744209,
                        0.8002974501833885,
                        0.7449156369764123,
                        0.7737936886672855,
                        0.7787205640680042,
                        0.7476568920482914,
                        0.7843935821601404,
                        0.7896176850016638
                    ],
                    "3": [
                        0.7487870879633641,
                        0.7553408849633076,
                        0.7506008403350216,
                        0.7578428428990754
                    ],
                    "4": [
                        0.8364035438125486,
                        0.7760195385181347,
                        0.7552278262762545,
                        0.7637396956654663,
                        0.7843277026688387,
                        0.7128329118363915,
                        0.8122693934201562
                    ],
                    "6": [
                        0.7468319180237429,
                        0.7558461278218674,
                        0.7563918339789156,
                        0.7519904397931093
                    ],
                    "8": [
                        0.7825897135868014,
                        0.8103899558484371,
                        0.7128343179358065
                    ],
                    "12": [
                        0.7144671668626394
                    ],
                    "24": [
                        0.7125511746744944
                    ]
                }
            }
        }
    }
}