{
    "4": {
        "4": {
            "12": {
                "original": 0.7213851387920299,
                "twirled": {
                    "1": [
                        0.7203112626802907
                    ],
                    "2": [
                        0.8153956341999833,
                        0.8002186308382475,
                        0.7962498486361168,
                        0.7477797182977046,
                        0.7496799861535509,
                        0.7251836053847739,
                        0.7475302578735514,
                        0.7230816750735175,
                        0.7361079966801061
                    ],
                    "3": [
                        0.7223186372430359,
                        0.7252797040243535,
                        0.7194179097877679,
                        0.7194398551314017
                    ],
                    "4": [
                        0.8536848203181374,
                        0.7647648740092705,
                        0.7608644419744786,
                        0.7093379100140527,
                        0.8014481270840669,
                        0.7985771336518975,
                        0.81411502647878
                    ],
                    "6": [
                        0.7211583201197713,
                        0.7186504346150747,
                        0.7230554589125827,
                        0.7206180005743109
                    ],
                    "8": [
                        0.8002572848465909,
                        0.8156793877860408,
                        0.8026904179228722
                    ],
                    "12": [
                        0.6934610046391367
                    ],
                    "24": [
                        0.696278914935921
                    ]
                }
            }
        }
    }
}