{
    "4": {
        "3": {
            "11": {
                "original": 0.744645629165194,
                "twirled": {
                    "1": [
                        0.745928854215082
                    ],
                    "2": [
                        0.7990444214903991,
                        0.7823881960158177,
                        0.7422804750959318,
                        0.7454399369463718,
                        0.7511225275728032,
                        0.689649298433989,
                        0.7545178810001555,
                        0.7272058040463275,
                        0.7445743069245846
                    ],
                    "3": [
                        0.6476623797400991,
                        0.6849776211404909,
                        0.6337406828290947,
                        0.6574919442602305
                    ],
                    "4": [
                        0.7711094136641915,
                        0.7456268745774692,
                        0.6684913340129116,
                        0.6720045848750434,
                        0.7137931046370923,
                        0.5902617285805478,
                        0.7673067450567805
                    ],
                    "6": [
                        0.649030666206108,
                        0.6573892491740697,
                        0.6853848236114237,
                        0.6346347680373495
                    ],
                    "8": [
                        0.7167054922736626,
                        0.7642480069094392,
                        0.5933480619773289
                    ],
                    "12": [
                        0.5830931753262435
                    ],
                    "24": [
                        0.5869916708848765
                    ]
                }
            }
        }
    }
}