{
    "4": {
        "4": {
            "4": {
                "original": 0.6238715551033196,
                "twirled": {
                    "1": [
                        0.6215480782246745
                    ],
                    "2": [
                        0.8034476946448174,
                        0.7993735067578526,
                        0.7712399730596996,
                        0.7012948167635097,
                        0.737539997595933,
                        0.7465330452356287,
                        0.717754687483554,
                        0.7597193283036662,
                        0.7725384605622762
                    ],
                    "3": [
                        0.7261164643972783,
                        0.7417711656809143,
                        0.7285487323469484,
                        0.7321656128914361
                    ],
                    "4": [
                        0.7741596042143486,
                        0.7510446194517887,
                        0.7228148375905014,
                        0.7116079169314331,
                        0.7556633552803647,
                        0.7318752357828292,
                        0.7814991006469765
                    ],
                    "6": [
                        0.7281574796198034,
                        0.7365512151822808,
                        0.7406721632184176,
                        0.731293183164537
                    ],
                    "8": [
                        0.7552356404259808,
                        0.7814903428822044,
                        0.7298768098061307
                    ],
                    "12": [
                        0.7222622874886826
                    ],
                    "24": [
                        0.7239700395557396
                    ]
                }
            }
        }
    }
}