{
    "4": {
        "4": {
            "2": {
                "original": 0.7965300079145332,
                "twirled": {
                    "1": [
                        0.7971334066687179
                    ],
                    "2": [
                        0.8167468894123574,
                        0.8126280523475963,
                        0.7818969937068828,
                        0.7776217149700554,
                        0.7724984353212332,
                        0.766523148082856,
                        0.7895114241299479,
                        0.7791890209025746,
                        0.78270591515992
                    ],
                    "3": [
                        0.7401352052410427,
                        0.7544500112321876,
                        0.7135681760807878,
                        0.717008102826539
                    ],
                    "4": [
                        0.7127287084727285,
                        0.7637997018019093,
                        0.7147902011523497,
                        0.6720274671552278,
                        0.7350793924861323,
                        0.7142418731207499,
                        0.7325527078767822
                    ],
                    "6": [
                        0.7414211326045497,
                        0.7138924408587414,
                        0.7543056579473545,
                        0.7158253353890145
                    ],
                    "8": [
                        0.7348954652663446,
                        0.735112455659884,
                        0.7154309793536914
                    ],
                    "12": [
                        0.7158772118759064
                    ],
                    "24": [
                        0.7162159100524932
                    ]
                }
            }
        }
    }
}