{
    "4": {
        "1": {
            "5": {
                "original": 0.28765207905170354,
                "twirled": {
                    "1": [
                        0.29259848180544207
                    ],
                    "2": [
                        0.41193937291184546,
                        0.4065822095692477,
                        0.40790440348338414,
                        0.3260858099571564,
                        0.3268142383364523,
                        0.32527088851008695,
                        0.3282948018180653,
                        0.33116308457136334,
                        0.3262983245810784
                    ],
                    "3": [
                        0.3204606706939037,
                        0.31897463934134007,
                        0.3224714493695313,
                        0.3172205223966138
                    ],
                    "4": [
                        0.516691465695896,
                        0.34530584653806057,
                        0.34964896814932817,
                        0.3540527134464288,
                        0.42540443037390796,
                        0.42348549025073545,
                        0.4239314223445976
                    ],
                    "6": [
                        0.32912113965319206,
                        0.32053978965231805,
                        0.3171027259110257,
                        0.3228129023647458
                    ],
                    "8": [
                        0.4267044326243543,
                        0.4191563562080386,
                        0.42221686416750426
                    ],
                    "12": [
                        0.25950838994994285
                    ],
                    "24": [
                        0.25737468392749063
                    ]
                }
            }
        }
    }
}