{
    "4": {
        "1": {
            "18": {
                "original": 0.22103834708159228,
                "twirled": {
                    "1": [
                        0.22109218719199522
                    ],
                    "2": [
                        0.41425304489124903,
                        0.39229214344688074,
                        0.41075640347090203,
                        0.3499063375516236,
                        0.3499601387057822,
                        0.3311742070104652,
                        0.3487747598367339,
                        0.3338226837515855,
                        0.34832953795133587
                    ],
                    "3": [
                        0.5302597104419113,
                        0.5240750326080079,
                        0.5250997101411483,
                        0.5203716050271444
                    ],
                    "4": [
                        0.5859735381488693,
                        0.4174330475771797,
                        0.420371102420178,
                        0.4231755545089157,
                        0.6013219132595429,
                        0.6163712593443597,
                        0.5884683094406906
                    ],
                    "6": [
                        0.5240780506152685,
                        0.5216664608609636,
                        0.519961081842824,
                        0.5226773761580065
                    ],
                    "8": [
                        0.5934093554385781,
                        0.599027144118252,
                        0.6253487800820566
                    ],
                    "12": [
                        0.6245711214089883
                    ],
                    "24": [
                        0.629501542164279
                    ]
                }
            }
        }
    }
}