{
    "4": {
        "3": {
            "2": {
                "original": 0.7870344604672076,
                "twirled": {
                    "1": [
                        -9.992007221626408e-18
                    ],
                    "2": [
                        0.8207145539944269,
                        0.7511334099396251,
                        0.8280118036529645,
                        0.47146739034234897,
                        0.7739677738019949,
                        0.7630086777237765,
                        0.493699920684609,
                        0.7824791170429597,
                        0.7241408915225659
                    ],
                    "3": [
                        0.77986020317704,
                        0.806611316196096,
                        0.820963802002509,
                        0.8122292517466356
                    ],
                    "4": [
                        0.7997691737444146,
                        0.790704510366361,
                        0.7957595158371525,
                        0.7716597607895616,
                        0.818237862436618,
                        0.7667504663447089,
                        0.8113738534283729
                    ],
                    "6": [
                        0.7711515199742411,
                        0.7870171685076284,
                        0.7967971404446827,
                        0.8048170847698858
                    ],
                    "8": [
                        0.7842339427736784,
                        0.7725975483682213,
                        0.7500407331400717
                    ],
                    "12": [
                        0.7560867806828715
                    ],
                    "24": [
                        0.7550691316023375
                    ]
                }
            }
        }
    }
}