{
    "4": {
        "4": {
            "11": {
                "original": 0.780311703759255,
                "twirled": {
                    "1": [
                        0.7804930451002381
                    ],
                    "2": [
                        0.819755840444959,
                        0.8119882757325094,
                        0.7839506953547962,
                        0.7751881038232921,
                        0.7781894250193111,
                        0.7410371532879916,
                        0.7846325153158011,
                        0.767810589634308,
                        0.7762472635546345
                    ],
                    "3": [
                        0.7051644204137346,
                        0.7308134356105583,
                        0.6929406825046704,
                        0.710114005840814
                    ],
                    "4": [
                        0.8086668942410441,
                        0.7717124140218995,
                        0.7177251260481747,
                        0.7274693523302586,
                        0.7478507621512105,
                        0.6434930960284474,
                        0.7959889347489034
                    ],
                    "6": [
                        0.7075217857789001,
                        0.7107993901730524,
                        0.7307532754808324,
                        0.6943041014290237
                    ],
                    "8": [
                        0.7504716905839784,
                        0.7978162541735188,
                        0.6397820328678905
                    ],
                    "12": [
                        0.6457705050635544
                    ],
                    "24": [
                        0.6457824033102687
                    ]
                }
            }
        }
    }
}