{
    "4": {
        "1": {
            "8": {
                "original": 0.27997293031600184,
                "twirled": {
                    "1": [
                        0.29045532133141644
                    ],
                    "2": [
                        0.5541848230284022,
                        0.4773246741168372,
                        0.47953326181259326,
                        0.43005227704133686,
                        0.4661590476662983,
                        0.4031247178634194,
                        0.4353794407402864,
                        0.45573254194170093,
                        0.43481728630259914
                    ],
                    "3": [
                        0.3770427726842329,
                        0.45190078339310286,
                        0.3877363019006862,
                        0.4235279039465464
                    ],
                    "4": [
                        0.5905238561696486,
                        0.5008182139692409,
                        0.4137495922075746,
                        0.39133564858246417,
                        0.5447640871665408,
                        0.4374120822293372,
                        0.5108653065326663
                    ],
                    "6": [
                        0.36223051295948505,
                        0.41606851816152884,
                        0.4449795903932397,
                        0.3775787951754917
                    ],
                    "8": [
                        0.5343439829407376,
                        0.49761725721314276,
                        0.3996496581274478
                    ],
                    "12": [
                        0.3267616687811421
                    ],
                    "24": [
                        0.3282815958018923
                    ]
                }
            }
        }
    }
}