{
    "4": {
        "5": {
            "15": {
                "original": 0.7758572034580112,
                "twirled": {
                    "1": [
                        0.7764499806462011
                    ],
                    "2": [
                        0.837380724986019,
                        0.8358333096497196,
                        0.8347225758206122,
                        0.8065039628195255,
                        0.8070289387005025,
                        0.8072250698559359,
                        0.8077335617997082,
                        0.8063641366276676,
                        0.8067717228396952
                    ],
                    "3": [
                        0.77684939711097,
                        0.7759045282969448,
                        0.777967690089079,
                        0.7765905856400069
                    ],
                    "4": [
                        0.8447933116696222,
                        0.800236467597108,
                        0.8003982908239076,
                        0.7993008358147876,
                        0.819564208863876,
                        0.811037416617628,
                        0.8124558288584786
                    ],
                    "6": [
                        0.7759415521997753,
                        0.7791463960046385,
                        0.7787938149612591,
                        0.7780722205431417
                    ],
                    "8": [
                        0.817698035043502,
                        0.8144746890737325,
                        0.8080719835181271
                    ],
                    "12": [
                        0.7513781913932895
                    ],
                    "24": [
                        0.7476603097013949
                    ]
                }
            }
        }
    }
}