{
    "4": {
        "2": {
            "4": {
                "original": 0.4667976066425625,
                "twirled": {
                    "1": [
                        0.46855438715018943
                    ],
                    "2": [
                        0.7002229368495517,
                        0.7003245630471894,
                        0.6520720637522665,
                        0.5756669035150241,
                        0.6222894464364955,
                        0.6129352452059463,
                        0.6093047042724424,
                        0.6365062083684624,
                        0.6560980197642382
                    ],
                    "3": [
                        0.5937167805871196,
                        0.6368805359729053,
                        0.5946283977987353,
                        0.5971924561365646
                    ],
                    "4": [
                        0.6624946559711298,
                        0.6498543251945024,
                        0.5888667692735303,
                        0.5532354753812424,
                        0.6522778608304266,
                        0.6266593519425729,
                        0.6606031345870836
                    ],
                    "6": [
                        0.5970457731133996,
                        0.6014216360201633,
                        0.6401273024231258,
                        0.5932330846937636
                    ],
                    "8": [
                        0.6549776407517326,
                        0.6651302111879596,
                        0.6264549359790743
                    ],
                    "12": [
                        0.6101268127573598
                    ],
                    "24": [
                        0.6066351475097649
                    ]
                }
            }
        }
    }
}