{
    "4": {
        "2": {
            "13": {
                "original": 0.6229188519145279,
                "twirled": {
                    "1": [
                        0.6247762615227521
                    ],
                    "2": [
                        0.7033023785064464,
                        0.6857127798915562,
                        0.6991622533364098,
                        0.7117504622139039,
                        0.7129922253274746,
                        0.6709057213917863,
                        0.7110574437718898,
                        0.6676487041275871,
                        0.710714737904233
                    ],
                    "3": [
                        0.7052372657012527,
                        0.7071125646865658,
                        0.7035511196302735,
                        0.7065231040938941
                    ],
                    "4": [
                        0.6915396137669529,
                        0.7195648879300394,
                        0.7200727427418343,
                        0.6624881071980439,
                        0.7111405587073667,
                        0.6479091662124733,
                        0.7196729111176643
                    ],
                    "6": [
                        0.7066135556051338,
                        0.7060096072025371,
                        0.7054200782313216,
                        0.7053876899875828
                    ],
                    "8": [
                        0.7193393401946144,
                        0.7187038690370824,
                        0.651499633642973
                    ],
                    "12": [
                        0.6674747427520891
                    ],
                    "24": [
                        0.6667253085829892
                    ]
                }
            }
        }
    }
}