{
    "4": {
        "5": {
            "10": {
                "original": 0.7254216183611547,
                "twirled": {
                    "1": [
                        3.552713678800501e-18
                    ],
                    "2": [
                        2.461852943724807e-15,
                        2.190514436506419e-15,
                        1.7422507880837657e-15,
                        0.6652796103699105,
                        0.6646235701448739,
                        2.637756679746417e-15,
                        0.6631697745756395,
                        2.76649814168195e-15,
                        0.6666445229089295
                    ],
                    "3": [
                        0.7339158157155904,
                        0.7393376696593379,
                        0.7360591388186334,
                        0.7391742782253021
                    ],
                    "4": [
                        2.1105339698124228e-15,
                        0.6039823279980884,
                        0.5999689321302256,
                        9.499911968191554e-15,
                        0.5839982046623923,
                        1.0137091166484424e-14,
                        0.5869617432320436
                    ],
                    "6": [
                        0.7363778076143132,
                        0.7348626093559809,
                        0.7368850896602284,
                        0.741668983860744
                    ],
                    "8": [
                        0.5867169649294998,
                        0.5896823100041811,
                        1.0064526989594924e-14
                    ],
                    "12": [
                        0.7182619642757642
                    ],
                    "24": [
                        0.7156818401206381
                    ]
                }
            }
        }
    }
}