{
    "4": {
        "4": {
            "15": {
                "original": 0.7757777587315381,
                "twirled": {
                    "1": [
                        0.7741336724591514
                    ],
                    "2": [
                        0.8371595972274068,
                        0.8352859915889683,
                        0.8353262761136512,
                        0.8069100795073599,
                        0.807696475968556,
                        0.8081626910616392,
                        0.8086712736027721,
                        0.8071000445843971,
                        0.8078032542930353
                    ],
                    "3": [
                        0.7779907770891569,
                        0.7775437082302005,
                        0.7777926481034668,
                        0.7765422490101404
                    ],
                    "4": [
                        0.8324495455101365,
                        0.7991147838729122,
                        0.7995255895516185,
                        0.7938904145382715,
                        0.8123219314485682,
                        0.7948692650912536,
                        0.811148707041718
                    ],
                    "6": [
                        0.7765380783887588,
                        0.775726627343808,
                        0.7795292251898926,
                        0.7777703187982901
                    ],
                    "8": [
                        0.8092601054611862,
                        0.8083913119020244,
                        0.7953713041071497
                    ],
                    "12": [
                        0.7452050755375303
                    ],
                    "24": [
                        0.7445024255728223
                    ]
                }
            }
        }
    }
}