{
    "4": {
        "1": {
            "2": {
                "original": 0.6187298725752468,
                "twirled": {
                    "1": [
                        0.6219092153214346
                    ],
                    "2": [
                        0.6061800097831287,
                        0.5829053663418043,
                        0.5393778057417545,
                        0.5386395800122527,
                        0.5268473525063668,
                        0.4307837620431152,
                        0.641050413982127,
                        0.4883711156983146,
                        0.5860803503051635
                    ],
                    "3": [
                        0.44200710581441743,
                        0.5021555471674581,
                        0.3906395567037547,
                        0.3927461971915781
                    ],
                    "4": [
                        0.5433141961396653,
                        0.5460336156469755,
                        0.4283016637935317,
                        0.3473579173564118,
                        0.5268539279621395,
                        0.5527859029549399,
                        0.43057615548556905
                    ],
                    "6": [
                        0.4241057067509904,
                        0.38196079899560953,
                        0.4787365461015934,
                        0.38036898368842387
                    ],
                    "8": [
                        0.5200063531334891,
                        0.42443526586558666,
                        0.5315440724492334
                    ],
                    "12": [
                        0.4205672038352977
                    ],
                    "24": [
                        0.4191623090028627
                    ]
                }
            }
        }
    }
}