{
    "4": {
        "1": {
            "12": {
                "original": 0.4025176161812712,
                "twirled": {
                    "1": [
                        0.39936166088592273
                    ],
                    "2": [
                        0.6035107946460107,
                        0.5099881892072,
                        0.5566464747554776,
                        0.48967085531947707,
                        0.46202898930316416,
                        0.35443176824742745,
                        0.48998048305709446,
                        0.3545742410415048,
                        0.40582793707483117
                    ],
                    "3": [
                        0.385243525285069,
                        0.38617074390598466,
                        0.37430552868821565,
                        0.3711427711518813
                    ],
                    "4": [
                        0.7182661150893518,
                        0.5610045530918069,
                        0.5034158896300919,
                        0.3495837298060118,
                        0.6726037690113053,
                        0.4933025032597995,
                        0.6286710675080449
                    ],
                    "6": [
                        0.38557545540901594,
                        0.3765734711542558,
                        0.3845188454080853,
                        0.3757693877294749
                    ],
                    "8": [
                        0.6750394617220549,
                        0.6330547523240221,
                        0.49923714424480287
                    ],
                    "12": [
                        0.39518346292742434
                    ],
                    "24": [
                        0.39519289302816174
                    ]
                }
            }
        }
    }
}