{
    "4": {
        "5": {
            "19": {
                "original": 0.7929148026206428,
                "twirled": {
                    "1": [
                        0.7924194217676541
                    ],
                    "2": [
                        0.8352092525778063,
                        0.8332137291878147,
                        0.8355996256434118,
                        0.8061679436939946,
                        0.8052548335550519,
                        0.8060568385357763,
                        0.8071785070251993,
                        0.8042882428033817,
                        0.8047103939094592
                    ],
                    "3": [
                        0.7751396731802898,
                        0.7747093954294332,
                        0.7762752336173313,
                        0.7735573597936584
                    ],
                    "4": [
                        0.8523162019345073,
                        0.7992681362123136,
                        0.7981662719758456,
                        0.7836471131482409,
                        0.818085361885839,
                        0.7953933386202756,
                        0.8185557115775642
                    ],
                    "6": [
                        0.775303280920906,
                        0.7718318425052905,
                        0.7738974219995853,
                        0.775546054816183
                    ],
                    "8": [
                        0.8163965696661789,
                        0.8184711403248902,
                        0.7976072146152985
                    ],
                    "12": [
                        0.745806114799123
                    ],
                    "24": [
                        0.7519701019228545
                    ]
                }
            }
        }
    }
}