{
    "4": {
        "4": {
            "18": {
                "original": 0.643313009348506,
                "twirled": {
                    "1": [
                        0.6408968371218733
                    ],
                    "2": [
                        0.7653581518130735,
                        0.7624984804342568,
                        0.7697742810638359,
                        0.7442605218931444,
                        0.7440865076133225,
                        0.7121476828500181,
                        0.7458128017029306,
                        0.7147563685028021,
                        0.7434729138526948
                    ],
                    "3": [
                        0.7612416383428035,
                        0.7657763553010638,
                        0.765668487633327,
                        0.7640452258003424
                    ],
                    "4": [
                        0.8383736942827187,
                        0.763584145678867,
                        0.7641013520753893,
                        0.7487374184122946,
                        0.8148874119605263,
                        0.8056490673158827,
                        0.8138804579841172
                    ],
                    "6": [
                        0.7631405293980557,
                        0.7629634705473117,
                        0.7648301073673718,
                        0.7619722630036572
                    ],
                    "8": [
                        0.8148514119555456,
                        0.8143633425661306,
                        0.8020190883768339
                    ],
                    "12": [
                        0.7487904058378936
                    ],
                    "24": [
                        0.7503936298138586
                    ]
                }
            }
        }
    }
}