{
    "4": {
        "1": {
            "19": {
                "original": 0.3910921329585266,
                "twirled": {
                    "1": [
                        0.3863573425457368
                    ],
                    "2": [
                        0.6121060012120281,
                        0.6395129137145327,
                        0.6257418851967361,
                        0.5459618915069523,
                        0.5549717719699754,
                        0.5461689919265177,
                        0.5664379336621245,
                        0.5552941169338979,
                        0.5562702646755245
                    ],
                    "3": [
                        0.528954076125897,
                        0.5305710522793639,
                        0.5305373258056492,
                        0.49898708092737243
                    ],
                    "4": [
                        0.6539954903378687,
                        0.5600568558579696,
                        0.5728049881222289,
                        0.47753851921771395,
                        0.5953322783855524,
                        0.6165001981809038,
                        0.5922460870251837
                    ],
                    "6": [
                        0.5222800129425306,
                        0.4982020319218635,
                        0.5332554778794809,
                        0.531629316280674
                    ],
                    "8": [
                        0.5947459360183066,
                        0.5877045111743111,
                        0.6180584313925682
                    ],
                    "12": [
                        0.5224845696888085
                    ],
                    "24": [
                        0.5194946750857181
                    ]
                }
            }
        }
    }
}