{
    "4": {
        "4": {
            "9": {
                "original": 0.6784848714058102,
                "twirled": {
                    "1": [
                        9.43334299563503e-16
                    ],
                    "2": [
                        0.3856530645658651,
                        0.38877932757548217,
                        3.2602809341142347e-15,
                        0.4579160776700216,
                        0.7692390709124847,
                        0.4634707994630325,
                        0.4617864322986285,
                        0.4591452152735922,
                        0.7673779631548325
                    ],
                    "3": [
                        0.705220459162447,
                        0.705355659416709,
                        0.6956882551343421,
                        0.6985776909376071
                    ],
                    "4": [
                        0.4281023293578788,
                        0.634538598067145,
                        0.732557585358546,
                        0.615027326778632,
                        0.5932742282772893,
                        0.5985042072339258,
                        0.5862302608403875
                    ],
                    "6": [
                        0.7069047981419125,
                        0.6882788037367085,
                        0.7049378888413996,
                        0.6956536737909332
                    ],
                    "8": [
                        0.5850635156802882,
                        0.59197748325877,
                        0.5890853054003972
                    ],
                    "12": [
                        0.5791127731359961
                    ],
                    "24": [
                        0.5836450201426208
                    ]
                }
            }
        }
    }
}