{
    "4": {
        "3": {
            "19": {
                "original": 0.7107861224314671,
                "twirled": {
                    "1": [
                        0.7124276704385064
                    ],
                    "2": [
                        0.8163852595877352,
                        0.8143357149148285,
                        0.8200955549684591,
                        0.7841883149593945,
                        0.7842901042024351,
                        0.782214296006658,
                        0.7835651711392608,
                        0.7839041102695536,
                        0.786687675754056
                    ],
                    "3": [
                        0.7677513939440462,
                        0.772122879053208,
                        0.7721026621084421,
                        0.766391917654632
                    ],
                    "4": [
                        0.8194243009509792,
                        0.7768217943236662,
                        0.7804361388364655,
                        0.7287700405041909,
                        0.7973820795366915,
                        0.7646602148995927,
                        0.7982976467167566
                    ],
                    "6": [
                        0.7618273061305482,
                        0.7487288649689039,
                        0.7601216540657925,
                        0.7571436776784621
                    ],
                    "8": [
                        0.7912654139791514,
                        0.7948242121868849,
                        0.7506130215404442
                    ],
                    "12": [
                        0.7345619618168595
                    ],
                    "24": [
                        0.7319730532423725
                    ]
                }
            }
        }
    }
}