{
    "4": {
        "3": {
            "12": {
                "original": 0.6664645859100818,
                "twirled": {
                    "1": [
                        0.6644021176786472
                    ],
                    "2": [
                        0.7913440987677335,
                        0.7635006914415727,
                        0.7615120905418508,
                        0.7087168245844913,
                        0.7104253642189733,
                        0.6640359074708319,
                        0.7103572035524441,
                        0.6637830460126949,
                        0.683236984981869
                    ],
                    "3": [
                        0.6741784095362806,
                        0.6718237641283462,
                        0.6689610020359954,
                        0.6716061573723549
                    ],
                    "4": [
                        0.8321169993041913,
                        0.7310489376038665,
                        0.7282890798192667,
                        0.6535005720204614,
                        0.7798689761625242,
                        0.772858961580001,
                        0.8033720822878455
                    ],
                    "6": [
                        0.6746660926820611,
                        0.6665740365071224,
                        0.6727789260101247,
                        0.6674286852945676
                    ],
                    "8": [
                        0.777092668675118,
                        0.8023696156399973,
                        0.769598248115501
                    ],
                    "12": [
                        0.6503480966185515
                    ],
                    "24": [
                        0.6468412640708
                    ]
                }
            }
        }
    }
}