{
    "4": {
        "2": {
            "14": {
                "original": 0.7094316677617487,
                "twirled": {
                    "1": [
                        0.7055342429214044
                    ],
                    "2": [
                        0.8248959660069224,
                        0.8130387374203034,
                        0.8283851809440471,
                        0.789576037404334,
                        0.7828244585151488,
                        0.7918579438021868,
                        0.7832900548541041,
                        0.7752927799579352,
                        0.7873834100745571
                    ],
                    "3": [
                        0.7834375246683881,
                        0.7843423503967599,
                        0.7948378705076169,
                        0.7817196352294132
                    ],
                    "4": [
                        0.8258992755052348,
                        0.787714701336471,
                        0.7930662668544088,
                        0.7590694869890303,
                        0.8089978528434197,
                        0.771627442876755,
                        0.8069939273975161
                    ],
                    "6": [
                        0.7720805386643195,
                        0.7660144989687869,
                        0.7649296525602556,
                        0.7722218587419691
                    ],
                    "8": [
                        0.8041343624664566,
                        0.8031942688810471,
                        0.7476592531601632
                    ],
                    "12": [
                        0.7308257773465329
                    ],
                    "24": [
                        0.7365251928397079
                    ]
                }
            }
        }
    }
}