{
    "4": {
        "2": {
            "2": {
                "original": 0.6893434769125032,
                "twirled": {
                    "1": [
                        0.690126987586534
                    ],
                    "2": [
                        0.736031844556188,
                        0.7237252566237548,
                        0.672526561896728,
                        0.6666337722851291,
                        0.6836551530562016,
                        0.6271814354743651,
                        0.712378938945196,
                        0.6675577920058646,
                        0.684290481281663
                    ],
                    "3": [
                        0.6225602806269256,
                        0.6637582578529062,
                        0.5652335293440403,
                        0.5699911641957754
                    ],
                    "4": [
                        0.6031700605129636,
                        0.6690753452162088,
                        0.5862649820869875,
                        0.4946113860855787,
                        0.6183215541865821,
                        0.6027752531305361,
                        0.6227505070710474
                    ],
                    "6": [
                        0.6222317338408164,
                        0.5684794132813314,
                        0.6612381003938608,
                        0.567099861083433
                    ],
                    "8": [
                        0.6183837655222818,
                        0.6186017107429054,
                        0.6020339937922167
                    ],
                    "12": [
                        0.6107178898346316
                    ],
                    "24": [
                        0.6145221127003082
                    ]
                }
            }
        }
    }
}