{
    "4": {
        "2": {
            "9": {
                "original": 1.0,
                "twirled": {
                    "1": [
                        1.0000000000000002
                    ],
                    "2": [
                        0.9687500000000002,
                        0.9687500000000002,
                        1.0000000000000002,
                        0.8593750000000002,
                        1.0000000000000002,
                        0.9218750000000002,
                        0.8593750000000002,
                        0.9218750000000002,
                        1.0000000000000002
                    ],
                    "3": [
                        0.93896484375,
                        0.93896484375,
                        0.9312744140625,
                        0.9312744140625
                    ],
                    "4": [
                        0.96875,
                        0.782590413087802,
                        1.0000000000000002,
                        0.9510946513293446,
                        0.782590413087802,
                        0.9510946513293442,
                        0.8984375
                    ],
                    "6": [
                        0.93896484375,
                        0.9312744140625,
                        0.93896484375,
                        0.9312744140625
                    ],
                    "8": [
                        0.782590413087802,
                        0.8984375,
                        0.9510946513293442
                    ],
                    "12": [
                        0.8984375
                    ],
                    "24": [
                        0.8984375
                    ]
                }
            }
        }
    }
}