{
    "4": {
        "3": {
            "2": {
                "original": 0.7892355563499533,
                "twirled": {
                    "1": [
                        0.7868939210601966
                    ],
                    "2": [
                        0.7892147668701462,
                        0.7850318690314814,
                        0.7435467047065922,
                        0.7456633687830324,
                        0.7401833806939022,
                        0.722824140396323,
                        0.7740725517812689,
                        0.7463011896834387,
                        0.7525226599363266
                    ],
                    "3": [
                        0.7019546668666385,
                        0.7252713670639638,
                        0.6599573593954172,
                        0.6652736643854664
                    ],
                    "4": [
                        0.672687434581466,
                        0.7256510204959306,
                        0.6671639730558796,
                        0.6003213012372647,
                        0.6941229466295016,
                        0.6737083279622743,
                        0.6936051113680696
                    ],
                    "6": [
                        0.7013669506598103,
                        0.6619682657347624,
                        0.7264418190091495,
                        0.6622885602023086
                    ],
                    "8": [
                        0.688754359091649,
                        0.6952825055814517,
                        0.6687537096221154
                    ],
                    "12": [
                        0.6820911993076209
                    ],
                    "24": [
                        0.6800032470658454
                    ]
                }
            }
        }
    }
}