{
    "4": {
        "1": {
            "9": {
                "original": 1.0,
                "twirled": {
                    "1": [
                        0.4187395882589961
                    ],
                    "2": [
                        0.34467748021782263,
                        0.34467748021782274,
                        0.382031895413661,
                        0.3602040188888832,
                        0.2829770972451598,
                        0.34668622621358525,
                        0.36020401888888326,
                        0.34668622621358525,
                        0.29644916590492854
                    ],
                    "3": [
                        0.24325477973844636,
                        0.24325477973844586,
                        0.25229646877628237,
                        0.25229646877628237
                    ],
                    "4": [
                        0.3357395742941321,
                        0.31890977920874325,
                        0.2764959443276439,
                        0.3178425772703198,
                        0.3104658105030386,
                        0.30976532790975936,
                        0.22295227614403998
                    ],
                    "6": [
                        0.24325477973844623,
                        0.2522964687762823,
                        0.24325477973844586,
                        0.25229646877628237
                    ],
                    "8": [
                        0.3104658105030387,
                        0.2229522761440399,
                        0.30976532790975936
                    ],
                    "12": [
                        0.22295227614404153
                    ],
                    "24": [
                        0.22295227614404153
                    ]
                }
            }
        }
    }
}