{
    "4": {
        "2": {
            "3": {
                "original": 0.3320749783275618,
                "twirled": {
                    "1": [
                        0.3325400243073224
                    ],
                    "2": [
                        0.5698193498554348,
                        0.5569388024903437,
                        0.501570018392742,
                        0.4589628951175906,
                        0.5163247933130489,
                        0.48802700857210585,
                        0.45740202310051864,
                        0.4896924308063014,
                        0.49540310077722377
                    ],
                    "3": [
                        0.6149130913290611,
                        0.6238162474120265,
                        0.5881216502122238,
                        0.5868970654570429
                    ],
                    "4": [
                        0.7173304841902988,
                        0.5183998570360373,
                        0.5544984145612537,
                        0.5927931550738136,
                        0.6550986866763234,
                        0.7343399086454034,
                        0.7155274832224547
                    ],
                    "6": [
                        0.6164732440969316,
                        0.587398766644002,
                        0.615771183853838,
                        0.5900953586538505
                    ],
                    "8": [
                        0.6548649833512864,
                        0.7163730874387293,
                        0.7372601677432706
                    ],
                    "12": [
                        0.6722441580281802
                    ],
                    "24": [
                        0.6697168712773327
                    ]
                }
            }
        }
    }
}