{
    "4": {
        "3": {
            "14": {
                "original": 0.7785940425861693,
                "twirled": {
                    "1": [
                        0.7779845157439247
                    ],
                    "2": [
                        0.8323081286982715,
                        0.8323704672378403,
                        0.834289535527063,
                        0.8029035949458476,
                        0.8026109997730551,
                        0.8063812745396737,
                        0.8034528683100643,
                        0.8022849186230987,
                        0.8030860066311666
                    ],
                    "3": [
                        0.7754004197319153,
                        0.776068304289992,
                        0.7749341962055665,
                        0.7737180932126437
                    ],
                    "4": [
                        0.8450540775896805,
                        0.7989909892086933,
                        0.7985666511778312,
                        0.7885257487269282,
                        0.8113878020453528,
                        0.760467391608636,
                        0.8120425055425066
                    ],
                    "6": [
                        0.7777701882145495,
                        0.7721105446170232,
                        0.7735337913723044,
                        0.7740487895462166
                    ],
                    "8": [
                        0.8099674478636157,
                        0.8110003650460506,
                        0.763486258154099
                    ],
                    "12": [
                        0.7384223714655102
                    ],
                    "24": [
                        0.7377830591037956
                    ]
                }
            }
        }
    }
}