{
    "4": {
        "5": {
            "3": {
                "original": 0.5707968589751181,
                "twirled": {
                    "1": [
                        0.5739013260946183
                    ],
                    "2": [
                        0.7750124472447394,
                        0.7709867640636533,
                        0.6866491728091657,
                        0.6808135730156236,
                        0.7352234132770892,
                        0.7256619823045465,
                        0.6775081846985309,
                        0.721696851684129,
                        0.7357005397006725
                    ],
                    "3": [
                        0.7528796463684367,
                        0.7532716242801423,
                        0.7576797230255502,
                        0.755320987775439
                    ],
                    "4": [
                        0.845108774417204,
                        0.732488350117246,
                        0.7468286022032521,
                        0.7633271105419701,
                        0.7906574610412905,
                        0.8146283695320298,
                        0.8063990527573329
                    ],
                    "6": [
                        0.7531165263702106,
                        0.7561524325673811,
                        0.7504854305570425,
                        0.7551586982532784
                    ],
                    "8": [
                        0.7880761096746582,
                        0.8027801291005456,
                        0.8171078021464376
                    ],
                    "12": [
                        0.7426046689059702
                    ],
                    "24": [
                        0.7451321363182217
                    ]
                }
            }
        }
    }
}