{
    "4": {
        "5": {
            "16": {
                "original": 0.5695945180887868,
                "twirled": {
                    "1": [
                        0.5708075151130393
                    ],
                    "2": [
                        0.7769076262093422,
                        0.7687437909151329,
                        0.6824314633535282,
                        0.6777865951165751,
                        0.7355940505174291,
                        0.7245738835426018,
                        0.6777788820295071,
                        0.7231797014700007,
                        0.7375545345329656
                    ],
                    "3": [
                        0.7521143715232074,
                        0.7523255407414202,
                        0.7542840251262207,
                        0.757574482569498
                    ],
                    "4": [
                        0.8490249414009364,
                        0.7338842082467991,
                        0.7478132483375812,
                        0.7634575706545337,
                        0.793553357540867,
                        0.8142399583176697,
                        0.8051418723673651
                    ],
                    "6": [
                        0.7524521253966242,
                        0.7547750140949517,
                        0.7556728968636378,
                        0.753760188318471
                    ],
                    "8": [
                        0.790576092000544,
                        0.8069212293330968,
                        0.8158336108995338
                    ],
                    "12": [
                        0.7419899241711437
                    ],
                    "24": [
                        0.7467883879298067
                    ]
                }
            }
        }
    }
}