{
    "4": {
        "1": {
            "12": {
                "original": 0.39709889917765423,
                "twirled": {
                    "1": [
                        0.4000207078804155
                    ],
                    "2": [
                        0.602367796176583,
                        0.5163574306952459,
                        0.5597724319475565,
                        0.48872578130651073,
                        0.46110154715927837,
                        0.3527082651864013,
                        0.4857335559423822,
                        0.35596836773760043,
                        0.4034282869400711
                    ],
                    "3": [
                        0.38225938219504185,
                        0.3823354608426741,
                        0.37355881714486544,
                        0.37347208508943835
                    ],
                    "4": [
                        0.7158376673513456,
                        0.5598528393863856,
                        0.5016877539604745,
                        0.3516646039915651,
                        0.6796322533709922,
                        0.4947996764148335,
                        0.6321427121466181
                    ],
                    "6": [
                        0.3820166118303796,
                        0.37493502239446824,
                        0.38542444785895213,
                        0.37675818650261556
                    ],
                    "8": [
                        0.6743423802241806,
                        0.6303395366551244,
                        0.4990225785418066
                    ],
                    "12": [
                        0.39594478379351855
                    ],
                    "24": [
                        0.3928350475826745
                    ]
                }
            }
        }
    }
}