{
    "4": {
        "5": {
            "9": {
                "original": 0.7227598438509013,
                "twirled": {
                    "1": [
                        0.7207881896811946
                    ],
                    "2": [
                        0.8325178947507554,
                        0.838033599791836,
                        0.7389376748508533,
                        0.8050445387994055,
                        0.8037980621950359,
                        0.8004637886754682,
                        0.8040206361983984,
                        0.8000939469733893,
                        0.8165205481387388
                    ],
                    "3": [
                        0.7642764830819944,
                        0.7644619749636825,
                        0.778415197752363,
                        0.7764361495745248
                    ],
                    "4": [
                        0.8016676731606128,
                        0.7876127764889072,
                        0.777953659531621,
                        0.7963109429384759,
                        0.7668717324286335,
                        0.7525205129648919,
                        0.7081044014917753
                    ],
                    "6": [
                        0.7646758255250589,
                        0.7793486594923267,
                        0.7667522351956121,
                        0.7780021570233272
                    ],
                    "8": [
                        0.7660762276587535,
                        0.7103625136168256,
                        0.7541275347747385
                    ],
                    "12": [
                        0.7102176475542272
                    ],
                    "24": [
                        0.7103599528149878
                    ]
                }
            }
        }
    }
}