{
    "4": {
        "3": {
            "3": {
                "original": 0.44104828301900917,
                "twirled": {
                    "1": [
                        0.4394385958385984
                    ],
                    "2": [
                        0.6780755057266881,
                        0.6720626741885357,
                        0.5941459273999327,
                        0.5670386642937355,
                        0.6297046023495126,
                        0.6060727446521951,
                        0.5674795414849892,
                        0.604822805232407,
                        0.6167405680214474
                    ],
                    "3": [
                        0.693927225489386,
                        0.6967449982138909,
                        0.6874763453778805,
                        0.6851069893702144
                    ],
                    "4": [
                        0.7936969133122377,
                        0.6263930503957628,
                        0.6564632563677842,
                        0.6863206100604645,
                        0.7253823493269204,
                        0.7901458786655752,
                        0.7712064555407311
                    ],
                    "6": [
                        0.6954344755112292,
                        0.689642191750313,
                        0.6972558296101168,
                        0.6868801928307932
                    ],
                    "8": [
                        0.7291923346725319,
                        0.7739241689075477,
                        0.7883046719257805
                    ],
                    "12": [
                        0.7251780210590574
                    ],
                    "24": [
                        0.7213464070548719
                    ]
                }
            }
        }
    }
}