{
    "4": {
        "3": {
            "4": {
                "original": 0.5598958048851691,
                "twirled": {
                    "1": [
                        0.5596573509136347
                    ],
                    "2": [
                        0.7696167277039251,
                        0.7625981262190992,
                        0.7266370316215274,
                        0.6533754326396235,
                        0.6934345989140398,
                        0.7016145079574353,
                        0.6770913839017985,
                        0.7228748790037021,
                        0.7353095348995045
                    ],
                    "3": [
                        0.6842218975923295,
                        0.7101120796514573,
                        0.6825811346530223,
                        0.6872053961622713
                    ],
                    "4": [
                        0.7318421868032768,
                        0.7155133963118433,
                        0.6754087700130949,
                        0.6535481549922836,
                        0.7190102093572572,
                        0.6901257965951819,
                        0.7439015376876746
                    ],
                    "6": [
                        0.683381720093324,
                        0.6900962473954945,
                        0.7114763113647959,
                        0.6848820923125009
                    ],
                    "8": [
                        0.7173853897078173,
                        0.7433165397739031,
                        0.6883117114658619
                    ],
                    "12": [
                        0.6873440311817398
                    ],
                    "24": [
                        0.6866570252775038
                    ]
                }
            }
        }
    }
}