{
    "4": {
        "1": {
            "2": {
                "original": 0.6211758554486292,
                "twirled": {
                    "1": [
                        0.6210576996063829
                    ],
                    "2": [
                        0.6337143048062052,
                        0.5871937531062189,
                        0.5460893025154148,
                        0.5583154957630414,
                        0.5424091644463533,
                        0.4327259851602078,
                        0.652596950854594,
                        0.4865363651896146,
                        0.589786819196455
                    ],
                    "3": [
                        0.4313344854377434,
                        0.5064784396030927,
                        0.3890626596597012,
                        0.38992513732795603
                    ],
                    "4": [
                        0.5668509174004228,
                        0.5820424460697853,
                        0.45060912077467447,
                        0.34683747277341587,
                        0.5445966755921833,
                        0.545437824514965,
                        0.4419527405522019
                    ],
                    "6": [
                        0.43141813387992206,
                        0.3880046326159428,
                        0.5037896264678229,
                        0.3893462495575854
                    ],
                    "8": [
                        0.5459594970607317,
                        0.44322310630113715,
                        0.5481902198219941
                    ],
                    "12": [
                        0.44159262853880327
                    ],
                    "24": [
                        0.44322136136304624
                    ]
                }
            }
        }
    }
}