{
    "4": {
        "2": {
            "15": {
                "original": 0.7569611287791714,
                "twirled": {
                    "1": [
                        0.756596204481082
                    ],
                    "2": [
                        0.8341883981521608,
                        0.8275083256376004,
                        0.8344199353491664,
                        0.806117966208437,
                        0.8005439535608208,
                        0.7959945093832383,
                        0.7935581837264746,
                        0.7834481943063658,
                        0.8033376154083689
                    ],
                    "3": [
                        0.7655536732968052,
                        0.7711001418867467,
                        0.7677561702059537,
                        0.7554127169351188
                    ],
                    "4": [
                        0.724879812765103,
                        0.7936191538414142,
                        0.7950789619745312,
                        0.7305209437073931,
                        0.7390404833618052,
                        0.6876111358450636,
                        0.7417216863866288
                    ],
                    "6": [
                        0.7646993922769227,
                        0.758028903496708,
                        0.770784787309075,
                        0.7683593073555391
                    ],
                    "8": [
                        0.7411653155853213,
                        0.7442093620518584,
                        0.690884722118619
                    ],
                    "12": [
                        0.6963900282684191
                    ],
                    "24": [
                        0.7026977384999636
                    ]
                }
            }
        }
    }
}