{
    "4": {
        "4": {
            "8": {
                "original": 0.6282246563479039,
                "twirled": {
                    "1": [
                        0.6285732633517366
                    ],
                    "2": [
                        0.8103089349561317,
                        0.7864645005754376,
                        0.7708789647684124,
                        0.7116111160687381,
                        0.7483904740880134,
                        0.7535544499754703,
                        0.7199418649272394,
                        0.7604687503784094,
                        0.771908015624124
                    ],
                    "3": [
                        0.7209079659928893,
                        0.7359800293885165,
                        0.7243515799112522,
                        0.7351730494111376
                    ],
                    "4": [
                        0.8118079858486217,
                        0.757999289898623,
                        0.7268002914153432,
                        0.733296351747034,
                        0.7647849719061154,
                        0.6771957410921962,
                        0.7977729184803648
                    ],
                    "6": [
                        0.7207306867081839,
                        0.7334435188412417,
                        0.7352204568636098,
                        0.7260017647249618
                    ],
                    "8": [
                        0.7631825524835468,
                        0.7976505009941669,
                        0.680905010483479
                    ],
                    "12": [
                        0.6861365434278764
                    ],
                    "24": [
                        0.6847910476299681
                    ]
                }
            }
        }
    }
}