{
    "4": {
        "4": {
            "1": {
                "original": 1.1723955140041653e-17,
                "twirled": {
                    "1": [
                        3.33510996597397e-17
                    ],
                    "2": [
                        3.241851231905457e-18,
                        2.7000623958883807e-17,
                        -1.603162047558726e-17,
                        -9.325873406851314e-19,
                        1.3100631690576846e-17,
                        3.583799923490005e-17,
                        -4.574118861455645e-18,
                        -2.2604140781368188e-17,
                        2.744471316873387e-17
                    ],
                    "3": [
                        1.9761969838327785e-17,
                        5.728750807065808e-18,
                        1.70086167372574e-17,
                        7.149836278586008e-18
                    ],
                    "4": [
                        1.8784973576657647e-17,
                        6.261657858885883e-18,
                        4.023448241241567e-17,
                        3.7836400679225334e-17,
                        3.2862601528904635e-18,
                        -1.3811174426336947e-17,
                        8.43769498715119e-18
                    ],
                    "6": [
                        6.8833827526759705e-18,
                        5.329070518200751e-19,
                        1.8562928971732616e-17,
                        1.2523315717771765e-17
                    ],
                    "8": [
                        3.552713678800501e-19,
                        6.661338147750939e-18,
                        1.4566126083082055e-17
                    ],
                    "12": [
                        4.3876013933186186e-17
                    ],
                    "24": [
                        5.639932965095795e-18
                    ]
                }
            }
        }
    }
}