{
    "4": {
        "4": {
            "8": {
                "original": 0.6295980775054065,
                "twirled": {
                    "1": [
                        0.625707640739116
                    ],
                    "2": [
                        0.8063007708835067,
                        0.7846894301226395,
                        0.7764879988046414,
                        0.7100428568792604,
                        0.7522381043145883,
                        0.7516877183012026,
                        0.7190485561007025,
                        0.761849231824465,
                        0.7723914725352038
                    ],
                    "3": [
                        0.7393428876331656,
                        0.749264339190874,
                        0.74785726895171,
                        0.7540681996606445
                    ],
                    "4": [
                        0.8130008297073614,
                        0.759376585723104,
                        0.7301431124747647,
                        0.7294168639361203,
                        0.7641845050836947,
                        0.7202638309162172,
                        0.8045017117793245
                    ],
                    "6": [
                        0.7268517011126548,
                        0.7382428198967655,
                        0.7413805467780595,
                        0.7278455710086891
                    ],
                    "8": [
                        0.7666126259126373,
                        0.7996617500608006,
                        0.689259145083793
                    ],
                    "12": [
                        0.692040220406581
                    ],
                    "24": [
                        0.6900826930496119
                    ]
                }
            }
        }
    }
}