{
    "4": {
        "3": {
            "9": {
                "original": 1.0,
                "twirled": {
                    "1": [
                        1.078870326409742e-15
                    ],
                    "2": [
                        0.4402531563193068,
                        0.44380610721656893,
                        2.8346214264729497e-15,
                        0.4410159014187305,
                        0.780238285701132,
                        0.4456252192893782,
                        0.43863173961584295,
                        0.4427385925187721,
                        0.7797679992203542
                    ],
                    "3": [
                        0.6155681915196702,
                        0.6161352848880413,
                        0.591822486619451,
                        0.5936495936085701
                    ],
                    "4": [
                        0.3289879952062123,
                        0.5519247356222219,
                        0.6920363108884283,
                        0.4989620014270511,
                        0.485411667480465,
                        0.4602146714276664,
                        0.46259096024346663
                    ],
                    "6": [
                        0.6110709989968792,
                        0.6001872595555716,
                        0.6154489873071902,
                        0.6051144422705063
                    ],
                    "8": [
                        0.48386385267691956,
                        0.4701156749704695,
                        0.46849421224319177
                    ],
                    "12": [
                        0.4706498129534781
                    ],
                    "24": [
                        0.45885510941220947
                    ]
                }
            }
        }
    }
}