{
    "4": {
        "2": {
            "13": {
                "original": 0.6247441414406333,
                "twirled": {
                    "1": [
                        0.6230009446881368
                    ],
                    "2": [
                        0.7036245671670862,
                        0.6784090383719439,
                        0.7049657941501575,
                        0.7128855372370994,
                        0.7145532183696472,
                        0.6718990189110933,
                        0.7133761361152238,
                        0.668767564102015,
                        0.7130320368117624
                    ],
                    "3": [
                        0.7056326285683242,
                        0.709921905653658,
                        0.7061728505103152,
                        0.7090949862202115
                    ],
                    "4": [
                        0.6916387234708187,
                        0.721457045827094,
                        0.7214609934747425,
                        0.6628052628715205,
                        0.7184598885325656,
                        0.6501681122491666,
                        0.7169605385009783
                    ],
                    "6": [
                        0.704036722342069,
                        0.7061964977622489,
                        0.7087327815629616,
                        0.7087519422047133
                    ],
                    "8": [
                        0.7287599492917909,
                        0.7239974400113913,
                        0.6569338791606618
                    ],
                    "12": [
                        0.667455431441385
                    ],
                    "24": [
                        0.6623289458343513
                    ]
                }
            }
        }
    }
}