{
    "4": {
        "2": {
            "18": {
                "original": 0.42140953043470963,
                "twirled": {
                    "1": [
                        0.4213974892265318
                    ],
                    "2": [
                        0.6123390429147098,
                        0.6058636403612526,
                        0.610307183319741,
                        0.5678353979084939,
                        0.5780151199902405,
                        0.5312864803706469,
                        0.5694892645163937,
                        0.5338462795352933,
                        0.570616138863657
                    ],
                    "3": [
                        0.6842350291762392,
                        0.6858238378964573,
                        0.6844065057969305,
                        0.6863187924382859
                    ],
                    "4": [
                        0.7454511788276096,
                        0.6298831938250806,
                        0.633991470477022,
                        0.614752310656691,
                        0.7569058627558362,
                        0.738715508546456,
                        0.758465442683911
                    ],
                    "6": [
                        0.6855117462191741,
                        0.6866895909091392,
                        0.6832857187313223,
                        0.6888962692765362
                    ],
                    "8": [
                        0.7557961843372142,
                        0.757347292317021,
                        0.7330476411427367
                    ],
                    "12": [
                        0.7357477063277469
                    ],
                    "24": [
                        0.7380873254515568
                    ]
                }
            }
        }
    }
}