{
    "4": {
        "2": {
            "11": {
                "original": 0.6687019670724043,
                "twirled": {
                    "1": [
                        -2.4469315462738452e-17
                    ],
                    "2": [
                        0.8032268263944795,
                        0.3936340118498606,
                        0.8141060095419947,
                        0.4809854876263247,
                        0.7299079455550324,
                        0.7223443755940332,
                        0.4924492262293799,
                        0.7763310297832544,
                        0.7147896904934008
                    ],
                    "3": [
                        0.7482503405247796,
                        0.8075803625318946,
                        0.7802520612647303,
                        0.795601854899263
                    ],
                    "4": [
                        0.7968006188538074,
                        0.7464314229052967,
                        0.7644982248835785,
                        0.7523955877956454,
                        0.7784702924391298,
                        0.7862600765447749,
                        0.8169526788946733
                    ],
                    "6": [
                        0.7135244069699034,
                        0.7725398381061205,
                        0.7770795348523261,
                        0.757789105093915
                    ],
                    "8": [
                        0.722327737145028,
                        0.807333455063345,
                        0.7322155117223369
                    ],
                    "12": [
                        0.719260254868152
                    ],
                    "24": [
                        0.7217786086655672
                    ]
                }
            }
        }
    }
}