{
    "4": {
        "1": {
            "11": {
                "original": 0.5385185415228231,
                "twirled": {
                    "1": [
                        0.5352777625878462
                    ],
                    "2": [
                        0.6132004747690528,
                        0.5665391282315322,
                        0.4957118567186191,
                        0.5619413155446704,
                        0.521101845088008,
                        0.4077996789945426,
                        0.5629149395105721,
                        0.469251114574822,
                        0.5301000688854959
                    ],
                    "3": [
                        0.3495913166285727,
                        0.4276354798535916,
                        0.3411748702847832,
                        0.379314161888603
                    ],
                    "4": [
                        0.5798014340341693,
                        0.5615748619750989,
                        0.4059121401424948,
                        0.391913806927966,
                        0.5349444478487421,
                        0.3686885953815719,
                        0.467782137428455
                    ],
                    "6": [
                        0.33398867288870704,
                        0.3753508040667734,
                        0.41035204732868225,
                        0.3319233377451761
                    ],
                    "8": [
                        0.5325304634371156,
                        0.4669491983025524,
                        0.36636766221996725
                    ],
                    "12": [
                        0.29206599211369005
                    ],
                    "24": [
                        0.292976990411109
                    ]
                }
            }
        }
    }
}