{
    "4": {
        "2": {
            "12": {
                "original": 0.5763365659556609,
                "twirled": {
                    "1": [
                        0.576377169288366
                    ],
                    "2": [
                        0.7315340366716995,
                        0.6861512830114505,
                        0.6943690057636562,
                        0.6414400158281474,
                        0.6295047180873815,
                        0.5562842098860353,
                        0.6420556067782092,
                        0.5573477324233344,
                        0.5866164680637905
                    ],
                    "3": [
                        0.5769837281403953,
                        0.5774618951361531,
                        0.5692411818601226,
                        0.5698185357193439
                    ],
                    "4": [
                        0.7972552027909732,
                        0.668425470541229,
                        0.6585642785375958,
                        0.5487577106007246,
                        0.7338382653496726,
                        0.6973562851913058,
                        0.7619980578701091
                    ],
                    "6": [
                        0.575871235700333,
                        0.5671930119829203,
                        0.5728146077482205,
                        0.5643242968229129
                    ],
                    "8": [
                        0.7362984382396983,
                        0.7641477586808494,
                        0.6981658987001257
                    ],
                    "12": [
                        0.5626299198350758
                    ],
                    "24": [
                        0.5651463511848638
                    ]
                }
            }
        }
    }
}