{
    "4": {
        "2": {
            "17": {
                "original": 0.4547392582493816,
                "twirled": {
                    "1": [
                        0.45131453765724044
                    ],
                    "2": [
                        0.715884784347456,
                        0.6846967497175097,
                        0.6359619345648114,
                        0.5722199518590426,
                        0.6197327560972604,
                        0.6083455199585612,
                        0.6025102571334764,
                        0.6400164882414847,
                        0.6484624188817806
                    ],
                    "3": [
                        0.5941753868637536,
                        0.6509139013297748,
                        0.595058962506036,
                        0.6102411230253151
                    ],
                    "4": [
                        0.6990728157843469,
                        0.655557428773527,
                        0.5874250403561512,
                        0.5986480857896127,
                        0.6659909981940649,
                        0.6557436010572208,
                        0.6959620093076294
                    ],
                    "6": [
                        0.5743478736955143,
                        0.5960251604494416,
                        0.6502137661891991,
                        0.5817309310653254
                    ],
                    "8": [
                        0.6682374689206847,
                        0.6808504688847287,
                        0.6234137278119649
                    ],
                    "12": [
                        0.606629774738192
                    ],
                    "24": [
                        0.6088142579483375
                    ]
                }
            }
        }
    }
}