{
    "4": {
        "3": {
            "8": {
                "original": 0.5646300415806319,
                "twirled": {
                    "1": [
                        0.564191958035681
                    ],
                    "2": [
                        0.7785928659462945,
                        0.7425467251710836,
                        0.724431096209333,
                        0.6708147894457602,
                        0.7119475475926471,
                        0.7015534884124476,
                        0.6742535075488949,
                        0.7199821701445616,
                        0.7343668400598875
                    ],
                    "3": [
                        0.667024778844855,
                        0.6904953051767397,
                        0.6776028062199494,
                        0.6886327343324691
                    ],
                    "4": [
                        0.7784672065548087,
                        0.7276930020481124,
                        0.6791826372385054,
                        0.6793942527095569,
                        0.7215506445077999,
                        0.6320685913146572,
                        0.7683913448693009
                    ],
                    "6": [
                        0.6656274418992872,
                        0.6896917099148825,
                        0.6919193214718525,
                        0.6727633236656964
                    ],
                    "8": [
                        0.7250034865480015,
                        0.7699148141980552,
                        0.6308405746422433
                    ],
                    "12": [
                        0.6286634664981321
                    ],
                    "24": [
                        0.6288338812183186
                    ]
                }
            }
        }
    }
}