{
    "4": {
        "4": {
            "14": {
                "original": 0.8049323823878362,
                "twirled": {
                    "1": [
                        0.8081318362823672
                    ],
                    "2": [
                        0.8345941787508439,
                        0.8340778333234972,
                        0.837745338097467,
                        0.8062871700157295,
                        0.8079690535616822,
                        0.8057455684436893,
                        0.8041436287911385,
                        0.8073526837926889,
                        0.8089118798145717
                    ],
                    "3": [
                        0.8098201772584496,
                        0.812695792457915,
                        0.8170703600209558,
                        0.8127944482067225
                    ],
                    "4": [
                        0.8629309373235031,
                        0.7994787440905735,
                        0.7990414273715274,
                        0.7979717749413638,
                        0.8194317328344262,
                        0.8180031871183171,
                        0.8229417339665573
                    ],
                    "6": [
                        0.7898034805629696,
                        0.7881233825391892,
                        0.7874195920000401,
                        0.7923386643204274
                    ],
                    "8": [
                        0.8209323373702995,
                        0.8211481252839896,
                        0.8086973943654936
                    ],
                    "12": [
                        0.757807526678718
                    ],
                    "24": [
                        0.7634567159741434
                    ]
                }
            }
        }
    }
}