{
    "4": {
        "2": {
            "6": {
                "original": 0.8037801186697576,
                "twirled": {
                    "1": [
                        0.8028583027183916
                    ],
                    "2": [
                        0.8320792875812009,
                        0.8356387968848304,
                        0.8323131763335508,
                        0.7991439205056357,
                        0.8025802776068469,
                        0.8042105546380847,
                        0.8025845070070671,
                        0.8027115358487472,
                        0.8020013246058214
                    ],
                    "3": [
                        0.7699118585683372,
                        0.7666873836304516,
                        0.767002445738133,
                        0.7679630355447801
                    ],
                    "4": [
                        0.8463967794330278,
                        0.7947496759383483,
                        0.7964236818821577,
                        0.7976831852047241,
                        0.789824316524941,
                        0.8035386398273057,
                        0.7915098557140704
                    ],
                    "6": [
                        0.7658665995300308,
                        0.7692762131891018,
                        0.7649356080976949,
                        0.7669039360512168
                    ],
                    "8": [
                        0.7881387360300903,
                        0.7920701445366707,
                        0.8035582664812834
                    ],
                    "12": [
                        0.7012211768833185
                    ],
                    "24": [
                        0.7019293490270475
                    ]
                }
            }
        }
    }
}