{
    "4": {
        "4": {
            "17": {
                "original": 0.6185670051569817,
                "twirled": {
                    "1": [
                        0.6190292648096486
                    ],
                    "2": [
                        0.8025949014167539,
                        0.7942665526673479,
                        0.7703985987309235,
                        0.704481408331156,
                        0.7359081871510246,
                        0.7491747005627136,
                        0.7142756210633867,
                        0.7582233611042021,
                        0.7698731684006479
                    ],
                    "3": [
                        0.7177945808867663,
                        0.7425659167366377,
                        0.7249514404405888,
                        0.7268266245965075
                    ],
                    "4": [
                        0.8023710375466627,
                        0.754084599362728,
                        0.7253676741501685,
                        0.7400482329446308,
                        0.7652345041263494,
                        0.7298010140191412,
                        0.7908351114528125
                    ],
                    "6": [
                        0.7137796408400529,
                        0.7319999126111146,
                        0.7448826131467047,
                        0.7285004731188329
                    ],
                    "8": [
                        0.7652356486730483,
                        0.7927907851758325,
                        0.7296641852619791
                    ],
                    "12": [
                        0.7200553514050013
                    ],
                    "24": [
                        0.7205741255761683
                    ]
                }
            }
        }
    }
}