{
    "4": {
        "1": {
            "15": {
                "original": 0.6832152869000937,
                "twirled": {
                    "1": [
                        0.681965051858862
                    ],
                    "2": [
                        0.7757373042956192,
                        0.708042794832898,
                        0.7822221805343789,
                        0.7310268245225714,
                        0.7801195354658763,
                        0.7031343650393542,
                        0.7169103224639968,
                        0.6756522425515762,
                        0.7253438846735883
                    ],
                    "3": [
                        0.7094544557908699,
                        0.706137574431888,
                        0.7331340808297537,
                        0.6575895617573653
                    ],
                    "4": [
                        0.5870293373112074,
                        0.6870019231810593,
                        0.7175360584402035,
                        0.5513803524363722,
                        0.6379818337992386,
                        0.573948588221537,
                        0.6210135914347731
                    ],
                    "6": [
                        0.6945505239192601,
                        0.6474875240580172,
                        0.6901836174672499,
                        0.7009405076618005
                    ],
                    "8": [
                        0.6178181425816046,
                        0.6109293329512246,
                        0.5605344161717702
                    ],
                    "12": [
                        0.6089430327018079
                    ],
                    "24": [
                        0.6053439633007084
                    ]
                }
            }
        }
    }
}