{
    "4": {
        "4": {
            "14": {
                "original": 0.8048860797127806,
                "twirled": {
                    "1": [
                        0.8052899760648922
                    ],
                    "2": [
                        0.8362187201571325,
                        0.8352735292428822,
                        0.8354474719945727,
                        0.8064692970367991,
                        0.8067097637554559,
                        0.8071682169778012,
                        0.806667729384953,
                        0.8075389338955411,
                        0.8069804316968971
                    ],
                    "3": [
                        0.7772024636702142,
                        0.7768414880273096,
                        0.7781846511573152,
                        0.7776815197156886
                    ],
                    "4": [
                        0.857664115864767,
                        0.8007415129274412,
                        0.7997530130260727,
                        0.7973771738289887,
                        0.8175990182092885,
                        0.7921733380392393,
                        0.819503465506452
                    ],
                    "6": [
                        0.7754254908841239,
                        0.7732889722649183,
                        0.7779788995271176,
                        0.778267494836771
                    ],
                    "8": [
                        0.8215421447784056,
                        0.8222698749129249,
                        0.7912576634762228
                    ],
                    "12": [
                        0.7480910088992985
                    ],
                    "24": [
                        0.7482470050821516
                    ]
                }
            }
        }
    }
}