{
    "4": {
        "3": {
            "1": {
                "original": 2.0872192862952943e-17,
                "twirled": {
                    "1": [
                        1.0969003483296547e-17
                    ],
                    "2": [
                        1.7497114868092466e-17,
                        6.52811138479592e-18,
                        1.6919798895287387e-17,
                        -8.881784197001253e-19,
                        -3.8191672047105385e-18,
                        -1.8873791418627663e-17,
                        5.950795411990839e-18,
                        2.091660178393795e-17,
                        2.4291679778798424e-17
                    ],
                    "3": [
                        -9.636735853746359e-18,
                        -5.773159728050814e-18,
                        2.3225865675158275e-17,
                        6.128431095930864e-18
                    ],
                    "4": [
                        2.815525590449397e-17,
                        3.3528735343679726e-17,
                        1.3633538742396923e-17,
                        -3.552713678800501e-19,
                        3.7747582837255325e-18,
                        -6.661338147750939e-19,
                        3.8413716652030413e-17
                    ],
                    "6": [
                        -1.9984014443252816e-18,
                        3.1086244689504383e-19,
                        4.090061622719077e-17,
                        1.6120438317557272e-17
                    ],
                    "8": [
                        2.69562150378988e-17,
                        6.386002837643901e-17,
                        5.195843755245733e-18
                    ],
                    "12": [
                        -2.0827783941967935e-17
                    ],
                    "24": [
                        1.5454304502782178e-17
                    ]
                }
            }
        }
    }
}