{
    "4": {
        "2": {
            "6": {
                "original": 0.8043714152268869,
                "twirled": {
                    "1": [
                        0.8052935191853315
                    ],
                    "2": [
                        0.8343920010857763,
                        0.8385695745588723,
                        0.837190218544968,
                        0.8054214203305091,
                        0.8074226109997392,
                        0.8059371012846587,
                        0.8069460516456233,
                        0.8031383279179644,
                        0.8039266331796946
                    ],
                    "3": [
                        0.8005821303087358,
                        0.808753588298459,
                        0.809266002960686,
                        0.8067535250007608
                    ],
                    "4": [
                        0.8463295980777268,
                        0.8004208919352485,
                        0.7991055785387513,
                        0.7975381443180679,
                        0.8035981836577428,
                        0.8158027459964967,
                        0.8076047368198338
                    ],
                    "6": [
                        0.7822809015368787,
                        0.7845390899975246,
                        0.7847995402445576,
                        0.781229647650942
                    ],
                    "8": [
                        0.790778232879486,
                        0.7980569271111358,
                        0.8098254881614119
                    ],
                    "12": [
                        0.7297799460765726
                    ],
                    "24": [
                        0.7198408593844049
                    ]
                }
            }
        }
    }
}