{
    "4": {
        "4": {
            "19": {
                "original": 0.7652788017551782,
                "twirled": {
                    "1": [
                        0.7632549571336059
                    ],
                    "2": [
                        0.8283284293113071,
                        0.8290818526573528,
                        0.8321897903642275,
                        0.7982622690612657,
                        0.8016507210917869,
                        0.8001532299255235,
                        0.799570821312619,
                        0.8009971234187105,
                        0.7991053988065892
                    ],
                    "3": [
                        0.7684911237820219,
                        0.7677750936078576,
                        0.7700287789458798,
                        0.7660611961188929
                    ],
                    "4": [
                        0.8432598384363605,
                        0.7921183652652447,
                        0.7918376322687087,
                        0.7641159345130047,
                        0.8129206660473876,
                        0.7768882163114941,
                        0.8132660924826556
                    ],
                    "6": [
                        0.7697302879295056,
                        0.7674060387140196,
                        0.7701224867848777,
                        0.7712903252334322
                    ],
                    "8": [
                        0.8123474615205581,
                        0.8073330681228694,
                        0.7777579590528643
                    ],
                    "12": [
                        0.7429808182129786
                    ],
                    "24": [
                        0.7406891725352549
                    ]
                }
            }
        }
    }
}