{
    "4": {
        "4": {
            "13": {
                "original": 0.7734398223532888,
                "twirled": {
                    "1": [
                        0.7764031719760769
                    ],
                    "2": [
                        0.8133133100182692,
                        0.8060727539927399,
                        0.8111832620779273,
                        0.7947921800018041,
                        0.7993099957455844,
                        0.7842495719061753,
                        0.7961638221514787,
                        0.7857668954440311,
                        0.7976937644118571
                    ],
                    "3": [
                        0.77225889948314,
                        0.7736556185340204,
                        0.7723352965509613,
                        0.7709499475108201
                    ],
                    "4": [
                        0.8285162517662087,
                        0.7928629340346615,
                        0.7939832781746528,
                        0.7788107707097309,
                        0.8064835788836064,
                        0.7797962307543885,
                        0.8070489465143476
                    ],
                    "6": [
                        0.7730960168710068,
                        0.7724371992266266,
                        0.7708768120301209,
                        0.7750166396484127
                    ],
                    "8": [
                        0.8116966641775147,
                        0.8085978464534914,
                        0.7752593589467012
                    ],
                    "12": [
                        0.74033167966235
                    ],
                    "24": [
                        0.7389589952583411
                    ]
                }
            }
        }
    }
}