{
    "4": {
        "3": {
            "10": {
                "original": 0.6554261717390215,
                "twirled": {
                    "1": [
                        0.6562773322667935
                    ],
                    "2": [
                        0.6722157268493036,
                        0.5462462944400174,
                        0.6732889068415577,
                        0.6858064556551136,
                        0.6865744808789915,
                        0.6059813718812886,
                        0.6845811454284577,
                        0.603349470921623,
                        0.6854795304776929
                    ],
                    "3": [
                        0.6664628815333,
                        0.6667839996098966,
                        0.6665021749467177,
                        0.6632034692154152
                    ],
                    "4": [
                        0.5295600732898462,
                        0.7061996035386571,
                        0.7088233773110909,
                        0.5476962156796843,
                        0.6865525575657611,
                        0.5326122638369839,
                        0.6801885278489642
                    ],
                    "6": [
                        0.6685398228429142,
                        0.6636149159573708,
                        0.6658786869452137,
                        0.6648550191573523
                    ],
                    "8": [
                        0.6828393066255766,
                        0.6816625078649812,
                        0.5324482623204406
                    ],
                    "12": [
                        0.6300421561737384
                    ],
                    "24": [
                        0.6216820716943489
                    ]
                }
            }
        }
    }
}