{
    "4": {
        "2": {
            "16": {
                "original": 0.33572505139078357,
                "twirled": {
                    "1": [
                        0.3316879802265935
                    ],
                    "2": [
                        0.569545254240623,
                        0.5571042647482238,
                        0.5029492790692222,
                        0.45256790470777913,
                        0.517864612359392,
                        0.48482344843467245,
                        0.45612464471560205,
                        0.4890179273470639,
                        0.4912807359955812
                    ],
                    "3": [
                        0.6240877985302595,
                        0.6180862543874179,
                        0.5868043531291935,
                        0.5880120394296725
                    ],
                    "4": [
                        0.715529730255249,
                        0.517380719836964,
                        0.558226287484894,
                        0.5906212610856563,
                        0.6561576091416244,
                        0.7352702673414047,
                        0.7132029744040419
                    ],
                    "6": [
                        0.6213397054152979,
                        0.5885300382055606,
                        0.621002112021492,
                        0.5899519902388038
                    ],
                    "8": [
                        0.6501915622471875,
                        0.7128622686847984,
                        0.7390483182551516
                    ],
                    "12": [
                        0.673275926791117
                    ],
                    "24": [
                        0.6719290838287034
                    ]
                }
            }
        }
    }
}