{
    "4": {
        "3": {
            "3": {
                "original": 0.44194112496069565,
                "twirled": {
                    "1": [
                        0.43846618157190187
                    ],
                    "2": [
                        0.6757073412529211,
                        0.6698191967164479,
                        0.5872087994396439,
                        0.56550402727828,
                        0.6326587012195208,
                        0.6077586294253909,
                        0.5676076660617969,
                        0.6050150133089989,
                        0.6195897028710504
                    ],
                    "3": [
                        0.6964536480361313,
                        0.6943181517146848,
                        0.6828702115384281,
                        0.6816364524633983
                    ],
                    "4": [
                        0.7946569814195595,
                        0.627937664788757,
                        0.6534317094288183,
                        0.6821618762968726,
                        0.7296303859036573,
                        0.7928680367434898,
                        0.7705266670196202
                    ],
                    "6": [
                        0.6904309258518952,
                        0.6873774057129978,
                        0.692381940875328,
                        0.680763280966152
                    ],
                    "8": [
                        0.7281681394044068,
                        0.7700903412291115,
                        0.7923191722977372
                    ],
                    "12": [
                        0.7242342986244616
                    ],
                    "24": [
                        0.7250840184065822
                    ]
                }
            }
        }
    }
}