{
    "4": {
        "3": {
            "5": {
                "original": 0.7065933737548366,
                "twirled": {
                    "1": [
                        0.7093973685858385
                    ],
                    "2": [
                        0.742147360632963,
                        0.7482735191233688,
                        0.7427294334697667,
                        0.698713845014413,
                        0.6975911233803038,
                        0.6922568116011708,
                        0.6914835513473299,
                        0.6937078712476508,
                        0.6937094137915857
                    ],
                    "3": [
                        0.6258842137447266,
                        0.6279003628197551,
                        0.6307952387035808,
                        0.6316179467960983
                    ],
                    "4": [
                        0.7894379858863253,
                        0.6706867188416039,
                        0.6697589130769753,
                        0.6749834453048815,
                        0.6940903291515277,
                        0.6961759171912396,
                        0.6970873540973457
                    ],
                    "6": [
                        0.6324206747136704,
                        0.6254406220445681,
                        0.6268904576245311,
                        0.6294657105254718
                    ],
                    "8": [
                        0.6944234751820303,
                        0.6995538413678875,
                        0.6937365696772907
                    ],
                    "12": [
                        0.5047402149958266
                    ],
                    "24": [
                        0.5011898551736502
                    ]
                }
            }
        }
    }
}