{
    "4": {
        "3": {
            "10": {
                "original": 0.6548149472195518,
                "twirled": {
                    "1": [
                        -4.0678571622265736e-17
                    ],
                    "2": [
                        1.503330793184432e-15,
                        1.2807532812075805e-15,
                        1.092637091915094e-15,
                        0.6000582556479859,
                        0.6033384857437692,
                        1.673994276529811e-15,
                        0.6003320931301972,
                        1.7744028468769102e-15,
                        0.6031395590517695
                    ],
                    "3": [
                        0.6663563227610968,
                        0.6643394146619486,
                        0.6651216961582027,
                        0.6656397942009474
                    ],
                    "4": [
                        1.283284589703726e-15,
                        0.5430358956272738,
                        0.5455440131509517,
                        5.685807380473307e-15,
                        0.5308894358611816,
                        6.051559253705818e-15,
                        0.5355656392358022
                    ],
                    "6": [
                        0.6713989460709877,
                        0.6687793433486089,
                        0.6706891207160827,
                        0.6654518924388761
                    ],
                    "8": [
                        0.5315752112374705,
                        0.5323061872262682,
                        5.936717784038592e-15
                    ],
                    "12": [
                        0.6279809567607199
                    ],
                    "24": [
                        0.6284750906105926
                    ]
                }
            }
        }
    }
}