{
    "4": {
        "2": {
            "15": {
                "original": 0.7612246353750697,
                "twirled": {
                    "1": [
                        -1.4299672557172016e-17
                    ],
                    "2": [
                        0.7870674195821861,
                        0.7060673664343757,
                        0.8017150723705836,
                        0.755445422382582,
                        0.7556911732020694,
                        0.6869053428770201,
                        0.7589385385194267,
                        0.6862942575569748,
                        0.7643939540950876
                    ],
                    "3": [
                        0.8218164401866028,
                        0.8237832515796237,
                        0.8247150049790333,
                        0.8223087025689921
                    ],
                    "4": [
                        0.8209719605053782,
                        0.8091223316667394,
                        0.813165727940975,
                        0.6911526001241587,
                        0.8252945198871866,
                        0.8313552852056039,
                        0.8057942734064212
                    ],
                    "6": [
                        0.8052912326015872,
                        0.8093504291399006,
                        0.8017859305286751,
                        0.8114751415354674
                    ],
                    "8": [
                        0.8085066963407376,
                        0.8031741076963037,
                        0.7950336433420214
                    ],
                    "12": [
                        0.7846224504536495
                    ],
                    "24": [
                        0.7878700708932657
                    ]
                }
            }
        }
    }
}