{
    "4": {
        "1": {
            "19": {
                "original": 0.38761830836281946,
                "twirled": {
                    "1": [
                        0.38792462559145185
                    ],
                    "2": [
                        0.6129895989754033,
                        0.636699943310666,
                        0.6271504282861027,
                        0.5506850829748428,
                        0.5604251568914479,
                        0.5469947103237773,
                        0.5619901434749636,
                        0.5589815768731329,
                        0.5511457760888365
                    ],
                    "3": [
                        0.5429105857153366,
                        0.5499144259332005,
                        0.5480515815892211,
                        0.5201024571590765
                    ],
                    "4": [
                        0.6530721910633345,
                        0.5596379052310287,
                        0.5666679998527612,
                        0.46974796964399695,
                        0.5977096793784995,
                        0.6236907973602581,
                        0.5987599589953083
                    ],
                    "6": [
                        0.53043485112857,
                        0.5048666736218221,
                        0.542626952821751,
                        0.5232246340355677
                    ],
                    "8": [
                        0.5891666640978046,
                        0.574730064442088,
                        0.604359797934912
                    ],
                    "12": [
                        0.5137241159979482
                    ],
                    "24": [
                        0.5171138873097779
                    ]
                }
            }
        }
    }
}