{
    "4": {
        "5": {
            "7": {
                "original": 0.6296477432544053,
                "twirled": {
                    "1": [
                        0.62917038673749
                    ],
                    "2": [
                        0.8013168804575391,
                        0.8003749437396608,
                        0.7172012702725008,
                        0.716082868050151,
                        0.7573219100867155,
                        0.7634750348792094,
                        0.7156588815949879,
                        0.7631912389825508,
                        0.7627327602042782
                    ],
                    "3": [
                        0.7566388765041081,
                        0.7569934046756616,
                        0.7556875113954769,
                        0.7550658643103171
                    ],
                    "4": [
                        0.8485742161745929,
                        0.757303914633188,
                        0.7597585598420589,
                        0.7551978924380315,
                        0.7926504958855711,
                        0.8119034966291837,
                        0.8184410289378852
                    ],
                    "6": [
                        0.7542027118509081,
                        0.7565351544233059,
                        0.7559192036676036,
                        0.7567989049302422
                    ],
                    "8": [
                        0.7949012967773724,
                        0.8205343639556452,
                        0.8147181717670268
                    ],
                    "12": [
                        0.7258599799696168
                    ],
                    "24": [
                        0.7275585467228546
                    ]
                }
            }
        }
    }
}