{
    "4": {
        "3": {
            "1": {
                "original": 2.5268676040468563e-17,
                "twirled": {
                    "1": [
                        6.332490087856968e-16
                    ],
                    "2": [
                        1.3655743202889425e-17,
                        3.1241675912951903e-17,
                        1.085798118083403e-17,
                        3.772981926886132e-16,
                        3.2724933873851114e-16,
                        4.076738946423575e-16,
                        3.3590907833058735e-16,
                        3.4796610037801655e-16,
                        3.7074787684332477e-16
                    ],
                    "3": [
                        1.5958345755962e-16,
                        1.6262546864709294e-16,
                        1.928457393773897e-16,
                        1.7499335314141718e-16
                    ],
                    "4": [
                        5.873079800267078e-17,
                        6.03073146976385e-17,
                        -2.55351295663786e-18,
                        1.496580637194711e-17,
                        -4.4164671919588726e-17,
                        -9.747758156208875e-18,
                        -7.793765632868599e-18
                    ],
                    "6": [
                        1.9246826354901714e-16,
                        1.6999734953060396e-16,
                        1.941780070069399e-16,
                        1.5998313784848506e-16
                    ],
                    "8": [
                        -5.0248694094534585e-17,
                        2.6578739209526248e-17,
                        2.5401902803423582e-17
                    ],
                    "12": [
                        -2.5801583092288637e-17
                    ],
                    "24": [
                        3.383959779057477e-17
                    ]
                }
            }
        }
    }
}