{
    "4": {
        "1": {
            "10": {
                "original": 0.37735289636331115,
                "twirled": {
                    "1": [
                        0.3755349428697361
                    ],
                    "2": [
                        0.4375048613022892,
                        0.3173215744239418,
                        0.4348248464825936,
                        0.39188872177149947,
                        0.39441041471311405,
                        0.3404263032692919,
                        0.3939378086750292,
                        0.3376303687829307,
                        0.38694073869344986
                    ],
                    "3": [
                        0.37388769169983127,
                        0.36862039103007355,
                        0.3710121184822495,
                        0.3660618788320534
                    ],
                    "4": [
                        0.3542197469122356,
                        0.4267831142236598,
                        0.42797066240740533,
                        0.30769674407701464,
                        0.34156280223754343,
                        0.3523749223264815,
                        0.3419022562893636
                    ],
                    "6": [
                        0.36857012137881073,
                        0.37423825858251336,
                        0.37029751066624933,
                        0.3690075570607765
                    ],
                    "8": [
                        0.34001297449445317,
                        0.33957520083104625,
                        0.3503299298043987
                    ],
                    "12": [
                        0.3456448744873805
                    ],
                    "24": [
                        0.35234618044471006
                    ]
                }
            }
        }
    }
}