{
    "4": {
        "5": {
            "2": {
                "original": 0.8100821524028438,
                "twirled": {
                    "1": [
                        0.8086136509644142
                    ],
                    "2": [
                        0.82764935663103,
                        0.8256174902100715,
                        0.8056476843162012,
                        0.794539440573933,
                        0.7880686449662985,
                        0.7877234104407447,
                        0.8026364856108256,
                        0.79431282058116,
                        0.7940136045197042
                    ],
                    "3": [
                        0.7608813263090932,
                        0.764627871628413,
                        0.7406520883299118,
                        0.7438273855931229
                    ],
                    "4": [
                        0.7475478361670814,
                        0.7798249527353586,
                        0.7451152456608048,
                        0.7160196863887354,
                        0.7630899532716778,
                        0.7433566090887929,
                        0.7524840611651449
                    ],
                    "6": [
                        0.7573568564385129,
                        0.7426265684679676,
                        0.7643359617162047,
                        0.745609062601659
                    ],
                    "8": [
                        0.7675376911485303,
                        0.7567279486665258,
                        0.7444250203762809
                    ],
                    "12": [
                        0.7338831979871299
                    ],
                    "24": [
                        0.7333417030777774
                    ]
                }
            }
        }
    }
}