{
    "4": {
        "3": {
            "4": {
                "original": 0.5585559245045715,
                "twirled": {
                    "1": [
                        0.5602941027337455
                    ],
                    "2": [
                        0.7777698560402451,
                        0.7674863296106799,
                        0.7322009989250788,
                        0.6538661764268191,
                        0.6954325660869846,
                        0.7019947396521827,
                        0.6806170854313547,
                        0.7257017022806047,
                        0.7391830800974388
                    ],
                    "3": [
                        0.6921533967729465,
                        0.7170741839908571,
                        0.7057712447240941,
                        0.7059071640477381
                    ],
                    "4": [
                        0.7266421803719926,
                        0.7168176453619549,
                        0.6824052469896726,
                        0.654398972632767,
                        0.7249392575717045,
                        0.7220094006105381,
                        0.7542327832900342
                    ],
                    "6": [
                        0.685839572394118,
                        0.6932153642214581,
                        0.7091889132102908,
                        0.691176945164413
                    ],
                    "8": [
                        0.720170998186528,
                        0.7424792423958891,
                        0.6872146619433306
                    ],
                    "12": [
                        0.6937905307804046
                    ],
                    "24": [
                        0.6934350575690044
                    ]
                }
            }
        }
    }
}