{
    "4": {
        "4": {
            "5": {
                "original": 0.7710545904230199,
                "twirled": {
                    "1": [
                        0.7741270351997823
                    ],
                    "2": [
                        0.7948442521173879,
                        0.7948275698105476,
                        0.798152359428678,
                        0.7485336715851709,
                        0.7545172825818323,
                        0.7525383662209992,
                        0.7532722944086983,
                        0.7550998178030564,
                        0.7564046193944141
                    ],
                    "3": [
                        0.6907202022357792,
                        0.691398789528294,
                        0.6877299114587779,
                        0.6925854202904649
                    ],
                    "4": [
                        0.8301480179585129,
                        0.7257265665120034,
                        0.7312442331203794,
                        0.7348647454393722,
                        0.7514684292145813,
                        0.7526187162205593,
                        0.7514101146503581
                    ],
                    "6": [
                        0.6941201084125117,
                        0.6911169860731999,
                        0.6943989739449806,
                        0.6951208870151898
                    ],
                    "8": [
                        0.7534153977551535,
                        0.7545216101076676,
                        0.7527146725263894
                    ],
                    "12": [
                        0.5817716489465118
                    ],
                    "24": [
                        0.5920117682965008
                    ]
                }
            }
        }
    }
}