{
    "4": {
        "1": {
            "5": {
                "original": 0.28673935484663093,
                "twirled": {
                    "1": [
                        0.2866534486714069
                    ],
                    "2": [
                        0.40908619499354326,
                        0.4072260415479272,
                        0.41181028848999424,
                        0.3287468053585549,
                        0.320942357927758,
                        0.3249622874065375,
                        0.3299523204681625,
                        0.32899899360413115,
                        0.32491402773890304
                    ],
                    "3": [
                        0.31785562063090295,
                        0.31731151286522513,
                        0.3196197716713175,
                        0.32466347150568897
                    ],
                    "4": [
                        0.514600245007452,
                        0.35304959341615233,
                        0.35436961987436,
                        0.3539482976007801,
                        0.41371266039873933,
                        0.41797699890087553,
                        0.42350976313586863
                    ],
                    "6": [
                        0.3226704225994572,
                        0.326449445830263,
                        0.33027244717888005,
                        0.3256159389385686
                    ],
                    "8": [
                        0.4200313151024279,
                        0.4300752127847772,
                        0.414247495434123
                    ],
                    "12": [
                        0.2579174942079775
                    ],
                    "24": [
                        0.25752247163116476
                    ]
                }
            }
        }
    }
}