{
    "4": {
        "3": {
            "5": {
                "original": 0.7094049010360117,
                "twirled": {
                    "1": [
                        0.7087942254892151
                    ],
                    "2": [
                        0.7459615741316139,
                        0.7442866289758772,
                        0.746833121217142,
                        0.6928398612197314,
                        0.6937975548257883,
                        0.6929329622119272,
                        0.6968823262014329,
                        0.693881721371435,
                        0.6947337239797335
                    ],
                    "3": [
                        0.6286841309000822,
                        0.6317596262881905,
                        0.6296669493349587,
                        0.6296642757313836
                    ],
                    "4": [
                        0.7853725001725101,
                        0.6718035483469802,
                        0.6729628299316049,
                        0.6744010934013597,
                        0.6967997978603521,
                        0.696579633237914,
                        0.6975966828690503
                    ],
                    "6": [
                        0.6269539574600518,
                        0.629028911139439,
                        0.6289078362679201,
                        0.630467116599283
                    ],
                    "8": [
                        0.6959187597683075,
                        0.6972739170191515,
                        0.6942975772896434
                    ],
                    "12": [
                        0.5145466632230892
                    ],
                    "24": [
                        0.5163280968995506
                    ]
                }
            }
        }
    }
}