{
    "4": {
        "5": {
            "4": {
                "original": 0.6682463703340978,
                "twirled": {
                    "1": [
                        0.6692461804467168
                    ],
                    "2": [
                        0.8210918040934685,
                        0.8158982931387357,
                        0.7940112873373621,
                        0.7346292265023138,
                        0.7652741102834563,
                        0.7731084604803964,
                        0.7462067045830534,
                        0.7828936857694007,
                        0.7870324896911035
                    ],
                    "3": [
                        0.7498572057861399,
                        0.7628821142519617,
                        0.7534134641230145,
                        0.755896547908272
                    ],
                    "4": [
                        0.8057415600769731,
                        0.7722643472618046,
                        0.7548932759556233,
                        0.7476908380559988,
                        0.7799559114455349,
                        0.7593285728248438,
                        0.8006514245959816
                    ],
                    "6": [
                        0.7505920413557859,
                        0.757032205085527,
                        0.7594542379813394,
                        0.7511004772776533
                    ],
                    "8": [
                        0.7805036314230924,
                        0.7993247086237264,
                        0.7608695637809046
                    ],
                    "12": [
                        0.7417334658655695
                    ],
                    "24": [
                        0.7354387152431456
                    ]
                }
            }
        }
    }
}