{
    "4": {
        "1": {
            "18": {
                "original": 0.21876595545410904,
                "twirled": {
                    "1": [
                        0.21858565462023488
                    ],
                    "2": [
                        0.40764849253449364,
                        0.39717102019243145,
                        0.40699825424151254,
                        0.35100942121223727,
                        0.3478020004983412,
                        0.32943624788389086,
                        0.3531244103052805,
                        0.32412300062823585,
                        0.3524812029240034
                    ],
                    "3": [
                        0.5234856719966938,
                        0.5203647369093558,
                        0.5214700579903815,
                        0.5240183831222285
                    ],
                    "4": [
                        0.59114628133654,
                        0.4219036065607894,
                        0.42015217970836705,
                        0.4241686681256313,
                        0.5954785417452877,
                        0.6258524152207028,
                        0.6037809628847004
                    ],
                    "6": [
                        0.5165796495619334,
                        0.5277122037260047,
                        0.5267902082326239,
                        0.5245725494895844
                    ],
                    "8": [
                        0.5957243096605939,
                        0.5908747642806924,
                        0.6210263611271865
                    ],
                    "12": [
                        0.6282014875879779
                    ],
                    "24": [
                        0.6299389920845455
                    ]
                }
            }
        }
    }
}