{
    "4": {
        "3": {
            "6": {
                "original": 0.8214590247170208,
                "twirled": {
                    "1": [
                        0.8199525490582539
                    ],
                    "2": [
                        0.8355904263724248,
                        0.835609655435417,
                        0.8368444109656572,
                        0.8095700498106936,
                        0.8062880478997201,
                        0.8086634280407088,
                        0.8079461364247786,
                        0.8071345108871558,
                        0.8089688193082122
                    ],
                    "3": [
                        0.8165501701203872,
                        0.8176482279492168,
                        0.8187663228016319,
                        0.8177270783783244
                    ],
                    "4": [
                        0.8639516395262834,
                        0.7983353404862794,
                        0.8004553243562395,
                        0.7993827192221771,
                        0.8200997194810976,
                        0.8211499369356646,
                        0.8241336548977426
                    ],
                    "6": [
                        0.7882949838408315,
                        0.7903765739718678,
                        0.7967649161391831,
                        0.791863235279171
                    ],
                    "8": [
                        0.8209101538317889,
                        0.8217440746245814,
                        0.8224164774905234
                    ],
                    "12": [
                        0.7568355114798534
                    ],
                    "24": [
                        0.76136430320417
                    ]
                }
            }
        }
    }
}