{
    "4": {
        "5": {
            "12": {
                "original": 0.7527942866499499,
                "twirled": {
                    "1": [
                        -1.3500311979441904e-17
                    ],
                    "2": [
                        0.39239399147542003,
                        0.40180076290352873,
                        2.3151702777113316e-15,
                        0.4797937028785866,
                        0.7564674297355537,
                        0.7947641110822404,
                        0.4825136051441455,
                        0.7938411421114148,
                        0.7645377269520741
                    ],
                    "3": [
                        0.7735228344979996,
                        0.7733891270463742,
                        0.7804939354822473,
                        0.7786852178236753
                    ],
                    "4": [
                        0.49927106586590037,
                        0.7233720048471063,
                        0.7462005822121937,
                        0.7934692218112809,
                        0.7928435749923886,
                        0.8214592813706766,
                        0.8195213634125099
                    ],
                    "6": [
                        0.7738282028461825,
                        0.7789448126237004,
                        0.7743842839857179,
                        0.7791631699109577
                    ],
                    "8": [
                        0.7928426110872734,
                        0.8196606455554122,
                        0.8219617594284562
                    ],
                    "12": [
                        0.7455865357776602
                    ],
                    "24": [
                        0.7520100040941748
                    ]
                }
            }
        }
    }
}