{
    "4": {
        "2": {
            "5": {
                "original": 0.5730391459865349,
                "twirled": {
                    "1": [
                        0.5776506309713172
                    ],
                    "2": [
                        0.6392832922535511,
                        0.6367741358193614,
                        0.6413608130190873,
                        0.5734651606572547,
                        0.5759942314060515,
                        0.5752023784128655,
                        0.5742774148803136,
                        0.5737487025991712,
                        0.5715330753826613
                    ],
                    "3": [
                        0.5216938963781996,
                        0.5153591013303193,
                        0.5165126298300348,
                        0.5131635751098153
                    ],
                    "4": [
                        0.700933771232226,
                        0.5606464615872222,
                        0.5605581941843399,
                        0.5622558640754892,
                        0.5988873753232847,
                        0.5941501554893893,
                        0.5968611437163674
                    ],
                    "6": [
                        0.5121730220654513,
                        0.5196076689434742,
                        0.5177970833840575,
                        0.5173375870803909
                    ],
                    "8": [
                        0.5978124769135056,
                        0.5974165106377143,
                        0.598535648933249
                    ],
                    "12": [
                        0.40982170177189575
                    ],
                    "24": [
                        0.4091563978853787
                    ]
                }
            }
        }
    }
}