{
    "4": {
        "3": {
            "17": {
                "original": 0.5517945964164567,
                "twirled": {
                    "1": [
                        0.5535377269942292
                    ],
                    "2": [
                        0.7705223754585586,
                        0.7554075012985109,
                        0.7224338344003547,
                        0.6547679126230223,
                        0.691840686726263,
                        0.699039881166939,
                        0.6673095001855294,
                        0.7183831482289088,
                        0.7315345526626656
                    ],
                    "3": [
                        0.6664770013305239,
                        0.7129857028436303,
                        0.6812768652193093,
                        0.6825686054282469
                    ],
                    "4": [
                        0.7581678216107252,
                        0.7201601002230316,
                        0.6792919214317941,
                        0.6878124091541131,
                        0.7231172894359233,
                        0.6902231816955404,
                        0.7596726655104313
                    ],
                    "6": [
                        0.664498418441093,
                        0.6855121961066266,
                        0.7066271997854645,
                        0.6788352524177008
                    ],
                    "8": [
                        0.7270399623140095,
                        0.7590172385404524,
                        0.6893718957242957
                    ],
                    "12": [
                        0.6852006594501334
                    ],
                    "24": [
                        0.6914862220347359
                    ]
                }
            }
        }
    }
}