{
    "4": {
        "1": {
            "17": {
                "original": 0.2925840349075977,
                "twirled": {
                    "1": [
                        0.2902434678052753
                    ],
                    "2": [
                        0.5510876095768822,
                        0.5021367957400514,
                        0.4758012814122353,
                        0.41771583161855763,
                        0.4630194259596476,
                        0.43120089517586774,
                        0.4464595312516224,
                        0.4624087767872321,
                        0.44561361524314036
                    ],
                    "3": [
                        0.3768645751038978,
                        0.48123965606298863,
                        0.3804818592630674,
                        0.40342650235935823
                    ],
                    "4": [
                        0.557427803078538,
                        0.5026521877448932,
                        0.4166783192629382,
                        0.41726734950183,
                        0.5256540291028734,
                        0.5048312053956658,
                        0.469970383849399
                    ],
                    "6": [
                        0.37418544281118904,
                        0.4050100305971368,
                        0.4789219149481975,
                        0.3847319744304209
                    ],
                    "8": [
                        0.5215898873512514,
                        0.46830732165135086,
                        0.508240392838714
                    ],
                    "12": [
                        0.40752335266563516
                    ],
                    "24": [
                        0.4061696584148743
                    ]
                }
            }
        }
    }
}