{
    "4": {
        "1": {
            "9": {
                "original": 1.0,
                "twirled": {
                    "1": [
                        1.0
                    ],
                    "2": [
                        1.0000000000000002,
                        1.0000000000000002,
                        1.0000000000000002,
                        1.0,
                        0.875,
                        0.9375,
                        1.0000000000000002,
                        0.9375,
                        0.8750000000000002
                    ],
                    "3": [
                        0.859375,
                        0.859375,
                        0.890625,
                        0.890625
                    ],
                    "4": [
                        0.9999999999999998,
                        1.0000000000000002,
                        0.875,
                        0.9785533905931763,
                        1.0,
                        0.9785533905931763,
                        0.875
                    ],
                    "6": [
                        0.859375,
                        0.890625,
                        0.859375,
                        0.890625
                    ],
                    "8": [
                        1.0,
                        0.875,
                        0.9785533905931763
                    ],
                    "12": [
                        0.875
                    ],
                    "24": [
                        0.875
                    ]
                }
            }
        }
    }
}