{
    "4": {
        "4": {
            "13": {
                "original": 0.7763145185662422,
                "twirled": {
                    "1": [
                        0.7748931295705029
                    ],
                    "2": [
                        0.8130417549532468,
                        0.8059391322393944,
                        0.8125555886704738,
                        0.7974080725511223,
                        0.79728984719238,
                        0.7832415630590571,
                        0.798537972804702,
                        0.7839982063816703,
                        0.7994783808271174
                    ],
                    "3": [
                        0.7718121647286408,
                        0.7723051627296194,
                        0.7735301030489552,
                        0.771992547543102
                    ],
                    "4": [
                        0.8272781551351324,
                        0.7934142717039818,
                        0.7925796467367029,
                        0.7747213797756465,
                        0.8066322432303884,
                        0.7773557235183023,
                        0.8103108725867071
                    ],
                    "6": [
                        0.7698364371897887,
                        0.7690423277240445,
                        0.7739686033251637,
                        0.7710826818507613
                    ],
                    "8": [
                        0.8074382504106284,
                        0.8109757495534556,
                        0.7794673108578053
                    ],
                    "12": [
                        0.7379524189007138
                    ],
                    "24": [
                        0.743862237701527
                    ]
                }
            }
        }
    }
}