{
    "4": {
        "1": {
            "16": {
                "original": 0.17313541155688883,
                "twirled": {
                    "1": [
                        0.1700109455905145
                    ],
                    "2": [
                        0.36446237253417113,
                        0.3610625583439854,
                        0.3462103048721071,
                        0.2731481880726055,
                        0.31363787706403407,
                        0.2904630862472641,
                        0.27594962238330667,
                        0.2916022321988661,
                        0.2796051494223968
                    ],
                    "3": [
                        0.46220191237326563,
                        0.45242795983021833,
                        0.4037362545434501,
                        0.39747237480134257
                    ],
                    "4": [
                        0.5454721959397013,
                        0.3168521077407887,
                        0.35790689514850543,
                        0.40035793243295215,
                        0.49969184998226673,
                        0.5902894681301513,
                        0.551023624360813
                    ],
                    "6": [
                        0.45753006220181697,
                        0.40250471514628416,
                        0.4569013730405769,
                        0.39760880165036655
                    ],
                    "8": [
                        0.5030885735737591,
                        0.554645260811443,
                        0.5805392164534205
                    ],
                    "12": [
                        0.5252831572084707
                    ],
                    "24": [
                        0.5225346373246236
                    ]
                }
            }
        }
    }
}