{
    "4": {
        "1": {
            "8": {
                "original": 0.2894738332469779,
                "twirled": {
                    "1": [
                        0.28929932004145514
                    ],
                    "2": [
                        0.5630897324406311,
                        0.4784951783004145,
                        0.4769923713350195,
                        0.43107039563678773,
                        0.4620546471961462,
                        0.4008493229945435,
                        0.44078415259516923,
                        0.46236190784866593,
                        0.43498205314436766
                    ],
                    "3": [
                        0.35365797238339525,
                        0.43459806260775097,
                        0.37152756292121425,
                        0.41981631238286754
                    ],
                    "4": [
                        0.5953519461945393,
                        0.5113833050950569,
                        0.41486581077090107,
                        0.395000362396156,
                        0.5427149626176285,
                        0.4043601797241852,
                        0.5017369367092386
                    ],
                    "6": [
                        0.35199150429461795,
                        0.41892873996481655,
                        0.433893215489064,
                        0.3724267473964921
                    ],
                    "8": [
                        0.5448720887690721,
                        0.5042965344726925,
                        0.4080840431359435
                    ],
                    "12": [
                        0.3342951110802247
                    ],
                    "24": [
                        0.3366540657881691
                    ]
                }
            }
        }
    }
}