{
    "4": {
        "4": {
            "6": {
                "original": 0.823174315065822,
                "twirled": {
                    "1": [
                        0.822498511152363
                    ],
                    "2": [
                        0.8368556984796923,
                        0.8375979421119142,
                        0.8363461226751684,
                        0.8072104120011885,
                        0.8061261935613807,
                        0.8059628579967116,
                        0.8092913513693228,
                        0.809357502627051,
                        0.8070080241142852
                    ],
                    "3": [
                        0.818867552403837,
                        0.8209561473544867,
                        0.82226615024811,
                        0.8218684673744551
                    ],
                    "4": [
                        0.8663518953609266,
                        0.800855820225682,
                        0.7975671030257986,
                        0.7988464885490767,
                        0.8225630705894573,
                        0.8240721262344861,
                        0.8246560265808346
                    ],
                    "6": [
                        0.7923478708628281,
                        0.7972744932971406,
                        0.7993904057008272,
                        0.79547040929225
                    ],
                    "8": [
                        0.8153922363375531,
                        0.8276044386089425,
                        0.8283984402979359
                    ],
                    "12": [
                        0.7706380596481744
                    ],
                    "24": [
                        0.7707751402829681
                    ]
                }
            }
        }
    }
}