{
    "4": {
        "4": {
            "4": {
                "original": 0.6251011766423475,
                "twirled": {
                    "1": [
                        0.6217487288398658
                    ],
                    "2": [
                        0.8080414048667542,
                        0.7971778504236282,
                        0.7722492518190928,
                        0.7012035297567987,
                        0.7400280902052028,
                        0.747439014461705,
                        0.7190604878194878,
                        0.7604415915503299,
                        0.7707686816178628
                    ],
                    "3": [
                        0.7360514670841269,
                        0.7550470329918878,
                        0.7490199232738439,
                        0.7516499885922459
                    ],
                    "4": [
                        0.7761709113392313,
                        0.7580769416456156,
                        0.7248614992285011,
                        0.7154802139138658,
                        0.7624044561740918,
                        0.7587938100147238,
                        0.7911837859058137
                    ],
                    "6": [
                        0.7333352666398968,
                        0.7427008642842887,
                        0.7417197239311198,
                        0.7339605498959324
                    ],
                    "8": [
                        0.761517185768828,
                        0.7862783424844664,
                        0.7308354735308632
                    ],
                    "12": [
                        0.7274028943020964
                    ],
                    "24": [
                        0.7288203860837131
                    ]
                }
            }
        }
    }
}