{
    "4": {
        "1": {
            "10": {
                "original": 0.3758886668341859,
                "twirled": {
                    "1": [
                        0.37041536301401645
                    ],
                    "2": [
                        0.4326872797001685,
                        0.31839995771688684,
                        0.43669116568486926,
                        0.3893030870456722,
                        0.3878509098732352,
                        0.34156513881895173,
                        0.3931536956555882,
                        0.3444063066487694,
                        0.3969978231733378
                    ],
                    "3": [
                        0.36546635863054305,
                        0.3663951365007214,
                        0.3704281612971348,
                        0.3670688993983299
                    ],
                    "4": [
                        0.3581754432585658,
                        0.42413266092556506,
                        0.4267840536105786,
                        0.31512244856021415,
                        0.3395126800767463,
                        0.3450003086897258,
                        0.34593306639327076
                    ],
                    "6": [
                        0.37017873730006434,
                        0.3683327858846649,
                        0.3650923320896214,
                        0.37064676058319973
                    ],
                    "8": [
                        0.3424199712061444,
                        0.33932587410263676,
                        0.34585228888361574
                    ],
                    "12": [
                        0.3446234167361115
                    ],
                    "24": [
                        0.35042982640423986
                    ]
                }
            }
        }
    }
}