{
    "4": {
        "3": {
            "15": {
                "original": 0.7745194722766494,
                "twirled": {
                    "1": [
                        -1.9184653865522706e-17
                    ],
                    "2": [
                        0.8135762132992286,
                        0.7275726797064905,
                        0.8083033831863594,
                        0.8026638272775091,
                        0.8023542696161485,
                        0.6897756336836559,
                        0.8024813182822208,
                        0.6857994512982711,
                        0.8017884466577372
                    ],
                    "3": [
                        0.822347418482487,
                        0.8228045919810265,
                        0.8243344773854601,
                        0.8250304149222882
                    ],
                    "4": [
                        0.8295962781721195,
                        0.8219981830585604,
                        0.8222273473361139,
                        0.7002380377843356,
                        0.8217722418449992,
                        0.824952601900214,
                        0.8216258904835441
                    ],
                    "6": [
                        0.81588802531268,
                        0.8170297000761935,
                        0.8109490864647674,
                        0.8155582024290258
                    ],
                    "8": [
                        0.8136535325233668,
                        0.8209699754622026,
                        0.8110780071032703
                    ],
                    "12": [
                        0.7882511188547644
                    ],
                    "24": [
                        0.7866280122257087
                    ]
                }
            }
        }
    }
}