{
    "1": {
        "1": 4.151375749858287e-08,
        "2": 3.371472882765978e-08,
        "3": 3.1995037916880976e-08,
        "4": 3.604784495644283e-08,
        "5": 2.2521861287219803e-08,
        "6": 2.77314622428845e-08,
        "7": 1.9272475843137752e-08,
        "8": 1.583887562187485e-08,
        "9": 1.42815486947577e-08,
        "10": 1.1595572486208351e-08,
        "11": 1.1024412880516577e-08,
        "12": 9.252904148327208e-09,
        "13": 9.076476392067182e-09
    },
    "2": {
        "1": 4.092062954446232e-06,
        "2": 3.8016424415972076e-06,
        "3": 3.83499268155283e-06,
        "4": 3.1488349918781964e-06,
        "5": 2.8346364147787385e-06,
        "6": 2.974618585329825e-06,
        "7": 3.4683585105610185e-06,
        "8": 2.6396650104181224e-06,
        "9": 2.385770717852163e-06,
        "10": 2.3263126205023643e-06,
        "11": 2.1783431649126685e-06,
        "12": 1.8666222922878394e-06,
        "13": 2.1113786915167305e-06
    },
    "3": {
        "1": 4.6502886888744396e-08,
        "2": 3.955844982075454e-08,
        "3": 3.776624451553509e-08,
        "4": 2.56988399898316e-08,
        "5": 2.164929551105893e-08,
        "6": 2.5616201690464e-08,
        "7": 2.0202662482459995e-08,
        "8": 1.927246407657755e-08,
        "9": 1.8876602386951954e-08,
        "10": 1.4096399249118265e-08,
        "11": 1.4061424000508612e-08,
        "12": 1.1746885021844047e-08,
        "13": 1.2459309751572735e-08
    },
    "4": {
        "1": 7.875644787214798e-07,
        "2": 5.885642854000185e-07,
        "3": 5.185090976945744e-07,
        "4": 5.723169031852363e-07,
        "5": 4.3105862730981833e-07,
        "6": 4.82037875153262e-07,
        "7": 4.966474064324041e-07,
        "8": 4.6189597141766424e-07,
        "9": 4.922781943429299e-07,
        "10": 4.1513211741696784e-07,
        "11": 3.6070450208766883e-07,
        "12": 3.362553257262054e-07,
        "13": 4.2159553219515783e-07
    },
    "5": {
        "1": 9.601042474716656e-07,
        "2": 7.571434156913687e-07,
        "3": 7.081471369095823e-07,
        "4": 6.549638166814154e-07,
        "5": 6.242011059314201e-07,
        "6": 5.454756154898495e-07,
        "7": 5.606087428345409e-07,
        "8": 5.719222869877537e-07,
        "9": 5.321942941861732e-07,
        "10": 5.631845303603042e-07,
        "11": 6.085685475213425e-07,
        "12": 5.884549781974078e-07,
        "13": 5.142754515170192e-07
    },
    "6": {
        "1": 2.462607010241942e-07,
        "2": 2.324579340867177e-07,
        "3": 1.9707607407284776e-07,
        "4": 1.933771780262334e-07,
        "5": 1.8981797724444488e-07,
        "6": 1.9213963276738322e-07,
        "7": 1.9121652146326733e-07,
        "8": 2.0302248211378035e-07,
        "9": 1.8733482214494112e-07,
        "10": 1.9860743136750396e-07,
        "11": 1.7934250353144487e-07,
        "12": 1.9181893956917906e-07,
        "13": 1.8769194622157395e-07
    },
    "7": {
        "1": 1.752122874807352e-08,
        "2": 1.671543699512829e-08,
        "3": 1.3727670623852185e-08,
        "4": 1.5743385476931702e-08,
        "5": 1.3773984506469358e-08,
        "6": 1.6044647851064052e-08,
        "7": 1.5583768668737384e-08,
        "8": 1.610029912345319e-08,
        "9": 1.593229556303649e-08,
        "10": 1.4496586135710584e-08,
        "11": 1.4810650090668328e-08,
        "12": 1.3808465968769541e-08,
        "13": 1.4578956395572888e-08
    },
    "8": {
        "1": 1.4052815218098957e-07,
        "2": 1.1094306301430817e-07,
        "3": 1.0754443738891274e-07,
        "4": 1.0902270460732717e-07,
        "5": 1.183750429486223e-07,
        "6": 9.982780141400558e-08,
        "7": 1.1036799552348946e-07,
        "8": 1.239283044978955e-07,
        "9": 1.122350215945494e-07,
        "10": 1.1869228184402511e-07,
        "11": 1.0601787346852319e-07,
        "12": 1.1044656885427486e-07,
        "13": 1.1248813783241067e-07
    },
    "9": {
        "1": 9.149296152309913e-08,
        "2": 1.1216770928697338e-07,
        "3": 1.2211066227928542e-07,
        "4": 1.3864606756474605e-07,
        "5": 1.4300938213082338e-07,
        "6": 1.4860175578905882e-07,
        "7": 1.417583796980238e-07,
        "8": 1.661613006381146e-07,
        "9": 1.4624642023253872e-07,
        "10": 1.6203353152268622e-07,
        "11": 1.5477917384377177e-07,
        "12": 1.554597110560272e-07,
        "13": 1.612406416251724e-07
    },
    "10": {
        "1": 4.086336746446043e-07,
        "2": 2.3823606388807395e-07,
        "3": 2.2860338703618382e-07,
        "4": 2.1134953663672794e-07,
        "5": 1.6089196876532357e-07,
        "6": 2.053149343824371e-07,
        "7": 1.9339564701172821e-07,
        "8": 2.1420433206857562e-07,
        "9": 2.0263602050229515e-07,
        "10": 2.0582706450307293e-07,
        "11": 1.7062159511432292e-07,
        "12": 2.0461549367569176e-07,
        "13": 2.158492217861848e-07
    },
    "11": {
        "1": 4.896446261549855e-07,
        "2": 4.357917825786371e-07,
        "3": 4.325779404778471e-07,
        "4": 3.931329926259189e-07,
        "5": 4.0227919699416e-07,
        "6": 3.5122090953039716e-07,
        "7": 3.5414534261236334e-07,
        "8": 3.971247303835813e-07,
        "9": 3.964334303443847e-07,
        "10": 3.280166515911339e-07,
        "11": 3.1341682646599553e-07,
        "12": 3.5950503026770025e-07,
        "13": 3.638525529923854e-07
    },
    "12": {
        "1": 1.010679888027827e-07,
        "2": 8.461881675060422e-08,
        "3": 7.77793447903089e-08,
        "4": 8.400324994656863e-08,
        "5": 8.563599526520017e-08,
        "6": 8.323629727800001e-08,
        "7": 7.512911415087994e-08,
        "8": 8.29475792655994e-08,
        "9": 9.238993306637851e-08,
        "10": 8.12229498566316e-08,
        "11": 7.732060772838457e-08,
        "12": 7.636983547503222e-08,
        "13": 8.681583506735622e-08
    },
    "13": {
        "1": 5.9352120408125355e-08,
        "2": 5.306353576363552e-08,
        "3": 5.1452236653349664e-08,
        "4": 5.4962713678395905e-08,
        "5": 5.7422107648842326e-08,
        "6": 5.360037768217879e-08,
        "7": 5.555245159281845e-08,
        "8": 6.079748531533926e-08,
        "9": 5.265652575611704e-08,
        "10": 6.263771682665006e-08,
        "11": 4.886138221840623e-08,
        "12": 5.049873173127802e-08,
        "13": 5.2083386755867944e-08
    },
    "14": {
        "1": 1.851751820439021e-07,
        "2": 1.9939980018274293e-07,
        "3": 1.6034013796002895e-07,
        "4": 1.7425682282708875e-07,
        "5": 1.5897780809545066e-07,
        "6": 1.468290136946756e-07,
        "7": 1.7747304482722383e-07,
        "8": 1.934832851207156e-07,
        "9": 1.5318691063140282e-07,
        "10": 1.8069346086393e-07,
        "11": 1.5693289686808176e-07,
        "12": 1.6735743169811114e-07,
        "13": 1.63992163794173e-07
    },
    "15": {
        "1": 6.002294957239336e-07,
        "2": 5.236046688967667e-07,
        "3": 4.0540574845201904e-07,
        "4": 3.4188052488360384e-07,
        "5": 3.356711212744708e-07,
        "6": 3.240348892343221e-07,
        "7": 2.9396810303018077e-07,
        "8": 2.777337524765167e-07,
        "9": 2.60913988303521e-07,
        "10": 2.9299665180840344e-07,
        "11": 2.8533641920834847e-07,
        "12": 2.6846886167355194e-07,
        "13": 2.748686433472813e-07
    },
    "16": {
        "1": 5.873590749562498e-08,
        "2": 4.70018466879675e-08,
        "3": 3.236422192938245e-08,
        "4": 3.026526376988066e-08,
        "5": 2.675085800944386e-08,
        "6": 2.6359204738871883e-08,
        "7": 2.6610354078739215e-08,
        "8": 2.59115881441841e-08,
        "9": 1.9530693054198035e-08,
        "10": 1.8238168726315252e-08,
        "11": 7.711185400698661e-09,
        "12": 8.62941488190298e-09,
        "13": 8.337679153697536e-09
    },
    "17": {
        "1": 6.941274101588173e-07,
        "2": 6.735212605087399e-07,