{
    "1": {
        "1": 1.4449043571219792e-09,
        "2": 1.4246163430867752e-09,
        "3": 1.3293367329785742e-09,
        "4": 1.2940738943023781e-09,
        "5": 1.5087931835353784e-09,
        "6": 1.3196165492053383e-09,
        "7": 1.6626583074486096e-09,
        "8": 1.31131240552348e-09,
        "9": 1.5011253029675248e-09,
        "10": 1.5805378094379018e-09,
        "11": 1.8247128443516982e-09,
        "12": 1.4020554246152905e-09,
        "13": 1.6002465994976285e-09
    },
    "2": {
        "1": 3.543021448195299e-07,
        "2": 3.2111995998686757e-07,
        "3": 3.5249107465891374e-07,
        "4": 3.3378468055439423e-07,
        "5": 3.511995344905271e-07,
        "6": 3.3813973587235375e-07,
        "7": 3.526531088240475e-07,
        "8": 3.471152447904768e-07,
        "9": 3.3648565798888766e-07,
        "10": 3.553906821555488e-07,
        "11": 3.4436301091361017e-07,
        "12": 3.126396391500772e-07,
        "13": 3.0155455022013035e-07
    },
    "3": {
        "1": 9.083307539604997e-08,
        "2": 8.00641819627885e-08,
        "3": 8.480061713398736e-08,
        "4": 7.25837350025453e-08,
        "5": 7.242747697877637e-08,
        "6": 6.896482028810234e-08,
        "7": 7.253399350361075e-08,
        "8": 6.962463248486932e-08,
        "9": 7.967588689861425e-08,
        "10": 6.658784974155325e-08,
        "11": 7.190081244977992e-08,
        "12": 7.743369959583741e-08,
        "13": 6.951249816316836e-08
    },
    "4": {
        "1": 9.406012040280462e-08,
        "2": 1.0397925297021929e-07,
        "3": 1.0988759936683479e-07,
        "4": 1.021040080975047e-07,
        "5": 1.177606315997094e-07,
        "6": 1.2323512716761907e-07,
        "7": 1.1994950985871637e-07,
        "8": 1.0122313075264235e-07,
        "9": 1.1472484564879052e-07,
        "10": 1.1018828587819055e-07,
        "11": 1.257822677922954e-07,
        "12": 1.2585856064409474e-07,
        "13": 1.0523695312391538e-07
    },
    "5": {
        "1": 2.2785261508436403e-07,
        "2": 2.629413870811963e-07,
        "3": 2.665781123614676e-07,
        "4": 2.578384916514792e-07,
        "5": 2.511446766048933e-07,
        "6": 2.4214755239422776e-07,
        "7": 2.6000546338248293e-07,
        "8": 2.566419709836263e-07,
        "9": 2.594147872357888e-07,
        "10": 2.2797824209095973e-07,
        "11": 2.38259532159505e-07,
        "12": 2.3677293889254767e-07,
        "13": 2.747024038971806e-07
    },
    "6": {
        "1": 2.2719202984245512e-07,
        "2": 1.9863158396803774e-07,
        "3": 2.5656576807406237e-07,
        "4": 2.3804258933851722e-07,
        "5": 2.3182160172509417e-07,
        "6": 2.2942562822261572e-07,
        "7": 2.47370287775177e-07,
        "8": 2.365304791967426e-07,
        "9": 2.432788398880145e-07,
        "10": 2.3081477005132554e-07,
        "11": 2.4844302118835463e-07,
        "12": 2.5314745608780894e-07,
        "13": 2.4856877404005667e-07
    },
    "7": {
        "1": 9.725993602400927e-08,
        "2": 1.0668407341733282e-07,
        "3": 9.99639609234603e-08,
        "4": 8.823344376001916e-08,
        "5": 8.863577625937463e-08,
        "6": 8.700849321165729e-08,
        "7": 9.565252282339783e-08,
        "8": 9.250712434886388e-08,
        "9": 8.612579421312631e-08,
        "10": 8.809696519187758e-08,
        "11": 7.79007207166468e-08,
        "12": 9.066932056640112e-08,
        "13": 8.982912023243004e-08
    },
    "8": {
        "1": 1.121473584923374e-07,
        "2": 1.355225086146513e-07,
        "3": 1.535563115998835e-07,
        "4": 1.4012646357311232e-07,
        "5": 1.511763062152986e-07,
        "6": 1.4764060287798737e-07,
        "7": 1.355355375570228e-07,
        "8": 1.3510775266058177e-07,
        "9": 1.2822579787923982e-07,
        "10": 1.4418661949013637e-07,
        "11": 1.4359550590447392e-07,
        "12": 1.4662804156511473e-07,
        "13": 1.451181268931859e-07
    },
    "9": {
        "1": 2.3185307303765906e-07,
        "2": 2.0882367895264503e-07,
        "3": 2.0888461568929528e-07,
        "4": 2.3262666701140844e-07,
        "5": 2.4636690841844445e-07,
        "6": 2.232438530081858e-07,
        "7": 2.283420571880247e-07,
        "8": 2.3146206567002438e-07,
        "9": 2.448322952038697e-07,
        "10": 2.3626536829956063e-07,
        "11": 2.1214915791440207e-07,
        "12": 2.5258080013065387e-07,
        "13": 2.2252078142920008e-07
    },
    "10": {
        "1": 3.812387257319079e-07,
        "2": 2.5891997162765686e-07,
        "3": 1.9991302898217588e-07,
        "4": 2.1066532825772228e-07,
        "5": 1.894300984719008e-07,
        "6": 1.7820114374278912e-07,
        "7": 1.6885388743461467e-07,
        "8": 1.787877501146545e-07,
        "9": 1.5645102584279478e-07,
        "10": 1.5684732818513186e-07,
        "11": 1.7283109958541137e-07,
        "12": 1.7597287076726692e-07,
        "13": 1.66766370499331e-07
    },
    "11": {
        "1": 1.8385313046883072e-07,
        "2": 1.6864482709136298e-07,
        "3": 1.9286974214392956e-07,
        "4": 1.7120162329743812e-07,
        "5": 2.1298041550868406e-07,
        "6": 1.7997691847435006e-07,
        "7": 1.8950266754865245e-07,
        "8": 1.6924108205479706e-07,
        "9": 1.9095981403579778e-07,
        "10": 1.8030541609299678e-07,
        "11": 2.0262497648627237e-07,
        "12": 2.0668569654885793e-07,
        "13": 2.2689472666180043e-07
    },
    "12": {
        "1": 1.9887856208096154e-07,
        "2": 1.8281033576084457e-07,
        "3": 1.7037717655817366e-07,
        "4": 1.8629311464350467e-07,
        "5": 1.822569891179338e-07,
        "6": 1.7812587800842528e-07,
        "7": 1.7887116059995348e-07,
        "8": 1.9094224259142159e-07,
        "9": 1.8246311113204703e-07,
        "10": 1.954887015164358e-07,
        "11": 1.7607283827670289e-07,
        "12": 1.835655925493232e-07,
        "13": 1.8851193381835983e-07
    },
    "13": {
        "1": 1.0379074141551583e-07,
        "2": 1.466617945312855e-07,
        "3": 1.536518129520978e-07,
        "4": 1.6301371583956855e-07,
        "5": 1.4264153022518083e-07,
        "6": 1.5017374389687946e-07,
        "7": 1.4415996320969157e-07,
        "8": 1.5566883327895386e-07,
        "9": 1.397851163322822e-07,
        "10": 1.542569815009619e-07,
        "11": 1.6052982119291462e-07,
        "12": 1.513189578540063e-07,
        "13": 1.5114296397139887e-07
    },
    "14": {
        "1": 1.6876470409632893e-07,
        "2": 1.8266289392311332e-07,
        "3": 1.8190037009396293e-07,
        "4": 1.8461956320700005e-07,
        "5": 2.0177447933064178e-07,
        "6": 1.958663676832247e-07,
        "7": 1.862869031721834e-07,
        "8": 2.1334862470368686e-07,
        "9": 2.040125753386669e-07,
        "10": 1.9976877542242777e-07,
        "11": 1.987581475756884e-07,
        "12": 2.0187161097013305e-07,
        "13": 1.970211542856516e-07
    },
    "15": {
        "1": 3.992950165576951e-07,
        "2": 3.1830436117169107e-07,
        "3": 3.06223683845738e-07,
        "4": 2.872476278880102e-07,
        "5": 3.0783938662850075e-07,
        "6": 2.9209259480311985e-07,
        "7": 2.8436169535806216e-07,
        "8": 2.890671988353882e-07,
        "9": 2.780444166474544e-07,
        "10": 2.571932807028179e-07,
        "11": 2.5748682316565447e-07,
        "12": 2.79971096930596e-07,
        "13": 3.047717054229236e-07
    },
    "16": {
        "1": 7.756193003800072e-08,
        "2": 7.287768261997806e-08,
        "3": 7.407473138655535e-08,
        "4": 7.441416966588496e-08,
        "5": 6.595050286655043e-08,
        "6": 6.718015138049366e-08,
        "7": 7.103898977894949e-08,
        "8": 6.858806236142763e-08,
        "9": 7.72873143711488e-08,
        "10": 6.761564749980747e-08,
        "11": 7.095766391230271e-08,
        "12": 6.548134081242428e-08,
        "13": 7.194808386315139e-08
    },
    "17": {
        "1": 1.633580305911483e-07,