{
    "1": {
        "1": 1.586485278146637e-09,
        "2": 2.039088231977867e-09,
        "3": 1.7755686444049568e-09,
        "4": 2.094031580048436e-09,
        "5": 2.4881971707129666e-09,
        "6": 2.1459378884769773e-09,
        "7": 1.98101133914995e-09,
        "8": 1.8900812861054036e-09,
        "9": 1.9094989202858647e-09,
        "10": 1.988664114419532e-09,
        "11": 1.9460143282267395e-09,
        "12": 2.3202174654236743e-09,
        "13": 1.7183661935022175e-09
    },
    "2": {
        "1": 1.6770859263147115e-07,
        "2": 1.5583383810085593e-07,
        "3": 1.4344434061449738e-07,
        "4": 1.284919777579912e-07,
        "5": 1.2452785564175048e-07,
        "6": 1.2835397878529093e-07,
        "7": 1.325233816697534e-07,
        "8": 1.0972229140604216e-07,
        "9": 1.247885517716769e-07,
        "10": 1.1079753965546087e-07,
        "11": 1.203617600613184e-07,
        "12": 1.244232991905117e-07,
        "13": 1.2878271983723808e-07
    },
    "3": {
        "1": 6.013570331483559e-08,
        "2": 4.5792553287438855e-08,
        "3": 4.8771039279066336e-08,
        "4": 4.451607219452213e-08,
        "5": 4.284399118010412e-08,
        "6": 4.125262111941832e-08,
        "7": 4.098785933754139e-08,
        "8": 4.575736391295075e-08,
        "9": 4.4174273329366975e-08,
        "10": 3.923739770523146e-08,
        "11": 4.1398696631684166e-08,
        "12": 4.3082833150171575e-08,
        "13": 3.848123388012842e-08
    },
    "4": {
        "1": 1.0905289759837829e-07,
        "2": 1.0984381025387102e-07,
        "3": 1.1683354594368195e-07,
        "4": 1.0626815658772057e-07,
        "5": 1.0692830450432004e-07,
        "6": 9.48471502420208e-08,
        "7": 1.1021053844932854e-07,
        "8": 9.866814964573069e-08,
        "9": 1.1526443251774298e-07,
        "10": 1.251528008335324e-07,
        "11": 1.1108520456881928e-07,
        "12": 1.1750825120206776e-07,
        "13": 1.0871666450174361e-07
    },
    "5": {
        "1": 2.696938925382492e-07,
        "2": 2.555445237225428e-07,
        "3": 3.287640930691629e-07,
        "4": 3.515547807293075e-07,
        "5": 2.9936975343060976e-07,
        "6": 3.153086062122754e-07,
        "7": 3.1215203279706347e-07,
        "8": 3.002501847287161e-07,
        "9": 3.1756306900946894e-07,
        "10": 3.280174033553206e-07,
        "11": 3.146445088587348e-07,
        "12": 3.0637510161838083e-07,
        "13": 3.2154532385169104e-07
    },
    "6": {
        "1": 1.793482869576848e-07,
        "2": 2.1634874966401074e-07,
        "3": 2.226829020492437e-07,
        "4": 2.33758127575767e-07,
        "5": 2.439480773922925e-07,
        "6": 2.343429850061544e-07,
        "7": 2.3769311984263795e-07,
        "8": 2.3538897081358599e-07,
        "9": 2.3460606696173617e-07,
        "10": 2.1730732977950343e-07,
        "11": 2.2548608780235409e-07,
        "12": 2.412139947646738e-07,
        "13": 2.1524918587354794e-07
    },
    "7": {
        "1": 7.061526384983841e-08,
        "2": 5.674634476800248e-08,
        "3": 5.836505516005369e-08,
        "4": 5.0193076144449825e-08,
        "5": 5.441839205762517e-08,
        "6": 5.137410427594989e-08,
        "7": 6.002605117126724e-08,
        "8": 5.0209095692172644e-08,
        "9": 5.706692787875831e-08,
        "10": 5.427428008767552e-08,
        "11": 5.2222538453976846e-08,
        "12": 4.757324230597115e-08,
        "13": 5.571113879484352e-08
    },
    "8": {
        "1": 1.145341991538481e-07,
        "2": 9.94251111390713e-08,
        "3": 1.1270349089271807e-07,
        "4": 1.0790521442213149e-07,
        "5": 1.092616124197727e-07,
        "6": 1.2444223251773178e-07,
        "7": 1.0343002647723068e-07,
        "8": 1.1501067870251127e-07,
        "9": 1.041210068312663e-07,
        "10": 1.1341325961719532e-07,
        "11": 1.0510551808087766e-07,
        "12": 1.0635732155081938e-07,
        "13": 1.0754692136821423e-07
    },
    "9": {
        "1": 1.5792566365252854e-07,
        "2": 2.3055505049883413e-07,
        "3": 2.161171595993719e-07,
        "4": 2.2672238935929096e-07,
        "5": 2.544488498251363e-07,
        "6": 2.4935211168669906e-07,
        "7": 2.1518447966920478e-07,
        "8": 2.461880570697094e-07,
        "9": 2.3834371548321253e-07,
        "10": 2.1461914455425814e-07,
        "11": 2.354498957239399e-07,
        "12": 2.431037508496102e-07,
        "13": 2.2516723534176347e-07
    },
    "10": {
        "1": 2.3422201061974659e-07,
        "2": 1.8948064119768698e-07,
        "3": 1.8506599169417827e-07,
        "4": 1.3608808087478465e-07,
        "5": 1.386089998348271e-07,
        "6": 1.4908934622213492e-07,
        "7": 1.4655488538720638e-07,
        "8": 1.528330579133064e-07,
        "9": 1.308831861179598e-07,
        "10": 1.2213130661096552e-07,
        "11": 1.1854046479943212e-07,
        "12": 1.1921334410712045e-07,
        "13": 1.503912322885806e-07
    },
    "11": {
        "1": 1.6887193016741886e-07,
        "2": 1.8959149253670226e-07,
        "3": 1.6973115474900765e-07,
        "4": 1.84736289218018e-07,
        "5": 1.6560070556335906e-07,
        "6": 1.5565661937367276e-07,
        "7": 1.6636727635656148e-07,
        "8": 1.5593954019578712e-07,
        "9": 1.6731508462599218e-07,
        "10": 1.4173736686831163e-07,
        "11": 1.5471627914233573e-07,
        "12": 1.7109349896550923e-07,
        "13": 1.5394415380606264e-07
    },
    "12": {
        "1": 1.563598548633223e-07,
        "2": 1.5010679542855304e-07,
        "3": 1.637039956492958e-07,
        "4": 1.4565798748777507e-07,
        "5": 1.7497795422048917e-07,
        "6": 1.5713499283420837e-07,
        "7": 1.6411166066790035e-07,
        "8": 1.5377631669779587e-07,
        "9": 1.6543287155236374e-07,
        "10": 1.6124650239279354e-07,
        "11": 1.7217663169522713e-07,
        "12": 1.7115414986351394e-07,
        "13": 1.5651531745548875e-07
    },
    "13": {
        "1": 1.0943072872365977e-07,
        "2": 1.1158035834662036e-07,
        "3": 1.191549603298167e-07,
        "4": 1.1790092417423832e-07,
        "5": 1.1438317115644223e-07,
        "6": 1.0433659438708445e-07,
        "7": 1.1738577041147711e-07,
        "8": 1.0695199076268548e-07,
        "9": 1.0481581856008144e-07,
        "10": 1.2347454705829867e-07,
        "11": 1.2414399625144328e-07,
        "12": 1.1647836446534024e-07,
        "13": 1.2011474051548e-07
    },
    "14": {
        "1": 1.8517204122455333e-07,
        "2": 1.8080777474430695e-07,
        "3": 1.9582616136405248e-07,
        "4": 1.7621952272413825e-07,
        "5": 1.449948991630377e-07,
        "6": 1.6637592310729236e-07,
        "7": 1.881925034220472e-07,
        "8": 1.8069172725690176e-07,
        "9": 1.6038542959836592e-07,
        "10": 1.7097720356230487e-07,
        "11": 1.5358004971188082e-07,
        "12": 1.7400837507799267e-07,
        "13": 1.5608766170184285e-07
    },
    "15": {
        "1": 6.395945936482233e-07,
        "2": 3.936781881341767e-07,
        "3": 3.281299300964915e-07,
        "4": 2.7634997478013547e-07,
        "5": 3.1978241948086824e-07,
        "6": 2.851908401560756e-07,
        "7": 3.328673329490993e-07,
        "8": 3.10155520425968e-07,
        "9": 2.865084894328422e-07,
        "10": 2.8462656660545096e-07,
        "11": 2.894078947226022e-07,
        "12": 2.639430686442221e-07,
        "13": 2.496451045765259e-07
    },
    "16": {
        "1": 5.1799662005979264e-08,
        "2": 4.548099256760896e-08,
        "3": 4.490940200617962e-08,
        "4": 4.300060208525761e-08,
        "5": 4.091681401622702e-08,
        "6": 4.0864706596576655e-08,
        "7": 4.578125974016643e-08,
        "8": 4.351809881350277e-08,
        "9": 4.5365192172812904e-08,
        "10": 4.662401136948119e-08,
        "11": 3.948310000932439e-08,
        "12": 4.328962248264863e-08,
        "13": 4.447141983065316e-08
    },
    "17": {
        "1": 1.6106530632774264e-07,