{
    "1": 0.0003226936882287613,
    "2": 0.00011042116138735023,
    "3": 2.5863645695524568e-05,
    "4": 1.4285803888448216e-05,
    "5": 7.467905551114008e-06,
    "6": 4.312319373825228e-06,
    "7": 3.7976470960219356e-06,
    "8": 2.978845929765817e-06,
    "9": 2.4356960579161252e-06,
    "10": 2.096617383278248e-06,
    "11": 2.4872108384673286e-06,
    "12": 1.966406931351397e-06,
    "13": 1.9536219127629477e-06
}