{
    "1": 0.004486923991547279,
    "2": 0.0006926681376654302,
    "3": 4.454967964782061e-05,
    "4": 7.13814535592385e-05,
    "5": 8.393972468714519e-06,
    "6": 9.252730463991563e-07,
    "7": 1.9827561548600263e-06,
    "8": 4.7682973645223037e-07,
    "9": 2.385750643414817e-07,
    "10": 4.1280955195674157e-07,
    "11": 2.382247711125867e-07,
    "12": 2.4558510892315596e-07,
    "13": 1.0729715358256684e-07
}