{
    "4": {
        "9": {
            "original": 0.007393284762821413,
            "twirled": {
                "1": [
                    0.008581896284944499
                ],
                "2": [
                    0.16051251079287435,
                    0.1468707438272649,
                    0.20921148368197423,
                    0.06347184770567084,
                    0.05763256192952729,
                    0.06403737382104245,
                    0.06225990514079026,
                    0.06350079484886315,
                    0.05792824828712251
                ],
                "3": [
                    0.3816474807079434,
                    0.3846866694908308,
                    0.40971236026901564,
                    0.3891740581310338
                ],
                "4": [
                    0.8163022330875862,
                    0.25899526245350296,
                    0.24096988106999323,
                    0.2400627660213713,
                    1.0628640653222465,
                    1.0049478590739198,
                    1.522158844257837
                ],
                "6": [
                    0.4280632786900066,
                    0.4302393398273889,
                    0.3952202760695741,
                    0.38158745760282764
                ],
                "8": [
                    0.968379984487224,
                    1.488972351104822,
                    0.9349753399940426
                ],
                "12": [
                    1.478552719956373
                ],
                "24": [
                    1.5429510699106503
                ]
            }
        }
    }
}