{
    "1": {
        "15": {
            "original": 0.1843099580917635,
            "twirled": {
                "1": [
                    0.1870632928192949
                ],
                "2": [
                    0.3208443727288817,
                    0.4669890672709915,
                    0.3550495244482097,
                    0.08672975456610649,
                    0.09090020814403396,
                    0.11563619818661505,
                    0.11316239782118606,
                    0.09172322722858739,
                    0.07116392148452216
                ],
                "3": [
                    0.8149798460600998,
                    0.7228340816385163,
                    0.6958948244225076,
                    0.7673382468298927
                ],
                "4": [
                    3.763210681783926,
                    0.3640003111576694,
                    0.4791717838875407,
                    0.6898210450388741,
                    3.5974639673826054,
                    4.134868985089275,
                    3.6168618805518347
                ],
                "6": [
                    0.7680382465277173,
                    0.7265404574608351,
                    0.7673223165977462,
                    0.6615663276641497
                ],
                "8": [
                    3.6384155863275707,
                    3.8731745430667526,
                    3.8787378352036543
                ],
                "12": [
                    3.7223767339253113
                ],
                "24": [
                    3.7802744789212124
                ]
            }
        }
    }
}