{
    "1": {
        "1": {
            "original": 0.288699911907339,
            "twirled": {
                "1": [
                    0.3237614278716461
                ],
                "2": [
                    1.016871730890847,
                    1.11223889963102,
                    1.0513119269549185,
                    0.485386724752154,
                    0.4697463889593074,
                    0.536283907048136,
                    0.5211890570843078,
                    0.5125919329084382,
                    0.46131406424359933
                ],
                "3": [
                    1.6373754391026891,
                    1.5829199670228915,
                    1.6121067926487505,
                    1.5902469370184626
                ],
                "4": [
                    6.231315718658193,
                    1.1694202306024013,
                    1.0227240419082742,
                    1.025068805660015,
                    6.189484034674086,
                    6.13665798128707,
                    6.0447741673634265
                ],
                "6": [
                    1.6144397359253824,
                    1.5110003246680959,
                    1.7137920457868943,
                    1.5863383918407947
                ],
                "8": [
                    6.413759874863779,
                    6.545361085211882,
                    6.308209008085143
                ],
                "12": [
                    6.545194370358569
                ],
                "24": [
                    6.123024712266313
                ]
            }
        }
    }
}