{
    "5": {
        "4": {
            "original": 0.006900204052909464,
            "twirled": {
                "1": [
                    0.004731280066804695
                ],
                "2": [
                    0.15854009658956622,
                    0.16077918944305064,
                    0.1643121581820749,
                    0.051342494913962006,
                    0.07243611660564889,
                    0.04829884540910433,
                    0.05391123086814646,
                    0.0659927941501934,
                    0.05604729669874764
                ],
                "3": [
                    0.3848668609151737,
                    0.36967000963141383,
                    0.4085810209543815,
                    0.3588938354631394
                ],
                "4": [
                    0.6365436280035442,
                    0.23680920942624684,
                    0.2562329009888831,
                    0.2643593786396782,
                    0.8984676535586817,
                    0.8802856733215233,
                    0.938639785665524
                ],
                "6": [
                    0.3808168725500273,
                    0.36469057845028247,
                    0.4067591536192557,
                    0.3929465985547937
                ],
                "8": [
                    0.9714494236956587,
                    0.9396117869967703,
                    0.9317251950207581
                ],
                "12": [
                    1.3949870110892504
                ],
                "24": [
                    1.4572396659840334
                ]
            }
        }
    }
}