{
    "1": {
        "6": {
            "original": 0.004435712529457393,
            "twirled": {
                "1": [
                    0.0024625690186038432
                ],
                "2": [
                    0.17348773292428038,
                    0.16180586182481665,
                    0.17583360867023906,
                    0.05433494928944672,
                    0.05940289829477902,
                    0.06580619679509017,
                    0.05075322043876835,
                    0.06108289722964576,
                    0.06697658620132355
                ],
                "3": [
                    0.10481271985865165,
                    0.08607769800987039,
                    0.09344597739727803,
                    0.07749717209009538
                ],
                "4": [
                    0.7865921426847382,
                    0.2423865006893032,
                    0.23620101887883205,
                    0.272113538997,
                    0.6614008748308386,
                    0.6391329923279304,
                    0.6490157551837871
                ],
                "6": [
                    0.30120141330810474,
                    0.2865919949681153,
                    0.27206806129654937,
                    0.2962688261492637
                ],
                "8": [
                    0.9593443612259354,
                    0.9729651850451725,
                    0.9885245160254905
                ],
                "12": [
                    1.2675002934040371
                ],
                "24": [
                    1.2548563568073088
                ]
            }
        }
    }
}