{
    "2": {
        "11": {
            "original": 0.014271998431479445,
            "twirled": {
                "1": [
                    0.20555972421502433
                ],
                "2": [
                    0.004675135837558557,
                    0.4712979349331064,
                    0.014863729108070904,
                    0.05381202666299707,
                    0.004988172517881673,
                    0.052744226072083046,
                    0.052940685002138596,
                    0.06576906392929144,
                    0.059008501698326374
                ],
                "3": [
                    0.013048575801951559,
                    0.007283466134628223,
                    0.10710325308918871,
                    0.05394192662409224
                ],
                "4": [
                    0.19446314281246224,
                    0.007058707860507343,
                    0.06458743851049353,
                    0.23909748791722257,
                    0.22603220756977432,
                    0.24344580985436298,
                    0.1911321092860822
                ],
                "6": [
                    0.1052463546333259,
                    0.15302254134855556,
                    0.10845130407146471,
                    0.18273805998878076
                ],
                "8": [
                    0.32127059282792925,
                    0.4452102358942969,
                    0.5083748611696225
                ],
                "12": [
                    0.812156616846287
                ],
                "24": [
                    0.8821983472815226
                ]
            }
        }
    }
}