{
    "4": {
        "11": {
            "original": 0.004137063511330662,
            "twirled": {
                "1": [
                    0.002994104681829122
                ],
                "2": [
                    0.15674891320084106,
                    0.176298173626302,
                    0.1515574073186194,
                    0.062242857945029276,
                    0.0576281271599622,
                    0.06043698417588335,
                    0.05332440525715607,
                    0.06696232574813928,
                    0.059471329961735986
                ],
                "3": [
                    0.43056180831281216,
                    0.3832341221710101,
                    0.38213521126943545,
                    0.3729744212200827
                ],
                "4": [
                    0.6239698828466443,
                    0.24980711024981667,
                    0.2637301734296543,
                    0.27073348489665133,
                    0.931167766537129,
                    1.0248830178090893,
                    0.9465839543873923
                ],
                "6": [
                    0.402915333800369,
                    0.3773504146693062,
                    0.4257562583223277,
                    0.4128715366828784
                ],
                "8": [
                    0.9632035169266396,
                    0.8994743989847379,
                    0.9865094195569422
                ],
                "12": [
                    1.4605704154393346
                ],
                "24": [
                    1.4289422551200546
                ]
            }
        }
    }
}