{
    "1": {
        "11": {
            "original": 0.13412752522504362,
            "twirled": {
                "1": [
                    0.14145125330580455
                ],
                "2": [
                    0.38126430117347515,
                    0.5547964116699137,
                    0.49395612088451807,
                    0.24474853030701849,
                    0.19334946299636052,
                    0.24172372871521453,
                    0.1683643072492491,
                    0.12680652097773254,
                    0.1661613184835849
                ],
                "3": [
                    0.7856970273227516,
                    0.6801485523644673,
                    0.8892145231954439,
                    0.8092702691820856
                ],
                "4": [
                    2.5579213110091077,
                    0.4132533652959193,
                    0.5845285394251035,
                    0.42500688089327887,
                    2.5453366070104475,
                    2.9430265156785853,
                    2.845555686841476
                ],
                "6": [
                    0.848143587175804,
                    0.7573779723687027,
                    0.6881292026690672,
                    0.9431587119032819
                ],
                "8": [
                    2.5726024095125486,
                    2.9121170442840905,
                    2.8578084581455037
                ],
                "12": [
                    3.356684275761182
                ],
                "24": [
                    3.242425732546228
                ]
            }
        }
    }
}