{
    "2": {
        "18": {
            "original": 0.055409511228389746,
            "twirled": {
                "1": [
                    0.055011165027140624
                ],
                "2": [
                    0.18197100758310786,
                    0.22206920539550362,
                    0.20847229990145877,
                    0.076895148722848,
                    0.07690746228482401,
                    0.11167386224846801,
                    0.08658733591290346,
                    0.11032421305729154,
                    0.07412803337696347
                ],
                "3": [
                    0.4217698776027673,
                    0.41008729871875715,
                    0.4503450879939341,
                    0.40677169294419185
                ],
                "4": [
                    0.7431028604905043,
                    0.2775828235123916,
                    0.2895571185973085,
                    0.2915937607562951,
                    1.0535311637016331,
                    1.0052657128974498,
                    1.0713804565421405
                ],
                "6": [
                    0.4278022125554299,
                    0.4177156806085749,
                    0.39182666297563357,
                    0.4065217890298715
                ],
                "8": [
                    1.0648864686489903,
                    1.0640933579253897,
                    1.0535498218519117
                ],
                "12": [
                    1.552487190894003
                ],
                "24": [
                    1.5210612946569602
                ]
            }
        }
    }
}