{
    "4": {
        "2": {
            "original": 0.005420685705475052,
            "twirled": {
                "1": [
                    0.20581239272447238
                ],
                "2": [
                    0.003365709555211889,
                    0.22911281605095618,
                    0.0031980410223139584,
                    0.05526381411114244,
                    0.005948194427533265,
                    0.060352935735003756,
                    0.049362977502953126,
                    0.059450880013522486,
                    0.05858442398935142
                ],
                "3": [
                    0.008081212754268768,
                    0.006595687585469763,
                    0.008351541812315873,
                    0.005193161910170387
                ],
                "4": [
                    0.06423103595736877,
                    0.003481506805465877,
                    0.06526230875024955,
                    0.26394842514748157,
                    0.03841322121342353,
                    0.17963207483483887,
                    0.036040422221032195
                ],
                "6": [
                    0.02670854370796808,
                    0.06986745209381603,
                    0.03403441401354386,
                    0.08787915658594182
                ],
                "8": [
                    0.11351897940497561,
                    0.18798936468806024,
                    0.1341268134279061
                ],
                "12": [
                    0.39064913741766244
                ],
                "24": [
                    0.38561935634036126
                ]
            }
        }
    }
}