{
    "1": {
        "2": {
            "original": 0.29299139293633386,
            "twirled": {
                "1": [
                    0.3077213058581446
                ],
                "2": [
                    1.0900613277403735,
                    1.1039852081747603,
                    1.1207822083268824,
                    0.5096715130233264,
                    0.5440669656845636,
                    0.4944046242772747,
                    0.43200006163563714,
                    0.467032483712593,
                    0.4861650161638009
                ],
                "3": [
                    1.6370743913915613,
                    1.6459810611425139,
                    1.5315675989542068,
                    1.5638126578182017
                ],
                "4": [
                    6.220132116503743,
                    1.0814017764780723,
                    1.174170822702381,
                    1.0221578496835313,
                    6.284589281382441,
                    6.213101287882434,
                    6.159548184045216
                ],
                "6": [
                    1.6113514634292974,
                    1.5610782762202957,
                    1.5761140093540977,
                    1.4929469776176632
                ],
                "8": [
                    6.183825664958498,
                    6.324018059327545,
                    6.41173072074253
                ],
                "12": [
                    6.389712138255564
                ],
                "24": [
                    6.2070003237309725
                ]
            }
        }
    }
}