{
    "5": {
        "6": {
            "original": 0.0025917901333487436,
            "twirled": {
                "1": [
                    0.003185219900693433
                ],
                "2": [
                    0.14688577186615512,
                    0.15071972173424678,
                    0.1754765453311047,
                    0.05736735628340781,
                    0.057207330514841635,
                    0.054605906627017246,
                    0.055183768742672154,
                    0.04581660170595782,
                    0.051656117793639225
                ],
                "3": [
                    0.40492071703448795,
                    0.41675820481190035,
                    0.3765831306847948,
                    0.40222984439572285
                ],
                "4": [
                    0.6197219689873429,
                    0.21986038077480846,
                    0.24306086317315168,
                    0.2503444608638287,
                    0.9136241428678092,
                    0.8665577938342086,
                    0.94331957563997
                ],
                "6": [
                    0.36242058928378024,
                    0.37084098162431073,
                    0.3958934452035639,
                    0.39639164929879706
                ],
                "8": [
                    0.9137802132927932,
                    0.8865235354053532,
                    0.9346341646910837
                ],
                "12": [
                    1.4213776239110816
                ],
                "24": [
                    1.3744831291660868
                ]
            }
        }
    }
}