{
    "3": {
        "18": {
            "original": 0.01722682406448875,
            "twirled": {
                "1": [
                    0.014614121442948326
                ],
                "2": [
                    0.16698043040342292,
                    0.17862299412852023,
                    0.17453598484899022,
                    0.06408549480704481,
                    0.07215145391589356,
                    0.06152031483614988,
                    0.06298668641581089,
                    0.06948661346937778,
                    0.06993322694040557
                ],
                "3": [
                    0.38791148421324545,
                    0.3756104757443888,
                    0.3817246911036545,
                    0.40068734968708364
                ],
                "4": [
                    0.6100416868150705,
                    0.22568747550352528,
                    0.2600148075275862,
                    0.28432031247281137,
                    0.9647588503289698,
                    0.9081676949246208,
                    0.9140360960462798
                ],
                "6": [
                    0.39448802320816706,
                    0.397274841506055,
                    0.37521143859030365,
                    0.36746638966061235
                ],
                "8": [
                    0.9262410257055201,
                    0.9694675207949893,
                    0.9010894231158483
                ],
                "12": [
                    1.444657519541169
                ],
                "24": [
                    1.4232508198602216
                ]
            }
        }
    }
}