{
    "4": {
        "17": {
            "original": 0.007997771944824839,
            "twirled": {
                "1": [
                    0.010845366589719558
                ],
                "2": [
                    0.16072068270318793,
                    0.16143204904815406,
                    0.14684143187693816,
                    0.05922539202249032,
                    0.05524729593309588,
                    0.06489067974732403,
                    0.06622671447059839,
                    0.058934918303923126,
                    0.05724983101799695
                ],
                "3": [
                    0.07465943275933494,
                    0.09609177901508431,
                    0.1821183436861999,
                    0.18961043477785472
                ],
                "4": [
                    0.6151972154628075,
                    0.24013905860935303,
                    0.2422131217576389,
                    0.25648621497260615,
                    0.7278086617490741,
                    0.49722697574147146,
                    0.5885608085359965
                ],
                "6": [
                    0.30399884910195907,
                    0.34728609412879446,
                    0.27310355777540574,
                    0.32931839311668903
                ],
                "8": [
                    0.9059653708847379,
                    0.9071738864108861,
                    0.8820428615923577
                ],
                "12": [
                    1.2862573652613367
                ],
                "24": [
                    1.2776665394889828
                ]
            }
        }
    }
}