{
    "4": {
        "16": {
            "original": 0.0187430665830929,
            "twirled": {
                "1": [
                    0.02502213550286784
                ],
                "2": [
                    0.1652638763795713,
                    0.16711252072204932,
                    0.20764630324965808,
                    0.06387367546209302,
                    0.05776356848331286,
                    0.06545200993138893,
                    0.07043845550842008,
                    0.06770753510546251,
                    0.07255872432159398
                ],
                "3": [
                    0.3794412825657963,
                    0.38345012955961016,
                    0.3666903818834682,
                    0.3941007461412331
                ],
                "4": [
                    0.5766884117692993,
                    0.2674280923144363,
                    0.27762399775179664,
                    0.2806937613930357,
                    0.887071701213235,
                    0.8831066341009163,
                    0.9717257883973522
                ],
                "6": [
                    0.40107990895414697,
                    0.3805397673760555,
                    0.3997961019052056,
                    0.377982266021953
                ],
                "8": [
                    0.9047143945393921,
                    0.9774981669035223,
                    0.8884229376295157
                ],
                "12": [
                    1.4495612850756256
                ],
                "24": [
                    1.4837307030371552
                ]
            }
        }
    }
}