{
    "3": {
        "6": {
            "original": 0.0034475017532069607,
            "twirled": {
                "1": [
                    0.004712009198978742
                ],
                "2": [
                    0.15729747324273147,
                    0.147021938535198,
                    0.1608755021405468,
                    0.05928106127945018,
                    0.06067064556737538,
                    0.04740689013341467,
                    0.05427296206718818,
                    0.05970081226039648,
                    0.04946511277122163
                ],
                "3": [
                    0.00758325121906086,
                    0.011207090168412788,
                    0.0077743004383551305,
                    0.004272790640430517
                ],
                "4": [
                    0.6049629771106524,
                    0.2407683959007297,
                    0.2294915821382852,
                    0.2305373753731743,
                    0.2054832525331805,
                    0.21048260560471566,
                    0.21209602406137187
                ],
                "6": [
                    0.19138546509521276,
                    0.18568009477488978,
                    0.17380392123609775,
                    0.17213919789266224
                ],
                "8": [
                    0.6762564718047489,
                    0.7164873101734158,
                    0.6752248128679664
                ],
                "12": [
                    0.8207504747981971
                ],
                "24": [
                    0.7776870947871269
                ]
            }
        }
    }
}