{
    "5": {
        "3": {
            "original": 0.012057124606884068,
            "twirled": {
                "1": [
                    0.013031900789373914
                ],
                "2": [
                    0.16175767022987209,
                    0.17624484498589454,
                    0.1792643102052959,
                    0.062045640159317,
                    0.05393239974385417,
                    0.0602322643624781,
                    0.06276842137261912,
                    0.05534925159437654,
                    0.056799526421701586
                ],
                "3": [
                    0.3999110330949845,
                    0.4113203150596954,
                    0.363622063361884,
                    0.38679959415589826
                ],
                "4": [
                    0.5775165348646704,
                    0.2545338425640999,
                    0.2519619918251027,
                    0.24454824606956627,
                    0.912150269352935,
                    0.9492357638520358,
                    0.9473987084115884
                ],
                "6": [
                    0.38164170837081296,
                    0.3753642125089278,
                    0.41133930697822124,
                    0.3635179453108296
                ],
                "8": [
                    0.90143960089578,
                    0.9520217526964648,
                    0.897489316572572
                ],
                "12": [
                    1.4271695333356536
                ],
                "24": [
                    1.4281455657342026
                ]
            }
        }
    }
}