{
    "5": {
        "11": {
            "original": 0.004287754421576406,
            "twirled": {
                "1": [
                    0.22558893531070157
                ],
                "2": [
                    0.004117245798257144,
                    0.49203627276816714,
                    0.0031708857071914053,
                    0.04474496390709153,
                    0.0029764118846440854,
                    0.058069750215163723,
                    0.04753315372258293,
                    0.0596401332373565,
                    0.06147360321133673
                ],
                "3": [
                    0.0047426344124334155,
                    0.005642096387465015,
                    0.004889309983360483,
                    0.004130613759396548
                ],
                "4": [
                    0.01046296899838203,
                    0.003999205705219476,
                    0.0563100752312541,
                    0.23685927234684895,
                    0.0037549494065149827,
                    0.006489042596963898,
                    0.007129101418566029
                ],
                "6": [
                    0.03352786120909902,
                    0.05322986112660949,
                    0.02846548825471026,
                    0.044433239719467985
                ],
                "8": [
                    0.01942014555282557,
                    0.04966707687971296,
                    0.0741878799888214
                ],
                "12": [
                    0.33649151331735305
                ],
                "24": [
                    0.35673678675794157
                ]
            }
        }
    }
}