{
    "3": {
        "9": {
            "original": 0.03205667847588215,
            "twirled": {
                "1": [
                    0.22207389617229492
                ],
                "2": [
                    0.5351426013167258,
                    0.48222686673590404,
                    1.188990517144667,
                    0.1419817303303587,
                    0.06746012753684112,
                    0.12668651108440665,
                    0.14707072395695195,
                    0.1432572654775841,
                    0.08613058773512883
                ],
                "3": [
                    0.5183499490088121,
                    0.5632378653817658,
                    0.5471419740430444,
                    0.5161724925101742
                ],
                "4": [
                    3.69374032621799,
                    0.33128633720592465,
                    0.32536079179107286,
                    0.3421449007776148,
                    2.7491467691983207,
                    2.573823082841578,
                    3.0094281129895646
                ],
                "6": [
                    0.5431030624365792,
                    0.5184253153515731,
                    0.5071655872782609,
                    0.5666948216385481
                ],
                "8": [
                    2.6622533418264394,
                    2.8973503143599606,
                    2.6901363675964887
                ],
                "12": [
                    2.9609802606337783
                ],
                "24": [
                    2.974542249801554
                ]
            }
        }
    }
}