{
    "4": {
        "4": {
            "original": 0.005151402904910986,
            "twirled": {
                "1": [
                    0.009019099963326603
                ],
                "2": [
                    0.16033014120672165,
                    0.16706329390784294,
                    0.16793179407730857,
                    0.06197099965400925,
                    0.0714420799850562,
                    0.050405718660261944,
                    0.05605553075524153,
                    0.06455926836982227,
                    0.06264045651965593
                ],
                "3": [
                    0.10439434022772398,
                    0.08361873853433345,
                    0.18962424154359203,
                    0.2178921398237265
                ],
                "4": [
                    0.631262976336488,
                    0.2592391980774558,
                    0.2637256322592944,
                    0.25749695761581176,
                    0.6887818467280072,
                    0.493892565359585,
                    0.6146734756009936
                ],
                "6": [
                    0.2830114511639969,
                    0.3585647146891608,
                    0.29760017937769623,
                    0.32083050179809797
                ],
                "8": [
                    0.8693164709369049,
                    0.9122746653421222,
                    0.8519730091870422
                ],
                "12": [
                    1.298430041090294
                ],
                "24": [
                    1.2877646108963852
                ]
            }
        }
    }
}