{
    "3": {
        "16": {
            "original": 0.041866254903989986,
            "twirled": {
                "1": [
                    0.03765827736907418
                ],
                "2": [
                    0.1739156400636732,
                    0.1825342980220545,
                    0.20873046187513625,
                    0.07064278773272378,
                    0.07559054783933752,
                    0.07721056832403561,
                    0.080858408548013,
                    0.07054545352934248,
                    0.06741881821027099
                ],
                "3": [
                    0.4077547066142871,
                    0.39346702137589995,
                    0.40604116190654377,
                    0.45897765110318484
                ],
                "4": [
                    0.6612515089526342,
                    0.2517774639835611,
                    0.27342249478655456,
                    0.271848499915051,
                    0.9573099803646811,
                    0.9452219435908749,
                    0.97008008717846
                ],
                "6": [
                    0.39751637279494917,
                    0.40844213030651677,
                    0.4002574268256136,
                    0.36009853570794015
                ],
                "8": [
                    0.944005450146549,
                    0.9562716228395712,
                    0.913757489789739
                ],
                "12": [
                    1.4405866499174986
                ],
                "24": [
                    1.388016288829352
                ]
            }
        }
    }
}