{
    "3": {
        "13": {
            "original": 0.004049838287917637,
            "twirled": {
                "1": [
                    0.006961130130741658
                ],
                "2": [
                    0.1629336434748708,
                    0.15234827994881256,
                    0.1563999379988226,
                    0.058385185002346324,
                    0.0532620603721143,
                    0.059322668912509105,
                    0.06648933241783324,
                    0.05865114147512123,
                    0.05708291485125834
                ],
                "3": [
                    0.3874865454849555,
                    0.39922559987170936,
                    0.36826139422032617,
                    0.3998273060149149
                ],
                "4": [
                    0.6679997821747042,
                    0.23975649669507326,
                    0.24425351079694463,
                    0.2605133842181494,
                    0.950174868297039,
                    0.9887542204147105,
                    0.965237566343638
                ],
                "6": [
                    0.3719199474999883,
                    0.3863129017308938,
                    0.3954377356578637,
                    0.41407598875921264
                ],
                "8": [
                    0.9621037495953464,
                    0.9606969187550021,
                    0.9529304791386072
                ],
                "12": [
                    1.5094171183450729
                ],
                "24": [
                    1.4895111868444744
                ]
            }
        }
    }
}