{
    "4": {
        "9": {
            "original": 0.006971983743093566,
            "twirled": {
                "1": [
                    0.1993961995229523
                ],
                "2": [
                    0.46942170643464043,
                    0.4966204413168812,
                    1.0959648075839654,
                    0.14172988718952764,
                    0.055191654560826336,
                    0.12415109923482776,
                    0.12912868866059868,
                    0.1207122433052012,
                    0.06771315005533465
                ],
                "3": [
                    0.43717496379821824,
                    0.42935271646550094,
                    0.43902492076952543,
                    0.44516365807770436
                ],
                "4": [
                    3.3589653986530488,
                    0.26332570346119755,
                    0.26543973047370467,
                    0.30327176687269286,
                    1.6278419991238362,
                    1.6241402814327646,
                    2.143826901667809
                ],
                "6": [
                    0.4110509028422579,
                    0.4090663268140893,
                    0.42442009225065863,
                    0.4128331897313982
                ],
                "8": [
                    1.5663392680188744,
                    1.9903763417085834,
                    1.5530207009824406
                ],
                "12": [
                    2.3113083792525657
                ],
                "24": [
                    2.2928962709012515
                ]
            }
        }
    }
}