{
    "1": {
        "9": {
            "original": 0.6748435628863058,
            "twirled": {
                "1": [
                    0.39661114585074536
                ],
                "2": [
                    3.108262070681553,
                    3.5249332663183064,
                    3.5183454053548164,
                    1.0651695203612384,
                    0.9839759999115948,
                    1.1432858775200898,
                    1.1016007618686852,
                    1.0341098769334034,
                    1.0582454088773465
                ],
                "3": [
                    3.023358993863006,
                    3.328599607287287,
                    3.3940224969999964,
                    3.5961798625319723
                ],
                "4": [
                    13.065565260638706,
                    2.541244563810414,
                    2.226127598960081,
                    2.6895258937882054,
                    11.61742486752463,
                    12.380461897150866,
                    10.169857816428776
                ],
                "6": [
                    3.3482446454498436,
                    3.684716303993889,
                    3.045863929931867,
                    3.752339836526473
                ],
                "8": [
                    11.32177620702925,
                    10.025470958073855,
                    12.027851604788426
                ],
                "12": [
                    9.804775422385571
                ],
                "24": [
                    9.998425738951482
                ]
            }
        }
    }
}