{
    "1": {
        "17": {
            "original": 0.1302402339186378,
            "twirled": {
                "1": [
                    0.13057861495351814
                ],
                "2": [
                    0.41282267139724255,
                    0.5112447605241668,
                    0.5076681525323913,
                    0.23179434812847474,
                    0.1957339770856307,
                    0.2371505149679928,
                    0.18247201608440344,
                    0.20968148227893713,
                    0.1719352778279873
                ],
                "3": [
                    0.9649254927000951,
                    0.9956076527872842,
                    0.9483620128695555,
                    0.9442823435050492
                ],
                "4": [
                    3.6706978665407934,
                    0.4945352637887387,
                    0.6292572930138377,
                    0.6519478555511583,
                    3.524711026787127,
                    4.2514607302643395,
                    3.5834983976883543
                ],
                "6": [
                    1.0257349698486862,
                    0.94800289712946,
                    1.0083034408993967,
                    1.0390222002773428
                ],
                "8": [
                    3.6662082204739233,
                    3.993516114336219,
                    4.6232348780774535
                ],
                "12": [
                    4.979952515658791
                ],
                "24": [
                    4.737689059594689
                ]
            }
        }
    }
}