{
    "2": {
        "17": {
            "original": 0.030681648688373284,
            "twirled": {
                "1": [
                    0.03453895767391414
                ],
                "2": [
                    0.18284212439022635,
                    0.21500937182062205,
                    0.18668669262634197,
                    0.06734561966533843,
                    0.06343219681740266,
                    0.06900298123262866,
                    0.08909541491369798,
                    0.05839022915043974,
                    0.05953005121371492
                ],
                "3": [
                    0.25312818436694223,
                    0.23851909749598338,
                    0.373290628071855,
                    0.3182900971734981
                ],
                "4": [
                    0.8871756407393557,
                    0.2554677630989098,
                    0.27703889770940865,
                    0.312421762222679,
                    1.1105637033293791,
                    0.9542012108703909,
                    1.1326425907059288
                ],
                "6": [
                    0.3875579257956944,
                    0.44950904860778557,
                    0.4294611813067977,
                    0.4580394639422583
                ],
                "8": [
                    1.166040697898808,
                    1.3822649973292553,
                    1.3113207753479603
                ],
                "12": [
                    1.7218819766914013
                ],
                "24": [
                    1.7000242297843624
                ]
            }
        }
    }
}