{
    "1": {
        "7": {
            "original": 0.10198976973318913,
            "twirled": {
                "1": [
                    0.11572432735256752
                ],
                "2": [
                    0.37619544735974697,
                    0.3643765049142799,
                    0.39615294327815426,
                    0.16796832115101584,
                    0.11503592412457583,
                    0.15209425166772744,
                    0.1679482463241195,
                    0.14478682645779375,
                    0.1511036098953778
                ],
                "3": [
                    0.5266700760660408,
                    0.5258967636998163,
                    0.5059360406062549,
                    0.4927000656648382
                ],
                "4": [
                    1.2807063802912473,
                    0.409358552091224,
                    0.39259854685988266,
                    0.40357123263080963,
                    1.4071544488158014,
                    1.486053860285965,
                    1.3281926409887186
                ],
                "6": [
                    0.5330505196978091,
                    0.5249775342872507,
                    0.555345409172351,
                    0.5732438481035157
                ],
                "8": [
                    1.3595974500815904,
                    1.374154040238651,
                    1.4100563246938933
                ],
                "12": [
                    1.9724008155032482
                ],
                "24": [
                    1.951856409025122
                ]
            }
        }
    }
}