{
    "5": {
        "13": {
            "original": 0.0032608660755360334,
            "twirled": {
                "1": [
                    0.0029639750604650216
                ],
                "2": [
                    0.14677139862101712,
                    0.14773049603885624,
                    0.18012951295750085,
                    0.050312438995668084,
                    0.060706044963630176,
                    0.05706538020632421,
                    0.049858418897552284,
                    0.06290297245663201,
                    0.05716446997749399
                ],
                "3": [
                    0.41549819439465446,
                    0.4109701078414284,
                    0.3733295951730293,
                    0.3813209353516946
                ],
                "4": [
                    0.6148953777929219,
                    0.24001950225812435,
                    0.23317034557175745,
                    0.26616472797347984,
                    0.8882171808384983,
                    0.9189288131430421,
                    0.8928016498325582
                ],
                "6": [
                    0.39542863760299196,
                    0.3637670311691395,
                    0.4049073211019781,
                    0.367458883102874
                ],
                "8": [
                    0.9405342421041005,
                    0.8875172809067063,
                    0.8973286086942966
                ],
                "12": [
                    1.432128586807043
                ],
                "24": [
                    1.437688797030116
                ]
            }
        }
    }
}