{
    "1": {
        "12": {
            "original": 0.17807668718767716,
            "twirled": {
                "1": [
                    0.18707871143372107
                ],
                "2": [
                    0.4011779540669917,
                    0.5216770612251485,
                    0.5938749458252888,
                    0.22955445373036554,
                    0.2803947525583587,
                    0.243621122058527,
                    0.213642604671238,
                    0.25285851335939,
                    0.23577958834520635
                ],
                "3": [
                    0.6942650089532395,
                    0.6923616008749606,
                    0.6200878338803684,
                    0.7008109990722956
                ],
                "4": [
                    1.8261138271854749,
                    0.38786738527611864,
                    0.5162237606630323,
                    0.4305009758912989,
                    1.873572903220981,
                    1.9685536112525337,
                    2.06729616868663
                ],
                "6": [
                    0.7614147701009591,
                    0.691392918572418,
                    0.7410341171829294,
                    0.6766736350285221
                ],
                "8": [
                    1.927092343400658,
                    1.9519316993169622,
                    1.8315610276562762
                ],
                "12": [
                    2.4458076967020776
                ],
                "24": [
                    2.463719994341979
                ]
            }
        }
    }
}