{
    "4": {
        "13": {
            "original": 0.003536012726133562,
            "twirled": {
                "1": [
                    0.003850182608506565
                ],
                "2": [
                    0.16707774475942655,
                    0.16344684487396108,
                    0.17249081803971,
                    0.05903313053073831,
                    0.06156239160685237,
                    0.056693185529472785,
                    0.05192927484960959,
                    0.06026252949424552,
                    0.05469225244636333
                ],
                "3": [
                    0.37648859056455153,
                    0.3731029463857481,
                    0.37313660837524165,
                    0.38780276821856335
                ],
                "4": [
                    0.625816236295456,
                    0.25129539111126137,
                    0.24562213941051333,
                    0.24804436957799247,
                    0.9509585501646257,
                    0.9067445514876541,
                    0.9148795129822861
                ],
                "6": [
                    0.37566678697420947,
                    0.4212544770859861,
                    0.39788934117770897,
                    0.3647903718416294
                ],
                "8": [
                    0.9481366390105535,
                    0.8650293544575564,
                    0.9424511951385527
                ],
                "12": [
                    1.4504362531303536
                ],
                "24": [
                    1.4246483314582798
                ]
            }
        }
    }
}