{
    "5": {
        "19": {
            "original": 0.004420573256221253,
            "twirled": {
                "1": [
                    0.004470948218215537
                ],
                "2": [
                    0.15540959978142088,
                    0.17440648533651937,
                    0.1602505728598333,
                    0.052508123115741726,
                    0.056568149116579806,
                    0.056924345796086684,
                    0.05524518433462809,
                    0.06756470164200774,
                    0.060432395243842744
                ],
                "3": [
                    0.3907991464534825,
                    0.36861405877949577,
                    0.3621938964948451,
                    0.357742816249715
                ],
                "4": [
                    0.6168518197519021,
                    0.25162986663888753,
                    0.26289779791961365,
                    0.2616500461294174,
                    0.8907554480104095,
                    0.8842250931541271,
                    0.9163411761895633
                ],
                "6": [
                    0.356424796389478,
                    0.38317288802448723,
                    0.38089077131205973,
                    0.3665336848684762
                ],
                "8": [
                    0.9140907343012465,
                    0.8516872680559139,
                    0.8936688780181591
                ],
                "12": [
                    1.3860904194064663
                ],
                "24": [
                    1.4723286824586577
                ]
            }
        }
    }
}