{
    "1": {
        "3": {
            "original": 0.23886730817258686,
            "twirled": {
                "1": [
                    0.28914086950856405
                ],
                "2": [
                    0.5888121603083075,
                    0.7553160155222091,
                    0.6904989099396273,
                    0.332907542473455,
                    0.3054340087369088,
                    0.38552613977404127,
                    0.32211979987788636,
                    0.4180168809217127,
                    0.40220049167228716
                ],
                "3": [
                    1.0931680989326757,
                    1.134886813924266,
                    1.1521468231515015,
                    1.1575961504830132
                ],
                "4": [
                    3.275107351887462,
                    0.6578984148058095,
                    0.7375794835099935,
                    0.8734060778104824,
                    3.522970410455782,
                    4.341189614663846,
                    3.6865138958762884
                ],
                "6": [
                    1.0811815486181233,
                    1.1734789818287341,
                    1.1254290870418888,
                    1.1648025062300147
                ],
                "8": [
                    3.611626737572115,
                    3.7256679707766964,
                    4.322054516520363
                ],
                "12": [
                    4.9466047256342565
                ],
                "24": [
                    4.8152342710054015
                ]
            }
        }
    }
}