{
    "4": {
        "11": {
            "original": 0.004097949957376649,
            "twirled": {
                "1": [
                    0.20134965869046273
                ],
                "2": [
                    0.0036116283719181295,
                    0.45623534980691066,
                    0.0037056129409418857,
                    0.05140902437539939,
                    0.004098634940415998,
                    0.053204331860545,
                    0.046213933682408545,
                    0.06650096706276092,
                    0.060685826370100185
                ],
                "3": [
                    0.0038944181957616918,
                    0.004902215741131441,
                    0.003962019667417985,
                    0.005090189021467785
                ],
                "4": [
                    0.01885414265541713,
                    0.0042495797752565125,
                    0.05117581986437156,
                    0.2615078052395203,
                    0.006346705969197297,
                    0.017130565721398244,
                    0.010148623061509984
                ],
                "6": [
                    0.03830894987884936,
                    0.06202966444597278,
                    0.042826009101560474,
                    0.06534039282083168
                ],
                "8": [
                    0.03646312690430779,
                    0.11178641229495435,
                    0.12848758679158448
                ],
                "12": [
                    0.4218728620299839
                ],
                "24": [
                    0.41087318896225977
                ]
            }
        }
    }
}