{
    "5": {
        "5": {
            "original": 0.005713669313393053,
            "twirled": {
                "1": [
                    0.003368020900910272
                ],
                "2": [
                    0.1730938597196577,
                    0.14865298736497484,
                    0.1622914174799828,
                    0.059598512536064706,
                    0.062353747994574174,
                    0.058762652660251935,
                    0.06182574063538694,
                    0.05517145747164522,
                    0.05377440276872405
                ],
                "3": [
                    0.3595876805410625,
                    0.3599053044086717,
                    0.35425931044235953,
                    0.36484843768148945
                ],
                "4": [
                    0.583009172252835,
                    0.2585711805998779,
                    0.2416314145034261,
                    0.271976105566661,
                    0.9699220491330571,
                    0.9335789126600678,
                    0.9477140551337808
                ],
                "6": [
                    0.37013439636336304,
                    0.3985742018144807,
                    0.4064704720571139,
                    0.38657566633945245
                ],
                "8": [
                    0.8661887544689744,
                    0.9226792129948878,
                    0.8771347650202764
                ],
                "12": [
                    1.3945327111088186
                ],
                "24": [
                    1.3985260475494234
                ]
            }
        }
    }
}