{
    "5": {
        "12": {
            "original": 0.005758237354058382,
            "twirled": {
                "1": [
                    0.004191622552618289
                ],
                "2": [
                    0.14853887886603775,
                    0.167850299989101,
                    0.1509365433540212,
                    0.06389205290572905,
                    0.05863781432852738,
                    0.06631732117022089,
                    0.05843841577799251,
                    0.05739456124349461,
                    0.06219152392844697
                ],
                "3": [
                    0.3841190435417921,
                    0.37454763593249996,
                    0.3861930506940554,
                    0.38758565844292286
                ],
                "4": [
                    0.5796660968136846,
                    0.25109995760414916,
                    0.22852436522771766,
                    0.24967698856946627,
                    0.8613671092672927,
                    0.8712977369407713,
                    0.8624055206274964
                ],
                "6": [
                    0.3953489137965926,
                    0.3999221161264367,
                    0.41333427440373044,
                    0.37557702246074565
                ],
                "8": [
                    0.913546677920224,
                    0.9285576646220999,
                    0.8613433754019454
                ],
                "12": [
                    1.3961264367249973
                ],
                "24": [
                    1.4142610750355493
                ]
            }
        }
    }
}