{
    "3": {
        "10": {
            "original": 0.14939739507764271,
            "twirled": {
                "1": [
                    0.6781801760213976
                ],
                "2": [
                    2.1514932306465373,
                    2.2118716154586435,
                    2.3828850201207903,
                    0.3197860375969795,
                    0.27591016021945247,
                    1.1414895845756154,
                    0.32695841648102314,
                    1.089107150982953,
                    0.3139868532081038
                ],
                "3": [
                    0.43268226472225163,
                    0.433599971262337,
                    0.416899441113279,
                    0.4135271423174028
                ],
                "4": [
                    8.167427334153889,
                    0.9405151624412097,
                    0.8983546166268547,
                    2.0963715309259436,
                    2.968102681089094,
                    8.375741312219512,
                    2.9242076155909507
                ],
                "6": [
                    0.4317054918577628,
                    0.4234172071156053,
                    0.45820148960698553,
                    0.4429308127389275
                ],
                "8": [
                    2.6820479857591204,
                    2.9663706185821246,
                    8.001170899535266
                ],
                "12": [
                    2.0229350228192082
                ],
                "24": [
                    2.078612658241897
                ]
            }
        }
    }
}