{
    "2": {
        "3": {
            "original": 0.07534280886730252,
            "twirled": {
                "1": [
                    0.07250604955807574
                ],
                "2": [
                    0.2273384429598988,
                    0.26964476452842684,
                    0.27830919591491304,
                    0.11905128905582837,
                    0.09552608865433614,
                    0.14587380456514093,
                    0.10381307298667294,
                    0.11054204913412846,
                    0.11883424291332546
                ],
                "3": [
                    0.4082814175892319,
                    0.4237594395908864,
                    0.4228430055248025,
                    0.4512110944253076
                ],
                "4": [
                    0.8372371247301822,
                    0.31902138737341795,
                    0.30216876320851854,
                    0.30445824689191503,
                    1.178951483500736,
                    1.149188089410206,
                    1.2123961403327794
                ],
                "6": [
                    0.4417352366016656,
                    0.4259847787201074,
                    0.42708587354404043,
                    0.4627170362006944
                ],
                "8": [
                    1.140137521239178,
                    1.271739820808276,
                    1.0882012156867127
                ],
                "12": [
                    1.6544532910377983
                ],
                "24": [
                    1.5518930782023852
                ]
            }
        }
    }
}