{
    "2": {
        "15": {
            "original": 0.13484450738576712,
            "twirled": {
                "1": [
                    0.12439659898967503
                ],
                "2": [
                    0.14685895985400643,
                    0.17368457592109876,
                    0.15695538723582947,
                    0.05435723044115554,
                    0.07531986546998101,
                    0.05823243421509743,
                    0.0643303081902797,
                    0.0631010133099224,
                    0.054290746722598274
                ],
                "3": [
                    0.4071795344007964,
                    0.41603924202861575,
                    0.4227237037230039,
                    0.39113924773724357
                ],
                "4": [
                    1.1554610166315133,
                    0.24994992503992944,
                    0.24701396362999584,
                    0.2554239931380033,
                    1.214406309925681,
                    1.2684814515842033,
                    1.3936665464850055
                ],
                "6": [
                    0.38114717777721585,
                    0.38024356095774786,
                    0.41012166464972555,
                    0.40417746259715737
                ],
                "8": [
                    1.2947310289799645,
                    1.3275017589964604,
                    1.2442663110957826
                ],
                "12": [
                    1.713358754175533
                ],
                "24": [
                    1.6828284398700073
                ]
            }
        }
    }
}