{
    "3": {
        "5": {
            "original": 0.004609006415294656,
            "twirled": {
                "1": [
                    0.00376273083577621
                ],
                "2": [
                    0.1725221357391375,
                    0.150637001283717,
                    0.16021997830279977,
                    0.05697826749227439,
                    0.05550629692426841,
                    0.050703828558633174,
                    0.046982930447181895,
                    0.06451717795712149,
                    0.058318521006132926
                ],
                "3": [
                    0.41128880142229196,
                    0.3893860550114569,
                    0.40998964144657085,
                    0.3584261670631113
                ],
                "4": [
                    0.5708591826566424,
                    0.263877689479118,
                    0.25564761571673406,
                    0.2590700585185161,
                    0.9160321243040863,
                    0.9083482521788059,
                    0.9148057076795824
                ],
                "6": [
                    0.3702021096860308,
                    0.3880598518791525,
                    0.3753326937152576,
                    0.40034133557362694
                ],
                "8": [
                    0.9535906564455998,
                    0.8897397791643827,
                    0.9638557645468742
                ],
                "12": [
                    1.5493100934022304
                ],
                "24": [
                    1.505173768679024
                ]
            }
        }
    }
}