{
    "3": {
        "19": {
            "original": 0.0028888006625021408,
            "twirled": {
                "1": [
                    0.0037881686505322632
                ],
                "2": [
                    0.15113074597226533,
                    0.1553118211660985,
                    0.15896667751054316,
                    0.06564283894900753,
                    0.05764817826358204,
                    0.06325042572129519,
                    0.052210822675065834,
                    0.061713892065909444,
                    0.054936632570901034
                ],
                "3": [
                    0.13330961393788499,
                    0.142775555579099,
                    0.1271611720706131,
                    0.1275883687352415
                ],
                "4": [
                    0.5959302338765757,
                    0.263069056767571,
                    0.26328364793424014,
                    0.2593249415006604,
                    0.6319922579009974,
                    0.45869828344681024,
                    0.6340289095982499
                ],
                "6": [
                    0.317155516180897,
                    0.3052570467335253,
                    0.3423228299615531,
                    0.30261011635697616
                ],
                "8": [
                    0.8838560967210812,
                    0.9161146145694902,
                    0.8053664337666729
                ],
                "12": [
                    1.233729489298442
                ],
                "24": [
                    1.2386181452966036
                ]
            }
        }
    }
}