{
    "4": {
        "12": {
            "original": 0.005071156844840648,
            "twirled": {
                "1": [
                    0.19801705059297967
                ],
                "2": [
                    0.4535360117007075,
                    0.45694560200595635,
                    0.8210023840813881,
                    0.11958703169037552,
                    0.06060795875585287,
                    0.06248910012731311,
                    0.12205657976932258,
                    0.05583124521745906,
                    0.06878096867681044
                ],
                "3": [
                    0.3864598587862618,
                    0.4017680139689032,
                    0.403043241654001,
                    0.3836081013748663
                ],
                "4": [
                    1.40189424065434,
                    0.2524245778722055,
                    0.24508781033112198,
                    0.24585328068525125,
                    0.9281546010627946,
                    0.8791483582910029,
                    0.8936781120685233
                ],
                "6": [
                    0.4051742100643844,
                    0.38681907366236584,
                    0.3844386991546475,
                    0.40088114050948365
                ],
                "8": [
                    0.9191214254357413,
                    0.8646982392850261,
                    0.8929277544465577
                ],
                "12": [
                    1.36698978267895
                ],
                "24": [
                    1.4869520840169508
                ]
            }
        }
    }
}