{
    "4": {
        "14": {
            "original": 0.0022219919640135612,
            "twirled": {
                "1": [
                    0.0027597601434060635
                ],
                "2": [
                    0.15587504772450617,
                    0.17512075238410346,
                    0.16194117822850387,
                    0.06108079359301263,
                    0.06499040678185652,
                    0.05563215409584345,
                    0.057104109291433544,
                    0.05990827785965848,
                    0.06897156414750995
                ],
                "3": [
                    0.0192956168588658,
                    0.02045239098426538,
                    0.01550265987831257,
                    0.01919428237104744
                ],
                "4": [
                    0.5927869372965295,
                    0.24527029510221493,
                    0.2549948480428265,
                    0.2470688580819877,
                    0.36259003490325725,
                    0.125145001647038,
                    0.3298564567698175
                ],
                "6": [
                    0.21606459218749408,
                    0.245018509948897,
                    0.23495546556932026,
                    0.21967843113327462
                ],
                "8": [
                    0.7868938850295708,
                    0.7635944957268277,
                    0.7179988387504682
                ],
                "12": [
                    0.9915038210284243
                ],
                "24": [
                    1.0369579650985505
                ]
            }
        }
    }
}