{
    "4": {
        "15": {
            "original": 0.10953476603746878,
            "twirled": {
                "1": [
                    0.6857299868864135
                ],
                "2": [
                    0.003962813940894185,
                    0.6176511664096226,
                    0.0032580537695485337,
                    0.0035672060014443376,
                    0.004164754198590176,
                    0.3177010010685299,
                    0.003932431687962555,
                    0.2804074335245526,
                    0.004408538231133992
                ],
                "3": [
                    0.005753737519098945,
                    0.0035138746149586614,
                    0.005231268061909096,
                    0.0030187148891038383
                ],
                "4": [
                    0.01303903688210115,
                    0.0038632894575619096,
                    0.0025976832093880407,
                    0.7201771975903225,
                    0.006908465396335267,
                    0.0028142280616553364,
                    0.007936381010092064
                ],
                "6": [
                    0.007331972568220119,
                    0.007997206203928894,
                    0.010736775222252208,
                    0.00964964451089098
                ],
                "8": [
                    0.029587517513337366,
                    0.04227123091188404,
                    0.014488802196564341
                ],
                "12": [
                    0.19493152491668173
                ],
                "24": [
                    0.2033942370820698
                ]
            }
        }
    }
}