{
    "5": {
        "17": {
            "original": 0.005999628871000651,
            "twirled": {
                "1": [
                    0.005617599389093121
                ],
                "2": [
                    0.15085256624167365,
                    0.16685370509969266,
                    0.17295238288233292,
                    0.05087154206836674,
                    0.05015849744874965,
                    0.06072941669608647,
                    0.06048894951292085,
                    0.059920027035453446,
                    0.04970024323201288
                ],
                "3": [
                    0.06219081091533399,
                    0.064461414549502,
                    0.15496268496380627,
                    0.15121225341025818
                ],
                "4": [
                    0.6006792215623323,
                    0.2507185166090012,
                    0.2556450983572014,
                    0.25696893745296134,
                    0.6427076437822845,
                    0.3564943099558578,
                    0.4891829549630627
                ],
                "6": [
                    0.26303567857536164,
                    0.3370537886069992,
                    0.2773479778325082,
                    0.3286590342280726
                ],
                "8": [
                    0.8252274530472049,
                    0.8132495914706414,
                    0.7761714303951329
                ],
                "12": [
                    1.2013508644585453
                ],
                "24": [
                    1.1822343819342416
                ]
            }
        }
    }
}