{
    "1": {
        "10": {
            "original": 0.24497465794130563,
            "twirled": {
                "1": [
                    0.24700788143894717
                ],
                "2": [
                    0.7534660991205601,
                    1.2938705149107081,
                    0.7325421556857067,
                    0.23493088159332842,
                    0.2169773186764521,
                    0.5102386116864001,
                    0.2313274477875465,
                    0.4746828531636214,
                    0.2346679059230838
                ],
                "3": [
                    1.2031574563412868,
                    1.169803762802396,
                    1.1451848325389706,
                    1.1417911826136662
                ],
                "4": [
                    5.252452534901482,
                    0.6574597063662987,
                    0.6462231773776411,
                    1.3739663793036496,
                    5.110234796616926,
                    5.465590627495974,
                    4.858973726895415
                ],
                "6": [
                    1.0498492529704864,
                    1.0901312084199295,
                    1.1588731446404497,
                    1.115983355087257
                ],
                "8": [
                    5.167155896211004,
                    5.445193457832586,
                    5.314046932894021
                ],
                "12": [
                    4.882905100513411
                ],
                "24": [
                    5.10020763116727
                ]
            }
        }
    }
}