{
    "1": {
        "11": {
            "original": 0.1478165574344953,
            "twirled": {
                "1": [
                    0.13334033859869807
                ],
                "2": [
                    0.31826175309117705,
                    0.5231774954963224,
                    0.5901541906843828,
                    0.19745788801103997,
                    0.1839204859710938,
                    0.24725691919393938,
                    0.1502692125794817,
                    0.12950183652729316,
                    0.16527340470091317
                ],
                "3": [
                    0.8205070792787832,
                    0.6783015430713623,
                    0.8751265415334174,
                    0.7314168463186704
                ],
                "4": [
                    2.4609691261511153,
                    0.33954439249871105,
                    0.5978134280997264,
                    0.45468344223415225,
                    2.491501068430326,
                    2.7026860835814186,
                    2.859929276593979
                ],
                "6": [
                    0.7912009594604578,
                    0.72410599943992,
                    0.7204867269437628,
                    0.8269038763182296
                ],
                "8": [
                    2.5906650628478665,
                    2.8449965369031744,
                    2.7516215711342276
                ],
                "12": [
                    3.222006077434008
                ],
                "24": [
                    3.1888829392406732
                ]
            }
        }
    }
}