{
    "1": {
        "13": {
            "original": 0.06109776439926841,
            "twirled": {
                "1": [
                    0.0621230900799036
                ],
                "2": [
                    0.43471251517368475,
                    0.45392709334987946,
                    0.3961102003176696,
                    0.1399873489677835,
                    0.13902643965880168,
                    0.15693490984294145,
                    0.11843208142115715,
                    0.1414373954006854,
                    0.13307878165181705
                ],
                "3": [
                    0.757425031397967,
                    0.7668565004659077,
                    0.8014680335008307,
                    0.8093213146026169
                ],
                "4": [
                    3.169016254224611,
                    0.46811981571415867,
                    0.42984741620473593,
                    0.5019351168309978,
                    3.160693443516273,
                    3.4197178894999927,
                    3.2105095814707965
                ],
                "6": [
                    0.8201518095868615,
                    0.8242258857635282,
                    0.8007815966502886,
                    0.813765956798673
                ],
                "8": [
                    3.2741226167744846,
                    3.1830637633287,
                    3.47296178483541
                ],
                "12": [
                    3.860848092009488
                ],
                "24": [
                    3.790619581956984
                ]
            }
        }
    }
}