{
    "5": {
        "3": {
            "original": 0.014078142712969458,
            "twirled": {
                "1": [
                    0.013205753949893788
                ],
                "2": [
                    0.16253766959326965,
                    0.1581322507773315,
                    0.19412908860471445,
                    0.047810538334163405,
                    0.05624403687616338,
                    0.053964741158414334,
                    0.059356478611303644,
                    0.06184481821005672,
                    0.051332660752636136
                ],
                "3": [
                    0.37035521372049557,
                    0.3923922296089585,
                    0.37933423977959935,
                    0.3871749886560379
                ],
                "4": [
                    0.6382587217171313,
                    0.2591719436715188,
                    0.2890045736463181,
                    0.25516889252977465,
                    0.9168747271831773,
                    0.9019139978077512,
                    0.8976252185606302
                ],
                "6": [
                    0.36550509140748944,
                    0.373894150933175,
                    0.43627463967324137,
                    0.37274238010311617
                ],
                "8": [
                    0.8831798968290383,
                    0.9525201827363459,
                    0.9272682373295045
                ],
                "12": [
                    1.5131007597898454
                ],
                "24": [
                    1.4441091869488636
                ]
            }
        }
    }
}