{
    "2": {
        "5": {
            "original": 0.006919277708276081,
            "twirled": {
                "1": [
                    0.008565701287280476
                ],
                "2": [
                    0.18040722518354801,
                    0.2019318831389446,
                    0.1983904195881782,
                    0.05523838348803726,
                    0.0737866700005273,
                    0.06502476361716779,
                    0.06505746773127816,
                    0.0663194029477116,
                    0.06462677586030725
                ],
                "3": [
                    0.4389602251951074,
                    0.40318290318692374,
                    0.41476926696914734,
                    0.4066110756300733
                ],
                "4": [
                    0.6664092438402818,
                    0.2692071726375495,
                    0.2648349998314911,
                    0.24851499385900938,
                    0.9613473199200763,
                    0.9841580245558478,
                    1.037391701208248
                ],
                "6": [
                    0.43201784047233177,
                    0.40324450223424135,
                    0.4475129274054865,
                    0.43746429673959386
                ],
                "8": [
                    0.9984013924318949,
                    0.9333560511396716,
                    1.011306086201844
                ],
                "12": [
                    1.7489566267898662
                ],
                "24": [
                    1.6709961154755948
                ]
            }
        }
    }
}