{
    "1": {
        "16": {
            "original": 0.25395028768504085,
            "twirled": {
                "1": [
                    0.24552389717865683
                ],
                "2": [
                    0.6521864066583071,
                    0.8721705077898088,
                    0.7348202320250505,
                    0.322463354280176,
                    0.34747257358872913,
                    0.3741654879715935,
                    0.3153037359136581,
                    0.36085886150981167,
                    0.36380312167566176
                ],
                "3": [
                    1.078446872327804,
                    1.0929539673075468,
                    1.0886118456366876,
                    1.1415130287228914
                ],
                "4": [
                    3.2797067177164783,
                    0.607437498567385,
                    0.7051925696622137,
                    0.8801701458496424,
                    3.447828764129474,
                    4.259736914059265,
                    3.683337348264467
                ],
                "6": [
                    1.0435052467418386,
                    1.1004285089660826,
                    1.1565740581162416,
                    1.1859445203364851
                ],
                "8": [
                    3.441251273365986,
                    3.6735329695983943,
                    4.589621339297168
                ],
                "12": [
                    4.909019446964707
                ],
                "24": [
                    4.852496139113052
                ]
            }
        }
    }
}