{
    "5": {
        "7": {
            "original": 0.008117458902229214,
            "twirled": {
                "1": [
                    0.006276785312974795
                ],
                "2": [
                    0.16648617709232785,
                    0.16588190754921395,
                    0.16696017209323238,
                    0.056508412744361296,
                    0.058810366703798335,
                    0.05440198946665571,
                    0.06164169710728315,
                    0.053562453629328544,
                    0.05688762279362984
                ],
                "3": [
                    0.3986387826086158,
                    0.36792218763306545,
                    0.39161063293474846,
                    0.3947568923645499
                ],
                "4": [
                    0.5851905235873003,
                    0.24299288173690528,
                    0.2517201425859043,
                    0.26181524803008754,
                    0.9002825853549962,
                    0.8861155960338206,
                    0.988662591537905
                ],
                "6": [
                    0.3725869655492111,
                    0.3880645792840668,
                    0.35599264625555205,
                    0.3617921774337845
                ],
                "8": [
                    0.8771932042364715,
                    0.8977226884131507,
                    0.8693439109559998
                ],
                "12": [
                    1.4137092150520398
                ],
                "24": [
                    1.4398709067110698
                ]
            }
        }
    }
}