{
    "1": {
        "19": {
            "original": 0.07226815019343741,
            "twirled": {
                "1": [
                    0.08480817782257828
                ],
                "2": [
                    0.33028374995206383,
                    0.3805778963117017,
                    0.34012355028408675,
                    0.14627688804852912,
                    0.10969504205289307,
                    0.12742029130521157,
                    0.10887622851231588,
                    0.13245301673810128,
                    0.1385019178939812
                ],
                "3": [
                    0.8531856781792495,
                    0.8102800738961936,
                    0.6446144527992094,
                    0.756814714132926
                ],
                "4": [
                    3.3817192674667256,
                    0.45324160130513397,
                    0.4012609356062305,
                    0.6074694373671367,
                    3.257591403314176,
                    4.193543643542783,
                    3.036923297104394
                ],
                "6": [
                    0.9003471406554616,
                    0.8790538109364069,
                    0.8123391372723402,
                    0.7746973291710058
                ],
                "8": [
                    3.46559481790827,
                    3.383778054005113,
                    4.335353742939394
                ],
                "12": [
                    4.645582663082273
                ],
                "24": [
                    4.639913263317572
                ]
            }
        }
    }
}