{
    "5": {
        "8": {
            "original": 0.003228393144544407,
            "twirled": {
                "1": [
                    0.005879686781722671
                ],
                "2": [
                    0.14469735822001734,
                    0.16225034600482044,
                    0.16694453445670182,
                    0.04496363243530394,
                    0.05443254118595974,
                    0.06020968490180467,
                    0.05115833266308426,
                    0.05651648808106398,
                    0.0698681586051415
                ],
                "3": [
                    0.05558065888515286,
                    0.06606337264559778,
                    0.13333081675738764,
                    0.12700023219179019
                ],
                "4": [
                    0.5851032622900488,
                    0.27001191790479956,
                    0.2487398889869772,
                    0.24240995841231205,
                    0.7111607639655628,
                    0.34633063251599877,
                    0.4836049883496476
                ],
                "6": [
                    0.2824603915016908,
                    0.316419832823528,
                    0.3074149199821287,
                    0.32860350046226866
                ],
                "8": [
                    0.8491938680573193,
                    0.7899163730076445,
                    0.7988081323070402
                ],
                "12": [
                    1.2638601299303085
                ],
                "24": [
                    1.1836996299121028
                ]
            }
        }
    }
}