{
    "5": {
        "2": {
            "original": 0.0030652320131324662,
            "twirled": {
                "1": [
                    0.004913561806977331
                ],
                "2": [
                    0.16678277998085236,
                    0.1520987056277426,
                    0.16291147356590097,
                    0.052673094485341146,
                    0.06651894908952082,
                    0.05944412950406448,
                    0.057966633317590686,
                    0.05286174862361142,
                    0.04916291065835496
                ],
                "3": [
                    0.395583611122189,
                    0.38406790078005665,
                    0.3946498521584686,
                    0.3960322367388755
                ],
                "4": [
                    0.7667869641855921,
                    0.23193250594154646,
                    0.2503566379126842,
                    0.25184137985695,
                    0.9037372326588817,
                    0.9103363788624893,
                    1.1834899274578707
                ],
                "6": [
                    0.3953058397951595,
                    0.3978817735172621,
                    0.3941736078216575,
                    0.35491043038956843
                ],
                "8": [
                    0.9312709012990359,
                    1.2836761402896184,
                    0.9349877686181056
                ],
                "12": [
                    1.4005729044999076
                ],
                "24": [
                    1.4805108472842359
                ]
            }
        }
    }
}