{
    "1": {
        "12": {
            "original": 0.18705206391508317,
            "twirled": {
                "1": [
                    0.18608276173240185
                ],
                "2": [
                    0.34000990121615376,
                    0.4636763742152901,
                    0.6104821019838923,
                    0.20673535983473962,
                    0.2860673070065872,
                    0.23261643491013317,
                    0.20266431256160994,
                    0.21591837499483593,
                    0.21805908632621845
                ],
                "3": [
                    0.7195461419921215,
                    0.69893587766998,
                    0.687508816481302,
                    0.7033066418577828
                ],
                "4": [
                    1.9651875378835284,
                    0.3918652045701665,
                    0.5520227414975606,
                    0.43095719679316175,
                    1.9546071603618638,
                    1.909600215716612,
                    2.000899578738156
                ],
                "6": [
                    0.7229294754152228,
                    0.7508249816120204,
                    0.7439099654424016,
                    0.6986724464303816
                ],
                "8": [
                    2.066454712427494,
                    1.9246139098140405,
                    1.9669811011801834
                ],
                "12": [
                    2.311998352180765
                ],
                "24": [
                    2.3914128945615576
                ]
            }
        }
    }
}