{
    "3": {
        "13": {
            "original": 0.006421147651871197,
            "twirled": {
                "1": [
                    0.003463699324370189
                ],
                "2": [
                    0.15950018513268244,
                    0.17776426811447488,
                    0.16480871212898146,
                    0.06440785571632945,
                    0.056046754201921775,
                    0.06291211968682306,
                    0.048931131461880634,
                    0.05720775794234066,
                    0.059436086847719005
                ],
                "3": [
                    0.3769936339966161,
                    0.365368441812473,
                    0.38675425095842036,
                    0.364456071695395
                ],
                "4": [
                    0.6551647645701913,
                    0.2541469463489529,
                    0.24667128509677233,
                    0.2586692154875786,
                    0.8993352245303566,
                    0.9108353672058046,
                    0.9443379970191677
                ],
                "6": [
                    0.38878909014940244,
                    0.39426284290694386,
                    0.41587927045554557,
                    0.3664138674435213
                ],
                "8": [
                    0.9607055550938636,
                    0.9270493410910863,
                    0.9600325617818714
                ],
                "12": [
                    1.450366856421156
                ],
                "24": [
                    1.4620117049283414
                ]
            }
        }
    }
}