{
    "1": {
        "10": {
            "original": 0.21710188927334947,
            "twirled": {
                "1": [
                    0.24467621640468049
                ],
                "2": [
                    0.7589697205651685,
                    1.3334966188592159,
                    0.815980357420144,
                    0.21457977404579598,
                    0.2095500912754419,
                    0.4507039909169838,
                    0.227802423619858,
                    0.44468671888093353,
                    0.24155665596752124
                ],
                "3": [
                    1.1618160003452869,
                    1.2138243243477822,
                    1.06925486685921,
                    1.1485368667507698
                ],
                "4": [
                    5.60718239616489,
                    0.732344383914421,
                    0.730029091078088,
                    1.3809265643987916,
                    5.059376817671759,
                    5.642376378919071,
                    5.254397487453774
                ],
                "6": [
                    1.1347897966829537,
                    1.1661961424919538,
                    1.108992788281749,
                    1.0905387695480226
                ],
                "8": [
                    5.215726719290243,
                    5.0930170131787245,
                    5.278773953560066
                ],
                "12": [
                    5.239407646680824
                ],
                "24": [
                    4.762252511188454
                ]
            }
        }
    }
}