{
    "2": {
        "2": {
            "original": 0.019518225404881757,
            "twirled": {
                "1": [
                    0.017404170750433396
                ],
                "2": [
                    0.21138548405838747,
                    0.20697985258693055,
                    0.247580591813853,
                    0.08450584257562252,
                    0.08257988559618308,
                    0.09107394425221263,
                    0.08183754874939578,
                    0.07420278436418946,
                    0.0914713338629756
                ],
                "3": [
                    0.44749571704192187,
                    0.46081578041672383,
                    0.49040882228060645,
                    0.49941939897803583
                ],
                "4": [
                    1.3902967651080254,
                    0.2663231341988819,
                    0.3093192127699711,
                    0.3751311020216786,
                    1.3673659187035576,
                    1.3983017017863677,
                    1.8272615694750378
                ],
                "6": [
                    0.4913183291463185,
                    0.48501248457609836,
                    0.4042486687680005,
                    0.4888990177233273
                ],
                "8": [
                    1.3764212733569452,
                    1.768108194410135,
                    1.3583103382764725
                ],
                "12": [
                    1.825641940972565
                ],
                "24": [
                    1.909543522468082
                ]
            }
        }
    }
}