{
    "2": {
        "5": {
            "original": 0.007994296559506689,
            "twirled": {
                "1": [
                    0.005837977701350853
                ],
                "2": [
                    0.1769531882864872,
                    0.15542480125773134,
                    0.16181383552753903,
                    0.05084380936826971,
                    0.06145423172254333,
                    0.06938312498879436,
                    0.059258311082323774,
                    0.060912382781722896,
                    0.07933289519401636
                ],
                "3": [
                    0.41667441789498894,
                    0.40079428477120566,
                    0.4220250882363629,
                    0.42915321424591785
                ],
                "4": [
                    0.6741165133145157,
                    0.27818986217947744,
                    0.26631462295364,
                    0.2860145316241543,
                    0.9927303060167046,
                    0.9819771118746167,
                    0.9525353902652866
                ],
                "6": [
                    0.4465710808467626,
                    0.41453954849614344,
                    0.417351772666959,
                    0.4622494876994548
                ],
                "8": [
                    0.9590157161038105,
                    0.9828545724008536,
                    0.9829297594382199
                ],
                "12": [
                    1.6016489117033843
                ],
                "24": [
                    1.6747251139493475
                ]
            }
        }
    }
}