{
    "1": {
        "9": {
            "original": 0.6553346001315368,
            "twirled": {
                "1": [
                    0.6729879936717793
                ],
                "2": [
                    2.8172028404580725,
                    2.765632771922146,
                    3.5599727986468244,
                    0.7763657772486702,
                    1.0809836605415626,
                    0.9141124907388299,
                    0.9220831739649126,
                    0.8866606102772652,
                    1.0290127155175848
                ],
                "3": [
                    3.1012510774873667,
                    2.972150750967457,
                    2.9219614261160043,
                    2.8960425460712376
                ],
                "4": [
                    11.688454278677543,
                    2.210754083351495,
                    2.313396492915711,
                    2.339434151235208,
                    11.038034104746114,
                    10.712910591037394,
                    9.809511576505114
                ],
                "6": [
                    2.881301771629203,
                    2.7342635844713925,
                    2.898525169743993,
                    2.853439193890379
                ],
                "8": [
                    11.184179218426122,
                    10.033683089299066,
                    11.250617489465537
                ],
                "12": [
                    10.112200435296975
                ],
                "24": [
                    9.876801764276031
                ]
            }
        }
    }
}