{
    "1": {
        "8": {
            "original": 0.08451165173358935,
            "twirled": {
                "1": [
                    0.06901640720026622
                ],
                "2": [
                    0.31057203520729554,
                    0.3776578440176563,
                    0.3556252514946193,
                    0.1286548672640399,
                    0.11259781765706431,
                    0.12906550443154574,
                    0.10515829545921189,
                    0.09306624636387598,
                    0.09846831547173276
                ],
                "3": [
                    0.5929619005287418,
                    0.5075137469895937,
                    0.5896348579526666,
                    0.5186988383694406
                ],
                "4": [
                    1.395222455523875,
                    0.2911651089055352,
                    0.3926185198163838,
                    0.3393470100809729,
                    1.524163313279061,
                    1.7371234197211254,
                    1.6383424918936205
                ],
                "6": [
                    0.5971138807245063,
                    0.508219798118659,
                    0.45958720828048855,
                    0.5773402411546582
                ],
                "8": [
                    1.5221455158859438,
                    1.6204487480047784,
                    1.703065574710929
                ],
                "12": [
                    2.2415838035934
                ],
                "24": [
                    2.218488345271615
                ]
            }
        }
    }
}