{
    "4": {
        "6": {
            "original": 0.003408170634999556,
            "twirled": {
                "1": [
                    0.00472023692714365
                ],
                "2": [
                    0.15595278177078975,
                    0.15252031323607565,
                    0.15184529813981817,
                    0.046867631687104575,
                    0.05296438412360391,
                    0.05431301907335899,
                    0.052135728500484736,
                    0.06311964711043606,
                    0.06157204097456205
                ],
                "3": [
                    0.3758292674890992,
                    0.39026179901594743,
                    0.40386351174949187,
                    0.40244535193069203
                ],
                "4": [
                    0.5719452374721724,
                    0.2654382155335873,
                    0.26605922509954444,
                    0.2542074857300647,
                    0.9827462032935701,
                    0.8910660295219992,
                    0.927695436127032
                ],
                "6": [
                    0.394814800986911,
                    0.3829542759316272,
                    0.35148489047215553,
                    0.36754263481957455
                ],
                "8": [
                    0.9018150323314076,
                    0.8944208777531593,
                    0.9060307686620922
                ],
                "12": [
                    1.427450415902073
                ],
                "24": [
                    1.4478728283398477
                ]
            }
        }
    }
}