{
    "3": {
        "4": {
            "original": 0.020280491964793573,
            "twirled": {
                "1": [
                    0.013822907629405445
                ],
                "2": [
                    0.16959889821135338,
                    0.1531672274699651,
                    0.158158713008214,
                    0.06498576606424172,
                    0.06003258526511867,
                    0.051966615068854256,
                    0.05571362293874587,
                    0.055352767790364216,
                    0.05483481272769474
                ],
                "3": [
                    0.41965363617864526,
                    0.3895841755938887,
                    0.3772613308443313,
                    0.41407394100821276
                ],
                "4": [
                    0.7170083973934828,
                    0.25805546333410445,
                    0.2345983506841221,
                    0.2650700720682707,
                    1.0161723391763022,
                    1.007709936747338,
                    1.0228513851860108
                ],
                "6": [
                    0.3854155520053026,
                    0.38283451134017793,
                    0.38445366770153805,
                    0.39708169465480037
                ],
                "8": [
                    0.9431857715290988,
                    1.0201074867997781,
                    1.0129726477026169
                ],
                "12": [
                    1.5267555591026176
                ],
                "24": [
                    1.4934858865137355
                ]
            }
        }
    }
}