{
    "1": {
        "19": {
            "original": 0.0643845897164134,
            "twirled": {
                "1": [
                    0.0697263429844624
                ],
                "2": [
                    0.34352206894479126,
                    0.3438617449751767,
                    0.3091097731672227,
                    0.13205156294831347,
                    0.1270801647003964,
                    0.13902930314698836,
                    0.1312114775696589,
                    0.1301629972996925,
                    0.11513279983832639
                ],
                "3": [
                    0.9126726806530915,
                    0.709506495157426,
                    0.7360160239777916,
                    0.8455197000140452
                ],
                "4": [
                    3.0667781731642085,
                    0.47746476865602455,
                    0.4305548869754603,
                    0.5595514254761572,
                    3.3266392882354623,
                    3.8924950150700366,
                    2.9167621924002245
                ],
                "6": [
                    0.9186074473284292,
                    0.8069099442878944,
                    0.7725431984684595,
                    0.7786140695427811
                ],
                "8": [
                    3.3711968632483655,
                    3.0623751538945387,
                    3.896697094894359
                ],
                "12": [
                    4.515146209952888
                ],
                "24": [
                    4.442358390312654
                ]
            }
        }
    }
}