{
    "4": {
        "17": {
            "original": 0.0060844066926792105,
            "twirled": {
                "1": [
                    0.006363983897634492
                ],
                "2": [
                    0.16520779248279335,
                    0.15332452708630262,
                    0.15503428977486142,
                    0.054468553899688424,
                    0.056014520092350736,
                    0.06517755906407205,
                    0.06623566130514953,
                    0.06266772227527978,
                    0.04792433740384457
                ],
                "3": [
                    0.37347792750124853,
                    0.3791858740810688,
                    0.3813775834022653,
                    0.41895519372861273
                ],
                "4": [
                    0.6666282470002575,
                    0.2571255243502785,
                    0.23814865880514108,
                    0.24199474933915782,
                    0.9039800175316094,
                    0.9165193002056498,
                    0.9555651245250819
                ],
                "6": [
                    0.40593051520415224,
                    0.36067343689104864,
                    0.4020007833001315,
                    0.3801353305262556
                ],
                "8": [
                    0.9399688353812401,
                    0.9338023126549818,
                    1.0193428382084426
                ],
                "12": [
                    1.4050895800671979
                ],
                "24": [
                    1.444172013216694
                ]
            }
        }
    }
}