{
    "4": {
        "3": {
            "original": 0.028617228090852515,
            "twirled": {
                "1": [
                    0.023390341890990415
                ],
                "2": [
                    0.17247156535165245,
                    0.16439544621827518,
                    0.195569567800308,
                    0.06468277840085762,
                    0.056680946308369756,
                    0.06527523323678656,
                    0.07079582924613653,
                    0.06168754617125351,
                    0.05638673828676052
                ],
                "3": [
                    0.3852645239288253,
                    0.3998391159923595,
                    0.40521286689968944,
                    0.3894072746149037
                ],
                "4": [
                    0.5758971488928927,
                    0.2523418798935348,
                    0.2688787439841581,
                    0.2587162057339808,
                    0.9488983451718367,
                    0.9398869550668761,
                    1.0103359818756377
                ],
                "6": [
                    0.4110998998628879,
                    0.40579626883111736,
                    0.3912629505900877,
                    0.3522941099691201
                ],
                "8": [
                    0.8878210202866595,
                    0.9390161531074882,
                    0.8896573100256447
                ],
                "12": [
                    1.4525531822232014
                ],
                "24": [
                    1.4350284302143046
                ]
            }
        }
    }
}