{
    "4": {
        "18": {
            "original": 0.00847814744381723,
            "twirled": {
                "1": [
                    0.004011301010498813
                ],
                "2": [
                    0.15481160202206512,
                    0.1779133341633014,
                    0.16607773078533253,
                    0.0694985923193579,
                    0.0543751317640601,
                    0.06035087003479368,
                    0.06492094696079487,
                    0.06051700781481004,
                    0.052791777025872344
                ],
                "3": [
                    0.38247209928748066,
                    0.3605661889639446,
                    0.3837999326966264,
                    0.37667765662737346
                ],
                "4": [
                    0.5995340556460426,
                    0.23410285147853457,
                    0.2601172640048494,
                    0.25420908949771565,
                    0.8905772063882058,
                    0.925310862484673,
                    0.9076282594119067
                ],
                "6": [
                    0.38998015135708897,
                    0.392721934249258,
                    0.38393160537267484,
                    0.37928141113286906
                ],
                "8": [
                    0.945061810410703,
                    0.9035596130564821,
                    0.9097443158671403
                ],
                "12": [
                    1.4665818823753796
                ],
                "24": [
                    1.444572596842913
                ]
            }
        }
    }
}