{
    "3": {
        "1": {
            "original": 0.18995957068537722,
            "twirled": {
                "1": [
                    0.21121217035800854
                ],
                "2": [
                    0.8293754956158218,
                    0.9316088655939754,
                    0.8393662829611641,
                    0.40435403694710514,
                    0.39152812423155675,
                    0.3973296425700335,
                    0.3581304053500179,
                    0.3916576959193197,
                    0.3869397668819474
                ],
                "3": [
                    1.0174369879563658,
                    1.0610065575017256,
                    1.1451507544894437,
                    1.0067657512918482
                ],
                "4": [
                    3.421257516035107,
                    0.8134321345447532,
                    0.8150131993995885,
                    0.8156201484396962,
                    3.4947032143552414,
                    3.3095226305596346,
                    3.5180258716965005
                ],
                "6": [
                    1.0148391759356827,
                    0.9863767627266974,
                    1.0511502206684344,
                    1.024164177217918
                ],
                "8": [
                    3.4518706310283336,
                    3.533487978583892,
                    3.5335462291769675
                ],
                "12": [
                    3.433518733536871
                ],
                "24": [
                    3.6172401195396335
                ]
            }
        }
    }
}