{
    "4": {
        "1": {
            "original": 0.20449432891921798,
            "twirled": {
                "1": [
                    0.20171634357659518
                ],
                "2": [
                    0.8556136093510245,
                    0.8669317179030763,
                    0.7878522146299912,
                    0.42664089352925366,
                    0.4143980489822188,
                    0.40413599298967795,
                    0.3714169877784213,
                    0.39389402555210223,
                    0.41640699581228013
                ],
                "3": [
                    1.1443588929653556,
                    1.0399141517321313,
                    1.0389413160802978,
                    1.0323840646723998
                ],
                "4": [
                    3.2552233743280587,
                    0.8447686466998133,
                    0.9152272978812347,
                    0.8455872632105402,
                    3.522404854408819,
                    3.4284842905499917,
                    3.4016836272635365
                ],
                "6": [
                    1.071856805765076,
                    1.058137277457762,
                    1.0299155522641952,
                    1.0079323913262141
                ],
                "8": [
                    3.336505190847122,
                    3.297798893935276,
                    3.3707427642574896
                ],
                "12": [
                    3.2645757350850944
                ],
                "24": [
                    3.364238330052036
                ]
            }
        }
    }
}