{
    "2": {
        "3": {
            "original": 0.08257917946575488,
            "twirled": {
                "1": [
                    0.07404034833599961
                ],
                "2": [
                    0.22363573325637218,
                    0.2575144135536636,
                    0.26664751893851635,
                    0.11547001866324291,
                    0.10974890052507089,
                    0.11170273285908974,
                    0.113156772205269,
                    0.11915712822888483,
                    0.12560350556640726
                ],
                "3": [
                    0.4037730101320384,
                    0.4372196858393955,
                    0.4143714920522427,
                    0.42752718248514815
                ],
                "4": [
                    0.8771003363974214,
                    0.31249137365230434,
                    0.3053667339939934,
                    0.27443780625955916,
                    1.1260770596210898,
                    1.1418495680045413,
                    1.2029256874312009
                ],
                "6": [
                    0.44892837881171455,
                    0.4512023474230277,
                    0.4518689430123268,
                    0.5135754533824387
                ],
                "8": [
                    1.1858387793111924,
                    1.206520822027422,
                    1.1018922355199403
                ],
                "12": [
                    1.659428987398305
                ],
                "24": [
                    1.5910029318339982
                ]
            }
        }
    }
}