{
    "2": {
        "14": {
            "original": 0.005776155441836691,
            "twirled": {
                "1": [
                    0.005606172080674828
                ],
                "2": [
                    0.17220593388087346,
                    0.14319735869490932,
                    0.16593423644462507,
                    0.04968400941349892,
                    0.0582010167293575,
                    0.06035677561782229,
                    0.06757693229899911,
                    0.055063419619638024,
                    0.06028071600664829
                ],
                "3": [
                    0.3907596057828346,
                    0.3810723305818964,
                    0.3641915449806626,
                    0.4003777049900668
                ],
                "4": [
                    0.670340624807249,
                    0.23722424868942996,
                    0.23026032583583844,
                    0.2489191540364396,
                    0.945106741753562,
                    1.0132232438845588,
                    0.9035396256561259
                ],
                "6": [
                    0.38926379693191143,
                    0.3983743577253312,
                    0.3693774598568784,
                    0.3803754906582969
                ],
                "8": [
                    0.893769414872218,
                    0.9502247766323003,
                    1.0024796242025105
                ],
                "12": [
                    1.4381663417472708
                ],
                "24": [
                    1.460350663872481
                ]
            }
        }
    }
}