{
    "1": {
        "17": {
            "original": 0.13836285073258142,
            "twirled": {
                "1": [
                    0.13276476527366982
                ],
                "2": [
                    0.4603335103105513,
                    0.5862168033975811,
                    0.4735694789605781,
                    0.20251101473500982,
                    0.17720461097319162,
                    0.24305004496905264,
                    0.1849988550923056,
                    0.1861656889516835,
                    0.17554402921436896
                ],
                "3": [
                    1.0459201409459116,
                    1.0284393473159732,
                    0.9852977085969397,
                    0.9573261821666658
                ],
                "4": [
                    3.339774212261934,
                    0.48049105648369245,
                    0.6020798711426709,
                    0.6504981885097738,
                    3.341071434355107,
                    4.584819924377881,
                    3.87069802328633
                ],
                "6": [
                    1.0696152901076095,
                    0.9501215046940096,
                    1.0821511161441042,
                    1.0543090104237194
                ],
                "8": [
                    3.5915074133091953,
                    3.8596546411772112,
                    4.272618267555814
                ],
                "12": [
                    4.839105065561782
                ],
                "24": [
                    4.706589189470083
                ]
            }
        }
    }
}