{
    "4": {
        "19": {
            "original": 0.0021028086064921207,
            "twirled": {
                "1": [
                    0.0028231766361046075
                ],
                "2": [
                    0.1650206796067558,
                    0.17040836518500077,
                    0.1603703816849795,
                    0.05491458961069284,
                    0.06902745800992256,
                    0.05227803502025269,
                    0.05587045520345147,
                    0.05245678387970835,
                    0.05807844248378652
                ],
                "3": [
                    0.4013574407088278,
                    0.37060343137678736,
                    0.38634819664367953,
                    0.39594272357623567
                ],
                "4": [
                    0.604131422979342,
                    0.25246663656641677,
                    0.250461865822694,
                    0.24708281777377286,
                    0.9134626567022359,
                    0.9289228310456852,
                    0.8756033242365783
                ],
                "6": [
                    0.3863060960019428,
                    0.3955914976266484,
                    0.3874208647683198,
                    0.3875572289612483
                ],
                "8": [
                    0.9104347089979313,
                    0.8704123135643399,
                    0.9405407308505144
                ],
                "12": [
                    1.3987913470455184
                ],
                "24": [
                    1.4295070522686604
                ]
            }
        }
    }
}