{
    "2": {
        "19": {
            "original": 0.00947563045406598,
            "twirled": {
                "1": [
                    0.008642542569631461
                ],
                "2": [
                    0.17694175651352267,
                    0.1635472772380186,
                    0.17215629404179736,
                    0.05712849633524926,
                    0.060985517462653925,
                    0.05897330252681394,
                    0.053535264306624655,
                    0.053796634644627944,
                    0.06226654493980659
                ],
                "3": [
                    0.39250733562539947,
                    0.45463357633982093,
                    0.4333892707080912,
                    0.40465597244750123
                ],
                "4": [
                    0.7436948081645306,
                    0.25518533055601417,
                    0.25946195051288923,
                    0.24664794971070825,
                    1.0131478810639303,
                    1.134319868056425,
                    1.0837722232692109
                ],
                "6": [
                    0.40859195117950675,
                    0.41557179685106205,
                    0.4061189004650472,
                    0.41012597704032233
                ],
                "8": [
                    1.0380812284482164,
                    1.0394607051543319,
                    1.1227772143639614
                ],
                "12": [
                    1.772090158617651
                ],
                "24": [
                    1.6835963721969485
                ]
            }
        }
    }
}