{
    "4": {
        "16": {
            "original": 0.021751698362665328,
            "twirled": {
                "1": [
                    0.01872737232395944
                ],
                "2": [
                    0.18785166034887607,
                    0.19167967970023708,
                    0.18054103102584929,
                    0.07254197825205418,
                    0.06455696883654832,
                    0.07009761900181392,
                    0.06316623479987299,
                    0.06201163036377323,
                    0.04791850412674399
                ],
                "3": [
                    0.4022006778136356,
                    0.38207699416486807,
                    0.3930211237256224,
                    0.3868339334324416
                ],
                "4": [
                    0.6242788882499651,
                    0.24253822136968772,
                    0.2613024714229469,
                    0.25303361490506754,
                    0.9115896144619337,
                    0.9098494740936768,
                    0.9198382181378478
                ],
                "6": [
                    0.3872550537460336,
                    0.3934585844289388,
                    0.3859822142042141,
                    0.3951561955663528
                ],
                "8": [
                    0.879663852054983,
                    0.9634311691662317,
                    0.8769943298774515
                ],
                "12": [
                    1.4272678623275787
                ],
                "24": [
                    1.3949665145751902
                ]
            }
        }
    }
}