{
    "2": {
        "2": {
            "original": 0.021887807514738553,
            "twirled": {
                "1": [
                    0.21451279552693459
                ],
                "2": [
                    0.012002615709978385,
                    0.23871888497847288,
                    0.02588051306984377,
                    0.06587147716160928,
                    0.015013741274288775,
                    0.07673290702842948,
                    0.06405715582059424,
                    0.05903244827378049,
                    0.06952221063042341
                ],
                "3": [
                    0.13269554006276235,
                    0.08361110216242224,
                    0.08948363754951745,
                    0.07103045186869834
                ],
                "4": [
                    0.8340459022683381,
                    0.014200341970350328,
                    0.07223161480575672,
                    0.29210550811965447,
                    0.6604116649636952,
                    0.9617965130001852,
                    0.7291838768146008
                ],
                "6": [
                    0.1610568617921371,
                    0.23490032932250712,
                    0.11267327299725136,
                    0.22607632048707021
                ],
                "8": [
                    0.841376151549179,
                    1.1291836260217174,
                    1.1449050584091158
                ],
                "12": [
                    1.2547185554494549
                ],
                "24": [
                    1.1494514739055637
                ]
            }
        }
    }
}