{
    "1": {
        "15": {
            "original": 0.18955379768515243,
            "twirled": {
                "1": [
                    0.20455147774294183
                ],
                "2": [
                    0.4235472762876705,
                    0.4856209393574658,
                    0.4344418089867143,
                    0.08098670606694011,
                    0.12046732491179779,
                    0.09827659963586415,
                    0.16712236784872703,
                    0.1202226090455639,
                    0.08274236281623056
                ],
                "3": [
                    0.849364122378616,
                    0.8064931738876079,
                    0.7300539823470801,
                    0.7941742534069096
                ],
                "4": [
                    3.960947678287004,
                    0.5824258521172955,
                    0.527685424402436,
                    0.6811010415924638,
                    3.904069562630481,
                    3.7464139479910195,
                    3.9361766870276904
                ],
                "6": [
                    0.8670131074617587,
                    0.7595836434136632,
                    0.8649992584332457,
                    0.7579804637766868
                ],
                "8": [
                    3.671212548595155,
                    3.6641434481013717,
                    3.952207830646838
                ],
                "12": [
                    3.859614292304477
                ],
                "24": [
                    3.8299391431857996
                ]
            }
        }
    }
}