{
    "5": {
        "9": {
            "original": 0.005418837583964541,
            "twirled": {
                "1": [
                    0.20363282697999424
                ],
                "2": [
                    0.483654761590414,
                    0.48407730523705167,
                    1.110797814891361,
                    0.113832203380024,
                    0.05415005798769758,
                    0.1074968764122064,
                    0.12624201851433628,
                    0.11838574449194393,
                    0.06525991667844855
                ],
                "3": [
                    0.4098350576410618,
                    0.4109374923576357,
                    0.41337933436731444,
                    0.3897772949417648
                ],
                "4": [
                    3.003847391095161,
                    0.2648172844818399,
                    0.2577967379947787,
                    0.28774121150836857,
                    1.328381255049173,
                    1.243436324697992,
                    1.9397793508897334
                ],
                "6": [
                    0.4114296974054295,
                    0.3895728565024533,
                    0.3839199434727437,
                    0.3953655590578135
                ],
                "8": [
                    1.2819613142490969,
                    1.744407643193579,
                    1.1888173580028911
                ],
                "12": [
                    1.9586128826546734
                ],
                "24": [
                    1.8681724242879034
                ]
            }
        }
    }
}