{
    "5": {
        "12": {
            "original": 0.005243737181844901,
            "twirled": {
                "1": [
                    0.19316581079486916
                ],
                "2": [
                    0.47345168821336986,
                    0.41580808583726275,
                    0.8584282549953289,
                    0.13972273225058893,
                    0.06272496435120742,
                    0.06102525401513796,
                    0.11300530862608425,
                    0.0472461694723146,
                    0.0522526848792063
                ],
                "3": [
                    0.3672895223750689,
                    0.41133041590382974,
                    0.40150395159625213,
                    0.36657661376482603
                ],
                "4": [
                    1.429885519352796,
                    0.2644058255980831,
                    0.2504427794353153,
                    0.2568700049669992,
                    0.9001217451008384,
                    0.9606681521871928,
                    0.9425019541858729
                ],
                "6": [
                    0.3553902650767648,
                    0.353269466853902,
                    0.3676526888575168,
                    0.41098777180889084
                ],
                "8": [
                    0.8487105840153853,
                    0.9064720301634221,
                    0.8749526432244548
                ],
                "12": [
                    1.459933741850013
                ],
                "24": [
                    1.4090927716663662
                ]
            }
        }
    }
}