{
    "4": {
        "1": {
            "original": 0.19324909823488784,
            "twirled": {
                "1": [
                    0.2024184070520288
                ],
                "2": [
                    0.8511694302580756,
                    0.8497216733883625,
                    0.817230537430225,
                    0.3798038812251086,
                    0.3840802866582795,
                    0.41143291324270875,
                    0.40390891294631676,
                    0.42370182782026894,
                    0.39720268635741723
                ],
                "3": [
                    1.1212828452727273,
                    0.9802354976561872,
                    0.9939755847558349,
                    1.0351065802400838
                ],
                "4": [
                    3.2839041802826774,
                    0.8572517857480445,
                    0.8260756326644413,
                    0.8539808666109293,
                    3.7383247469636616,
                    3.1749220669587324,
                    3.1978486417380054
                ],
                "6": [
                    1.0601440401051665,
                    0.9769735763998454,
                    1.0139217741059126,
                    1.0511496091484769
                ],
                "8": [
                    3.23208351303206,
                    3.3367028556410436,
                    3.4197716175233728
                ],
                "12": [
                    3.20037227475664
                ],
                "24": [
                    3.2081157336094748
                ]
            }
        }
    }
}