{
    "5": {
        "15": {
            "original": 0.13081320616497202,
            "twirled": {
                "1": [
                    0.12449058859316911
                ],
                "2": [
                    0.1628849648611901,
                    0.15184352626862424,
                    0.16532150191070655,
                    0.06897000349627946,
                    0.06573608667419581,
                    0.06304458672968925,
                    0.06610250386877356,
                    0.06514809653190995,
                    0.053864923077666965
                ],
                "3": [
                    0.39933028662350695,
                    0.3914633954014058,
                    0.4079673803401627,
                    0.3836257598711554
                ],
                "4": [
                    0.60226734796708,
                    0.2522359660917733,
                    0.25482503939015594,
                    0.2487501793083983,
                    0.9358128159268214,
                    0.8573256274573957,
                    0.9064560579293683
                ],
                "6": [
                    0.3783710290272984,
                    0.41032094776111316,
                    0.36904973377865646,
                    0.3859242543944463
                ],
                "8": [
                    0.9179260418903267,
                    0.867276136076762,
                    0.8832597471312363
                ],
                "12": [
                    1.4039535419372609
                ],
                "24": [
                    1.444332381120626
                ]
            }
        }
    }
}