{
    "3": {
        "16": {
            "original": 0.048903327201250735,
            "twirled": {
                "1": [
                    0.040275449603033864
                ],
                "2": [
                    0.1690366948454637,
                    0.16604132001972347,
                    0.19751979586556193,
                    0.0759931603951316,
                    0.073889583859698,
                    0.06964960032105101,
                    0.07580194967295609,
                    0.07723701657272938,
                    0.07147231365052006
                ],
                "3": [
                    0.36899846459353924,
                    0.39695390123502194,
                    0.39819153523754,
                    0.36942115417977245
                ],
                "4": [
                    0.6335055727436542,
                    0.25715034181392055,
                    0.2553320910119528,
                    0.28310562575171433,
                    0.9708915793777875,
                    0.9890355302523165,
                    0.9851072678424924
                ],
                "6": [
                    0.39533889114029563,
                    0.40120068893593747,
                    0.39948096825962914,
                    0.36723803346318856
                ],
                "8": [
                    1.014786019913958,
                    1.0382533258644067,
                    0.9647288725494539
                ],
                "12": [
                    1.4602130604805605
                ],
                "24": [
                    1.5094378916336084
                ]
            }
        }
    }
}