{
    "1": {
        "5": {
            "original": 0.06474321224668618,
            "twirled": {
                "1": [
                    0.05774989543737495
                ],
                "2": [
                    0.23894297686369922,
                    0.24050380737743968,
                    0.21880509940164308,
                    0.1239050769429649,
                    0.11072927823814727,
                    0.11074366087377707,
                    0.1281088107951556,
                    0.10402800215922597,
                    0.1101534187184118
                ],
                "3": [
                    0.5153925024489677,
                    0.525671307576702,
                    0.5322448232306235,
                    0.5591490817996314
                ],
                "4": [
                    1.0290897519868076,
                    0.34942983211304873,
                    0.32849311326977876,
                    0.34204701031349366,
                    1.465451231360199,
                    1.3944844749291367,
                    1.4531389380789794
                ],
                "6": [
                    0.5089548266877825,
                    0.5397766969011223,
                    0.5309744859242206,
                    0.5381347518270067
                ],
                "8": [
                    1.3951246303321772,
                    1.4718352819401526,
                    1.4140620210334782
                ],
                "12": [
                    2.361775007144772
                ],
                "24": [
                    2.3063005015209863
                ]
            }
        }
    }
}