{
    "1": {
        "18": {
            "original": 0.2186988872185075,
            "twirled": {
                "1": [
                    0.24786655395792265
                ],
                "2": [
                    0.4944938121488618,
                    0.7061311911841123,
                    0.5899806354833037,
                    0.2907202969044971,
                    0.29198630415785487,
                    0.38276517646348285,
                    0.31013146388515495,
                    0.34075445472763594,
                    0.3240503023983395
                ],
                "3": [
                    1.026913259352615,
                    1.052985919015207,
                    0.9919145329639252,
                    1.0691514748159023
                ],
                "4": [
                    2.8107670804476523,
                    0.6170771320543599,
                    0.6246798237610953,
                    0.7732052905469189,
                    3.3375007817203537,
                    3.9877995869426313,
                    3.078140198434139
                ],
                "6": [
                    0.9815027134322964,
                    0.9891516855198664,
                    1.0574376657423739,
                    1.0054130844624283
                ],
                "8": [
                    3.2588437727012054,
                    3.34125865561765,
                    4.00182809695836
                ],
                "12": [
                    4.4935507435646125
                ],
                "24": [
                    4.586448710019744
                ]
            }
        }
    }
}