{
    "2": {
        "6": {
            "original": 0.002930968074489961,
            "twirled": {
                "1": [
                    0.0061841424578769925
                ],
                "2": [
                    0.17704160289898038,
                    0.1537132984980573,
                    0.16586445743915912,
                    0.06291060623646447,
                    0.050728028376205006,
                    0.05827216581173368,
                    0.06640940422219607,
                    0.0582991469085125,
                    0.06117153366585386
                ],
                "3": [
                    0.35255428779065595,
                    0.3985897777287962,
                    0.3803018366995792,
                    0.3617833100990621
                ],
                "4": [
                    0.5788798133761578,
                    0.24868007772888964,
                    0.2544038399292676,
                    0.24745586785665785,
                    0.8869809502799296,
                    0.9352021327151799,
                    0.8832775147370059
                ],
                "6": [
                    0.3984751754812684,
                    0.35845485326738596,
                    0.38633092698692456,
                    0.3923685710319155
                ],
                "8": [
                    0.9164867109984071,
                    0.8755757990891538,
                    0.8993514962753688
                ],
                "12": [
                    1.4533378962818562
                ],
                "24": [
                    1.3995217371055155
                ]
            }
        }
    }
}