{
    "5": {
        "10": {
            "original": 0.10981120672064647,
            "twirled": {
                "1": [
                    0.12713754896645763
                ],
                "2": [
                    0.37409492386524124,
                    0.8776323543032126,
                    0.3653468621219583,
                    0.0633054541090234,
                    0.059880226955829834,
                    0.2778230960212159,
                    0.05994915812416783,
                    0.2988325427264957,
                    0.06669266898787296
                ],
                "3": [
                    0.37434424082147866,
                    0.38006984626679835,
                    0.3860259736124684,
                    0.3678010314630449
                ],
                "4": [
                    2.428473245774346,
                    0.25359823707248524,
                    0.2672827944617533,
                    0.8914750097629663,
                    1.3576975554031403,
                    2.5864365559659954,
                    1.3026455041489997
                ],
                "6": [
                    0.3752562503862554,
                    0.42175207788026403,
                    0.4060353377798173,
                    0.3748083993591324
                ],
                "8": [
                    1.3161530794123646,
                    1.3047662217147762,
                    2.56883896204091
                ],
                "12": [
                    1.83698188688938
                ],
                "24": [
                    1.6269677700324703
                ]
            }
        }
    }
}