{
    "4": {
        "14": {
            "original": 0.0039718085942784176,
            "twirled": {
                "1": [
                    0.003054497439117453
                ],
                "2": [
                    0.1534200635494972,
                    0.1650832128286258,
                    0.16245301497138484,
                    0.049247991456042285,
                    0.058680149355849476,
                    0.04972434030773708,
                    0.060972420012948225,
                    0.05513266474130123,
                    0.07104398896597228
                ],
                "3": [
                    0.38491531908276033,
                    0.40407621067299676,
                    0.3921031215088159,
                    0.3953330195245814
                ],
                "4": [
                    0.5730527444946372,
                    0.25682854632540064,
                    0.2813720303237715,
                    0.25923177026023053,
                    0.9308252448754937,
                    0.9185210854385379,
                    0.8989117795112391
                ],
                "6": [
                    0.3835050387698932,
                    0.40430935704349763,
                    0.3932339466127071,
                    0.35870505254196833
                ],
                "8": [
                    0.9297705109414042,
                    0.9718566629439334,
                    0.8910412476080886
                ],
                "12": [
                    1.3816031414080112
                ],
                "24": [
                    1.4083521747279237
                ]
            }
        }
    }
}