{
    "3": {
        "19": {
            "original": 0.004437186509164422,
            "twirled": {
                "1": [
                    0.006627349897599
                ],
                "2": [
                    0.14821325005228417,
                    0.17755145940862996,
                    0.14960331902912544,
                    0.05404362223852662,
                    0.06512519403491521,
                    0.057020121011884604,
                    0.05588931817706441,
                    0.046198688639049953,
                    0.05813985846134655
                ],
                "3": [
                    0.3907318081252516,
                    0.37484321234123164,
                    0.39627181989091215,
                    0.38517866119408256
                ],
                "4": [
                    0.6188728945571557,
                    0.25130077105728493,
                    0.2556580606347882,
                    0.23705695339117588,
                    0.9505294668152952,
                    0.9718856230681171,
                    0.9073342767405439
                ],
                "6": [
                    0.37471780432225027,
                    0.41673918154424633,
                    0.3864898958153639,
                    0.39546172135005137
                ],
                "8": [
                    0.9055439605014842,
                    0.9183864611689306,
                    0.9358885668956517
                ],
                "12": [
                    1.4942087287176289
                ],
                "24": [
                    1.460650634549407
                ]
            }
        }
    }
}