{
    "5": {
        "17": {
            "original": 0.006607049493473232,
            "twirled": {
                "1": [
                    0.006157162994782921
                ],
                "2": [
                    0.17669567320929663,
                    0.15713510442198192,
                    0.17173707056412252,
                    0.06309411259480033,
                    0.04630018042888107,
                    0.05895108194378784,
                    0.07000372825882499,
                    0.05863089374326635,
                    0.05087894305996262
                ],
                "3": [
                    0.3933532388009627,
                    0.3996758975064694,
                    0.3927723297488851,
                    0.37235746680158227
                ],
                "4": [
                    0.6526756764436769,
                    0.24773580776623041,
                    0.24172388675256776,
                    0.27068265506892114,
                    0.9099264379169477,
                    0.9459600011922105,
                    0.8995755941843459
                ],
                "6": [
                    0.3846049270387592,
                    0.36950781581203795,
                    0.39320791515437475,
                    0.3983428893939855
                ],
                "8": [
                    0.8445442288766917,
                    0.9542137969774364,
                    0.9119994578573037
                ],
                "12": [
                    1.411686215353693
                ],
                "24": [
                    1.487408346399096
                ]
            }
        }
    }
}