{
    "4": {
        "8": {
            "original": 0.0071772093750081855,
            "twirled": {
                "1": [
                    0.005988662589169865
                ],
                "2": [
                    0.1434122546425279,
                    0.15359149133198602,
                    0.15410878145928797,
                    0.05936679114451689,
                    0.06376768175805063,
                    0.060454767618354464,
                    0.058021754260470106,
                    0.06553125227183211,
                    0.052439282703728184
                ],
                "3": [
                    0.38392059597316214,
                    0.3872973619585053,
                    0.38267554013113797,
                    0.3802336208573864
                ],
                "4": [
                    0.6176223023221242,
                    0.22066705518560562,
                    0.2786799966725231,
                    0.25300528041430786,
                    0.897569682717029,
                    0.9625028035346899,
                    0.862041456375062
                ],
                "6": [
                    0.3762389913688273,
                    0.3623558844544716,
                    0.3802564671178697,
                    0.40763511063949087
                ],
                "8": [
                    0.9271759728696264,
                    0.9040721940433106,
                    0.9544448427007739
                ],
                "12": [
                    1.4498484018477305
                ],
                "24": [
                    1.44293056620407
                ]
            }
        }
    }
}