{
    "3": {
        "17": {
            "original": 0.017524482442258148,
            "twirled": {
                "1": [
                    0.01593402518900757
                ],
                "2": [
                    0.1596031308309928,
                    0.16613242615563611,
                    0.1764772686153493,
                    0.05481523153532265,
                    0.062043090772659314,
                    0.05335677141808706,
                    0.05372272662361582,
                    0.06218820184051749,
                    0.06706030978781193
                ],
                "3": [
                    0.40488028941011384,
                    0.40025096628291834,
                    0.4228798207480301,
                    0.3741429766270639
                ],
                "4": [
                    0.7212428676559056,
                    0.27274551153130094,
                    0.26508747211683786,
                    0.29364700345643147,
                    1.006074426050931,
                    1.0109546590913285,
                    0.9511634023517627
                ],
                "6": [
                    0.4088274173070107,
                    0.419885228173973,
                    0.39985300988610134,
                    0.3742602125515681
                ],
                "8": [
                    1.0151466320212998,
                    0.9916556595262275,
                    1.0341190110588743
                ],
                "12": [
                    1.496046319188082
                ],
                "24": [
                    1.5108812213861826
                ]
            }
        }
    }
}