{
    "3": {
        "14": {
            "original": 0.0033241555620697355,
            "twirled": {
                "1": [
                    0.005193957489951945
                ],
                "2": [
                    0.17006037117661862,
                    0.15535304232492142,
                    0.1652362310070178,
                    0.05151160893677856,
                    0.06443921796976518,
                    0.05714698312715065,
                    0.056047858339309344,
                    0.06172719377885692,
                    0.054259120417633956
                ],
                "3": [
                    0.04442219756151147,
                    0.042482808260871606,
                    0.039001145946882705,
                    0.05546424679623429
                ],
                "4": [
                    0.5978632957649649,
                    0.25273682601516073,
                    0.23740775440474537,
                    0.27465987825573457,
                    0.48228918528360465,
                    0.2464790236553925,
                    0.4429963106924782
                ],
                "6": [
                    0.2850411582949833,
                    0.2562295986656288,
                    0.24321468345771372,
                    0.2522709364406491
                ],
                "8": [
                    0.830013464705016,
                    0.8513265789620553,
                    0.7658207070833615
                ],
                "12": [
                    1.1117944660873236
                ],
                "24": [
                    1.1627422794312028
                ]
            }
        }
    }
}