{
    "4": {
        "3": {
            "original": 0.018757269934845628,
            "twirled": {
                "1": [
                    0.023223889723211474
                ],
                "2": [
                    0.16094240843085914,
                    0.1657022226843082,
                    0.1845433144017402,
                    0.07093510323292312,
                    0.06368511293728832,
                    0.06477878798945294,
                    0.07157371170234031,
                    0.06756210492565484,
                    0.06252009737348788
                ],
                "3": [
                    0.37830739906514316,
                    0.38087217167615156,
                    0.3913338312976162,
                    0.3731453320340529
                ],
                "4": [
                    0.5671558015969856,
                    0.23442119827331814,
                    0.2738350425112036,
                    0.25390046346291656,
                    0.9135323508142871,
                    0.911323192229061,
                    0.9177589834808093
                ],
                "6": [
                    0.3829568035391137,
                    0.4164243445316744,
                    0.39229656834672233,
                    0.3835571160873938
                ],
                "8": [
                    0.9482780874795981,
                    0.9733196128127596,
                    0.9189557994101097
                ],
                "12": [
                    1.4249970691972194
                ],
                "24": [
                    1.4612494647130032
                ]
            }
        }
    }
}