{
    "2": {
        "13": {
            "original": 0.007049444176754979,
            "twirled": {
                "1": [
                    0.0075347413340946115
                ],
                "2": [
                    0.17729662029148094,
                    0.16334095956140288,
                    0.17016316666730047,
                    0.061620705244417054,
                    0.06296248792504006,
                    0.06643037829818016,
                    0.055479755590656356,
                    0.07174396724282256,
                    0.05899935502390375
                ],
                "3": [
                    0.42833709123939706,
                    0.4134841976854721,
                    0.39775021695085605,
                    0.38710478504540086
                ],
                "4": [
                    0.906683979732887,
                    0.23340206668258584,
                    0.25650252467439744,
                    0.26547542019983994,
                    1.207740460167566,
                    1.2225179571045197,
                    1.2208478718234976
                ],
                "6": [
                    0.409056411858341,
                    0.42530903214605936,
                    0.38719434969725636,
                    0.4147046821954541
                ],
                "8": [
                    1.1767987492651297,
                    1.1948924267845682,
                    1.2342659858402656
                ],
                "12": [
                    1.7509220412492312
                ],
                "24": [
                    1.7188502502801097
                ]
            }
        }
    }
}