{
    "3": {
        "7": {
            "original": 0.017736836096854145,
            "twirled": {
                "1": [
                    0.020840832045192152
                ],
                "2": [
                    0.1571166834725015,
                    0.15791514274722418,
                    0.2127294619417891,
                    0.058332300367310665,
                    0.06260894474848687,
                    0.05731716903185688,
                    0.06892658868238975,
                    0.06011378803202208,
                    0.061008892516162094
                ],
                "3": [
                    0.3713293455409254,
                    0.37457657117136844,
                    0.38108267946956675,
                    0.38637125363557073
                ],
                "4": [
                    0.6403155059956123,
                    0.2588883328274347,
                    0.23020447207375455,
                    0.2537867749436677,
                    0.9305332951789732,
                    0.9905163218322753,
                    0.9201865415476619
                ],
                "6": [
                    0.37372307979495833,
                    0.39847908917550096,
                    0.39462086724332474,
                    0.38554183830366906
                ],
                "8": [
                    0.9036371347788789,
                    0.9159827075769699,
                    0.9262791940138823
                ],
                "12": [
                    1.4369345293797235
                ],
                "24": [
                    1.4862720404477041
                ]
            }
        }
    }
}