{
    "4": {
        "5": {
            "original": 0.0036518244547152027,
            "twirled": {
                "1": [
                    0.0031311790929978386
                ],
                "2": [
                    0.17840429224563326,
                    0.14247303723769672,
                    0.1610488358478909,
                    0.058545559298052864,
                    0.05755383025535088,
                    0.05829346052415681,
                    0.061124439576722804,
                    0.054659549408683415,
                    0.06595700389077869
                ],
                "3": [
                    0.3589733081561506,
                    0.37660682667298967,
                    0.37181760521147594,
                    0.39542324266219586
                ],
                "4": [
                    0.5979817660860396,
                    0.26168986448901277,
                    0.2655264853786327,
                    0.2538533149159183,
                    0.9424082356487388,
                    0.9256570319936036,
                    0.9305222098338465
                ],
                "6": [
                    0.37968697960819886,
                    0.39820307732524424,
                    0.3795447936367296,
                    0.4102346952284525
                ],
                "8": [
                    0.8764185669098824,
                    0.9252490058971298,
                    0.8903326540851745
                ],
                "12": [
                    1.459808969732208
                ],
                "24": [
                    1.4902792874644737
                ]
            }
        }
    }
}