{
    "1": {
        "3": {
            "original": 0.27114063980920683,
            "twirled": {
                "1": [
                    0.2654596816499713
                ],
                "2": [
                    0.5792100699033097,
                    0.7429873746023745,
                    0.7544695154295217,
                    0.3291479875795001,
                    0.3271265771995834,
                    0.38089042339264806,
                    0.33953148025944696,
                    0.3827003831228542,
                    0.3863200603697821
                ],
                "3": [
                    1.1081079059079673,
                    1.093992261067128,
                    1.0653974163560913,
                    1.1307710977997025
                ],
                "4": [
                    3.283430937417165,
                    0.6168200505385258,
                    0.7921617913544844,
                    0.7968578265959693,
                    3.463768811253449,
                    4.34069352735391,
                    3.7679570133622944
                ],
                "6": [
                    1.0661339816347661,
                    1.154106569910833,
                    1.0697500142345104,
                    1.1489944495370414
                ],
                "8": [
                    3.551235476677709,
                    3.6619691882549485,
                    4.395475325618656
                ],
                "12": [
                    4.77975522286801
                ],
                "24": [
                    4.746788411701126
                ]
            }
        }
    }
}