{
    "2": {
        "4": {
            "original": 0.029873074579035954,
            "twirled": {
                "1": [
                    0.03325943923969081
                ],
                "2": [
                    0.1920993576097142,
                    0.19366282864799406,
                    0.17406074676806985,
                    0.07875517189086226,
                    0.07701776598388141,
                    0.07153876936729334,
                    0.06565501347113774,
                    0.06842680373626818,
                    0.06605643397229138
                ],
                "3": [
                    0.2593550571265468,
                    0.24145792613085063,
                    0.3301471277011074,
                    0.36712829445347345
                ],
                "4": [
                    0.9452812107608854,
                    0.30530538257236917,
                    0.31405274419668855,
                    0.30326903521586346,
                    1.0303623672686788,
                    1.0479911726896334,
                    1.1421867027746475
                ],
                "6": [
                    0.3613597233789044,
                    0.4387155536846698,
                    0.41740271249230076,
                    0.44248707668890325
                ],
                "8": [
                    1.262169125801419,
                    1.413162531546324,
                    1.3284069328600943
                ],
                "12": [
                    1.7417132231527608
                ],
                "24": [
                    1.7300230506536622
                ]
            }
        }
    }
}