{
    "3": {
        "2": {
            "original": 0.0040175407496451055,
            "twirled": {
                "1": [
                    0.20429693422415313
                ],
                "2": [
                    0.004502386231186692,
                    0.26146068479810686,
                    0.004512607847032329,
                    0.048777061968000655,
                    0.0062870259678199855,
                    0.0711056908170216,
                    0.043418466380775636,
                    0.045760933877522926,
                    0.05878793237339811
                ],
                "3": [
                    0.026362654160200116,
                    0.013031131220327516,
                    0.021814860797771382,
                    0.016260117050926542
                ],
                "4": [
                    0.1752339584935027,
                    0.003919510566144312,
                    0.05592632094803627,
                    0.2283463805949234,
                    0.14788106363324266,
                    0.3520687519083901,
                    0.14646042621306365
                ],
                "6": [
                    0.06107589529072345,
                    0.11226389342238449,
                    0.04051251182189953,
                    0.129753213353562
                ],
                "8": [
                    0.25476650006944035,
                    0.4142737424609512,
                    0.36370900037826487
                ],
                "12": [
                    0.5501257249518916
                ],
                "24": [
                    0.5485713154811914
                ]
            }
        }
    }
}