{
    "3": {
        "15": {
            "original": 0.1281713629798748,
            "twirled": {
                "1": [
                    0.11697354307873098
                ],
                "2": [
                    0.1584796397220925,
                    0.15696588935526634,
                    0.15052137640850108,
                    0.05265254920230013,
                    0.053915987695892675,
                    0.05649290812993922,
                    0.047056697941371156,
                    0.07058259010121237,
                    0.05030628978342428
                ],
                "3": [
                    0.36723965331386643,
                    0.3861893339021513,
                    0.3836918801366484,
                    0.3907555865711923
                ],
                "4": [
                    0.7653159575452788,
                    0.24501391653522142,
                    0.267625023945518,
                    0.2636726030834276,
                    0.9335057441906623,
                    0.9206772849836894,
                    1.0075368150142976
                ],
                "6": [
                    0.41597679972314794,
                    0.37734785667282306,
                    0.3714136808814494,
                    0.4094531209154199
                ],
                "8": [
                    0.9838813553419389,
                    1.0063203058593593,
                    0.914933845148231
                ],
                "12": [
                    1.4289900476541344
                ],
                "24": [
                    1.540860352904534
                ]
            }
        }
    }
}