{
    "4": {
        "7": {
            "original": 0.01082186699956307,
            "twirled": {
                "1": [
                    0.011146150333608119
                ],
                "2": [
                    0.17419128983168905,
                    0.15217103080074365,
                    0.15137694569006988,
                    0.06368284805643118,
                    0.06417771981931143,
                    0.05521591902766773,
                    0.06824522556406327,
                    0.06477433088086695,
                    0.06007069093160961
                ],
                "3": [
                    0.3691036002855671,
                    0.3610033255634653,
                    0.3630049401325022,
                    0.3994796402724295
                ],
                "4": [
                    0.609576299121877,
                    0.2623758531682807,
                    0.2885038423587506,
                    0.24484867837715554,
                    0.8842844420315018,
                    0.8913704670461019,
                    0.9032860683220196
                ],
                "6": [
                    0.381088887074686,
                    0.3952698919174778,
                    0.39891925171384135,
                    0.37734651497956095
                ],
                "8": [
                    0.9306212817850776,
                    0.9050879263564832,
                    0.8855672944998318
                ],
                "12": [
                    1.3917963511475833
                ],
                "24": [
                    1.381698533160466
                ]
            }
        }
    }
}