{
    "4": {
        "5": {
            "original": 0.0038190342619422663,
            "twirled": {
                "1": [
                    0.004022900901400817
                ],
                "2": [
                    0.17397958083245282,
                    0.16511769604308987,
                    0.15316162765125066,
                    0.06633499634481407,
                    0.05674439064968069,
                    0.05037221391729667,
                    0.05515868381374796,
                    0.06735077869212791,
                    0.057370739282207914
                ],
                "3": [
                    0.39881534404699365,
                    0.3527663265160998,
                    0.3776475311032939,
                    0.417958998656723
                ],
                "4": [
                    0.5788169822361411,
                    0.2343404999465153,
                    0.2609900252632207,
                    0.2642839435185794,
                    0.9135260535014609,
                    0.9600946005880736,
                    0.929574006233081
                ],
                "6": [
                    0.3844343130736832,
                    0.3689305854528095,
                    0.3664873396702026,
                    0.41957648321756064
                ],
                "8": [
                    0.9347187141245008,
                    0.9407709074916512,
                    0.9268006535073684
                ],
                "12": [
                    1.4633934913394353
                ],
                "24": [
                    1.4568939206472704
                ]
            }
        }
    }
}