{
    "1": {
        "16": {
            "original": 0.2287911598581731,
            "twirled": {
                "1": [
                    0.2654302389678294
                ],
                "2": [
                    0.5844044611796416,
                    0.7884437548276813,
                    0.6859489300542262,
                    0.30019695607957264,
                    0.35240557923536625,
                    0.3417902496542891,
                    0.3340679336631938,
                    0.3837862820299956,
                    0.40499389037550254
                ],
                "3": [
                    0.9829937310760927,
                    1.0556841854444055,
                    1.1994555529942825,
                    1.1522969544502906
                ],
                "4": [
                    3.2511693538371054,
                    0.588378457165525,
                    0.6697134188250714,
                    0.8022232984417493,
                    3.5248086844243636,
                    4.482788729709982,
                    3.8141702017773813
                ],
                "6": [
                    1.09759120521678,
                    1.21991943035395,
                    1.0476962704180954,
                    1.1306724029667308
                ],
                "8": [
                    3.3523542829122306,
                    3.6133579484808727,
                    4.38723554295213
                ],
                "12": [
                    4.642779884877265
                ],
                "24": [
                    4.614814687136415
                ]
            }
        }
    }
}