{
    "1": {
        "12": {
            "original": 0.16299310354926333,
            "twirled": {
                "1": [
                    0.2579229037192277
                ],
                "2": [
                    0.960797207501479,
                    0.8599182022352934,
                    0.9313187890826784,
                    0.46143901052524583,
                    0.2621462840881138,
                    0.15063815145547046,
                    0.4440694824796316,
                    0.15535856455691432,
                    0.15776417195347828
                ],
                "3": [
                    0.4981823679691156,
                    0.46413898877958487,
                    0.4293586174038467,
                    0.4862666218195643
                ],
                "4": [
                    4.787628606959372,
                    0.897235935901544,
                    0.49733799175251847,
                    0.3179351488258263,
                    5.133426722825862,
                    1.4042946319179808,
                    1.4071959791531743
                ],
                "6": [
                    0.48164949561569753,
                    0.4431905350379654,
                    0.49934509202742344,
                    0.4113164092439766
                ],
                "8": [
                    4.874332134492037,
                    1.472206825666569,
                    1.4267260395990342
                ],
                "12": [
                    1.663923882721098
                ],
                "24": [
                    1.7258282885403442
                ]
            }
        }
    }
}