{
    "3": {
        "4": {
            "original": 0.015374157909539278,
            "twirled": {
                "1": [
                    0.014138137139387401
                ],
                "2": [
                    0.16094579430423167,
                    0.15616341112842766,
                    0.16616517730372526,
                    0.07225003940506763,
                    0.07284567408173266,
                    0.06033968408157264,
                    0.05591899236110109,
                    0.05568013178562731,
                    0.05750004679528351
                ],
                "3": [
                    0.12843522944748903,
                    0.12651949124955986,
                    0.21508596472723496,
                    0.24295773797877526
                ],
                "4": [
                    0.7036446262757678,
                    0.25911328154391305,
                    0.28319616014183824,
                    0.2586722536732497,
                    0.7919689633560231,
                    0.6538276226318553,
                    0.7673358237844295
                ],
                "6": [
                    0.3126009241231286,
                    0.36607352311042396,
                    0.31791036836487263,
                    0.3605850321588558
                ],
                "8": [
                    0.9746107329531414,
                    1.03629509404002,
                    0.9488305997920522
                ],
                "12": [
                    1.344892242237687
                ],
                "24": [
                    1.4040722992725456
                ]
            }
        }
    }
}