{
    "2": {
        "1": {
            "original": 0.20203782488499833,
            "twirled": {
                "1": [
                    0.24040714623841936
                ],
                "2": [
                    0.8751321265395778,
                    0.842274971683888,
                    0.9012075834002314,
                    0.4045317912781902,
                    0.393656092510464,
                    0.40405238195525717,
                    0.411682269089577,
                    0.3908945043516811,
                    0.40618402801625986
                ],
                "3": [
                    1.175009082806609,
                    1.1546109337583115,
                    1.0543765782306371,
                    1.0609351406622256
                ],
                "4": [
                    4.003031864170227,
                    0.7665096124156879,
                    0.9454200544380206,
                    0.8176613606216069,
                    4.278763968001755,
                    4.028991097694305,
                    4.077953865424657
                ],
                "6": [
                    1.2951345512958796,
                    1.0621261040116363,
                    1.0678342671961938,
                    1.1182607825489908
                ],
                "8": [
                    4.296262252241501,
                    4.127622852260048,
                    4.225818573733611
                ],
                "12": [
                    3.984295564809022
                ],
                "24": [
                    4.151111054961335
                ]
            }
        }
    }
}