{
    "1": {
        "6": {
            "original": 0.004856991552367354,
            "twirled": {
                "1": [
                    0.003990572460146232
                ],
                "2": [
                    0.15981904658782792,
                    0.165330312929943,
                    0.15775907300556183,
                    0.056339798556344495,
                    0.05780602058687412,
                    0.05823308901121789,
                    0.05817250667818416,
                    0.06016160430804503,
                    0.05429516894205047
                ],
                "3": [
                    0.38445145436571465,
                    0.40804853609422337,
                    0.3959394673806606,
                    0.3767211114525313
                ],
                "4": [
                    0.7461741363685349,
                    0.2517158913256043,
                    0.24369540835784465,
                    0.2549056255876539,
                    0.9734151809917866,
                    1.0058908852301496,
                    1.0056780921914874
                ],
                "6": [
                    0.3787495827602309,
                    0.4148348950950254,
                    0.4449843816195112,
                    0.3793446657216983
                ],
                "8": [
                    0.9671536662443814,
                    0.9728402802769178,
                    0.9974717496431023
                ],
                "12": [
                    1.4979315211564592
                ],
                "24": [
                    1.5401072182262627
                ]
            }
        }
    }
}