{
    "3": {
        "3": {
            "original": 0.04186515979820692,
            "twirled": {
                "1": [
                    0.041203737849117426
                ],
                "2": [
                    0.17764807163221216,
                    0.18527904885655044,
                    0.2090443961352329,
                    0.09655207298801692,
                    0.058877142393142234,
                    0.07876100379901674,
                    0.07422612022872,
                    0.07573478107673784,
                    0.06815079661960144
                ],
                "3": [
                    0.41050475209367693,
                    0.40475466707441937,
                    0.3890436110823314,
                    0.4294107311270627
                ],
                "4": [
                    0.6290841372323064,
                    0.2671100279932391,
                    0.24088348333954346,
                    0.26314373750009534,
                    0.9518636993932112,
                    0.8659307994486313,
                    1.0146384767988625
                ],
                "6": [
                    0.4083030179426671,
                    0.3994607623425141,
                    0.4044877140596857,
                    0.42670526016981175
                ],
                "8": [
                    0.9745626691189301,
                    0.9932061603649558,
                    0.9186236663941082
                ],
                "12": [
                    1.393242934794312
                ],
                "24": [
                    1.3308851789755134
                ]
            }
        }
    }
}