{
    "2": {
        "4": {
            "original": 0.03884800126412892,
            "twirled": {
                "1": [
                    0.03316164838040796
                ],
                "2": [
                    0.19062697516361746,
                    0.17583715187013915,
                    0.21298496219305516,
                    0.08181695579085238,
                    0.07634899663468882,
                    0.06912632728354538,
                    0.07289143854648304,
                    0.065416583944097,
                    0.05975628565063281
                ],
                "3": [
                    0.472924999834512,
                    0.40412912645892274,
                    0.4682265732875356,
                    0.433600122277595
                ],
                "4": [
                    0.9824170546401114,
                    0.2797851151830452,
                    0.2820106515530571,
                    0.322285109319921,
                    1.1772365044257784,
                    1.2681377518685526,
                    1.356755568972762
                ],
                "6": [
                    0.44813996201985273,
                    0.4201937169266629,
                    0.43871018863315925,
                    0.4136394734696864
                ],
                "8": [
                    1.1897268665951524,
                    1.389618015706596,
                    1.2321490837749451
                ],
                "12": [
                    1.862077052650362
                ],
                "24": [
                    1.8471108637822535
                ]
            }
        }
    }
}