{
    "2": {
        "16": {
            "original": 0.07579636474770905,
            "twirled": {
                "1": [
                    0.08389312343362408
                ],
                "2": [
                    0.2292026167785728,
                    0.2555072363528597,
                    0.2577123702804471,
                    0.11912135308342897,
                    0.09624070591396292,
                    0.10567763984945186,
                    0.10689953953360866,
                    0.1060425590670559,
                    0.14546338834010966
                ],
                "3": [
                    0.4071849648624848,
                    0.418235940631085,
                    0.4301424262770969,
                    0.4405864034549687
                ],
                "4": [
                    0.869123589368595,
                    0.3007439696230646,
                    0.31492697398568986,
                    0.31776128702733614,
                    1.1702196514764596,
                    1.1103287765439098,
                    1.198971618329157
                ],
                "6": [
                    0.43595991189254907,
                    0.4456728458306451,
                    0.40602960326463133,
                    0.44629706974930666
                ],
                "8": [
                    1.0661624041199005,
                    1.2045884823940036,
                    1.092293460720816
                ],
                "12": [
                    1.652021481710996
                ],
                "24": [
                    1.6079941947569159
                ]
            }
        }
    }
}