{
    "1": {
        "14": {
            "original": 0.020560814207286615,
            "twirled": {
                "1": [
                    0.0268929556811353
                ],
                "2": [
                    0.1787736795222803,
                    0.17860416400310836,
                    0.1876822881981397,
                    0.0651894151536482,
                    0.06472051139461238,
                    0.053867815501338005,
                    0.07587311238535599,
                    0.06968093940959784,
                    0.06580589432903541
                ],
                "3": [
                    0.260950163321216,
                    0.24431592377411152,
                    0.27676888843513625,
                    0.25522931107039604
                ],
                "4": [
                    1.0623483609116087,
                    0.26791380962292216,
                    0.257383162624835,
                    0.3137368404096608,
                    1.058135832618228,
                    1.55917506954785,
                    1.035157640300671
                ],
                "6": [
                    0.39852107608551524,
                    0.4006628198050519,
                    0.4291703480961279,
                    0.3553529370816812
                ],
                "8": [
                    1.2679440065951582,
                    1.2793762923609524,
                    1.843854552460567
                ],
                "12": [
                    2.0294929205957244
                ],
                "24": [
                    2.0747576733029436
                ]
            }
        }
    }
}