{
    "4": {
        "7": {
            "original": 0.010183641976485263,
            "twirled": {
                "1": [
                    0.0064671038066309175
                ],
                "2": [
                    0.15909252674882926,
                    0.14199005493145092,
                    0.17946402475964007,
                    0.05849878124813902,
                    0.06147317638869956,
                    0.05766924264516158,
                    0.062330933103337684,
                    0.06207557646522552,
                    0.06270804272960927
                ],
                "3": [
                    0.3793054349736505,
                    0.39725392272562604,
                    0.3827803487239907,
                    0.344243791740858
                ],
                "4": [
                    0.6038655177973774,
                    0.272638024850169,
                    0.2456213858135034,
                    0.27746468069517477,
                    0.9300376062484664,
                    0.9014438363193525,
                    0.9031439457112268
                ],
                "6": [
                    0.40596789310497133,
                    0.3685645264181886,
                    0.37408704239057716,
                    0.38157546612225945
                ],
                "8": [
                    0.9064945840168012,
                    0.9190254278402784,
                    0.9052486890804232
                ],
                "12": [
                    1.4983605697911966
                ],
                "24": [
                    1.4421001297768863
                ]
            }
        }
    }
}