{
    "2": {
        "9": {
            "original": 0.4296872380106558,
            "twirled": {
                "1": [
                    0.3265608379885154
                ],
                "2": [
                    0.8384341165384611,
                    0.8378429207004932,
                    1.7110423288412535,
                    0.21740562481582767,
                    0.1325789841185048,
                    0.24611060643199725,
                    0.24947158236044337,
                    0.28057482290621266,
                    0.1327778319808666
                ],
                "3": [
                    1.1091065083779497,
                    1.0810748570901962,
                    1.0017236012600295,
                    1.0954812838890282
                ],
                "4": [
                    5.847362333502075,
                    0.7472213620486445,
                    0.5413390546751085,
                    0.8869166911521246,
                    5.903135879295391,
                    5.479061571689316,
                    4.759093834228413
                ],
                "6": [
                    1.1012059891714077,
                    1.1650448053466431,
                    1.1586870858119895,
                    0.99900765176091
                ],
                "8": [
                    5.931281921690422,
                    5.029414010949464,
                    5.640289119433847
                ],
                "12": [
                    4.685631414012403
                ],
                "24": [
                    4.897471545976876
                ]
            }
        }
    }
}