{
    "5": {
        "18": {
            "original": 0.002867556231374023,
            "twirled": {
                "1": [
                    0.004346327548324088
                ],
                "2": [
                    0.1799287809327232,
                    0.16062756429287225,
                    0.1565452697741278,
                    0.06077592312141003,
                    0.061688979572933345,
                    0.05287646500650638,
                    0.058185683173311645,
                    0.05799182874342399,
                    0.06733262885505795
                ],
                "3": [
                    0.3619294444835458,
                    0.3911054675947509,
                    0.3585199669083715,
                    0.3719804649519139
                ],
                "4": [
                    0.6092511171125178,
                    0.25110219724783256,
                    0.24792699661123527,
                    0.23795303027861597,
                    0.9251246344720101,
                    0.8911258955538764,
                    0.9166913236315237
                ],
                "6": [
                    0.38111859583828367,
                    0.38768882740677385,
                    0.3924363662300093,
                    0.3875645776239612
                ],
                "8": [
                    0.9061322768979229,
                    0.9079271088015938,
                    0.8764302640113569
                ],
                "12": [
                    1.47215684378754
                ],
                "24": [
                    1.3368372840154183
                ]
            }
        }
    }
}