{
    "1": {
        "15": {
            "original": 0.19373093396232366,
            "twirled": {
                "1": [
                    0.6736939653265597
                ],
                "2": [
                    1.3821384882060965,
                    0.915644710889785,
                    0.29776153278296286,
                    0.25418152510205555,
                    0.20293514048313727,
                    0.2916754209073889,
                    0.20103592947661011,
                    0.333056287169139,
                    0.15987559675681537
                ],
                "3": [
                    0.3547421587311321,
                    0.35069796718033563,
                    0.3682936485932334,
                    0.2586284677818526
                ],
                "4": [
                    3.4449319901868862,
                    1.189750084982292,
                    0.261199667942784,
                    1.0904960382280198,
                    3.7872454545720853,
                    3.0432377651258378,
                    2.8129129247455276
                ],
                "6": [
                    0.3722998326735061,
                    0.4824905868924328,
                    0.4077950197823163,
                    0.5291280798986407
                ],
                "8": [
                    3.4175622874318563,
                    3.7382811372099956,
                    3.249529845485099
                ],
                "12": [
                    2.9801991115692044
                ],
                "24": [
                    3.2511039105903015
                ]
            }
        }
    }
}