{
    "3": {
        "3": {
            "original": 0.04862063209009664,
            "twirled": {
                "1": [
                    0.045380164933544624
                ],
                "2": [
                    0.1743969570117807,
                    0.18708059939591376,
                    0.19432424203631268,
                    0.07631420058804647,
                    0.06124892638204342,
                    0.06712969505204033,
                    0.07473338057715016,
                    0.06429897241575487,
                    0.06671576745757037
                ],
                "3": [
                    0.3938827302288866,
                    0.39969795747376174,
                    0.41216333190830695,
                    0.3688355326208426
                ],
                "4": [
                    0.6404200535371877,
                    0.2774221762245556,
                    0.2831414077319225,
                    0.2634567445778242,
                    0.9559476655402893,
                    0.9117656987372472,
                    1.013547379339318
                ],
                "6": [
                    0.4139856343211612,
                    0.44543169323908166,
                    0.4138312694218141,
                    0.4269989505036513
                ],
                "8": [
                    0.9545314813243272,
                    0.951488579853283,
                    0.9273095148085858
                ],
                "12": [
                    1.4789496794263208
                ],
                "24": [
                    1.4690417257137662
                ]
            }
        }
    }
}