{
    "2": {
        "15": {
            "original": 0.11790434599066432,
            "twirled": {
                "1": [
                    0.6388835748034808
                ],
                "2": [
                    0.039065776453863575,
                    0.6229521660459815,
                    0.0070474904275196655,
                    0.012938735785527821,
                    0.006445113980979317,
                    0.2993131676842396,
                    0.006274052441588937,
                    0.3081909406023164,
                    0.008352716639078878
                ],
                "3": [
                    0.007636232088347575,
                    0.007279109684230892,
                    0.006354845873598177,
                    0.006205780133626771
                ],
                "4": [
                    0.39090837872880285,
                    0.01448926488347649,
                    0.00431218156245468,
                    0.7480706943817175,
                    0.2892045094656272,
                    0.2761814195765268,
                    0.2642008720205306
                ],
                "6": [
                    0.03667199680246683,
                    0.049765875334175896,
                    0.05060323944465109,
                    0.045008646189067775
                ],
                "8": [
                    0.410225143565127,
                    0.4347565579636151,
                    0.3411095614187719
                ],
                "12": [
                    0.5789244799830541
                ],
                "24": [
                    0.6249980477990177
                ]
            }
        }
    }
}