{
    "1": {
        "9": {
            "original": 0.6650272461260047,
            "twirled": {
                "1": [
                    18.90247713444818
                ],
                "2": [
                    3.8580425898335315,
                    4.027510263300898,
                    5.149961647235034,
                    3.4662003243734696,
                    2.9338271434294145,
                    3.4645981093884397,
                    3.505598677753699,
                    3.5508808952221025,
                    3.1857116318428345
                ],
                "3": [
                    8.232841724176321,
                    8.528458990534912,
                    9.19570015847071,
                    8.78650468370419
                ],
                "4": [
                    14.029276739459439,
                    3.2602744991005803,
                    3.0854240875804546,
                    4.611699792562865,
                    14.154142453505118,
                    13.81889594214153,
                    13.684943270789503
                ],
                "6": [
                    8.409110631145088,
                    8.946253742442911,
                    8.375812649124759,
                    8.802453221409825
                ],
                "8": [
                    14.055805309973078,
                    14.182106032645063,
                    13.5269030240792
                ],
                "12": [
                    13.789103085560615
                ],
                "24": [
                    14.012946927531122
                ]
            }
        }
    }
}