{
    "5": {
        "5": {
            "original": 0.0035590484872016588,
            "twirled": {
                "1": [
                    0.0026657452379767084
                ],
                "2": [
                    0.14545399888913468,
                    0.1649219499451033,
                    0.16553198310929568,
                    0.06201894571662785,
                    0.05775814999040872,
                    0.05476656125812486,
                    0.06373986606315521,
                    0.05395050758464377,
                    0.07099907573872821
                ],
                "3": [
                    0.37462199413862257,
                    0.3859015022656822,
                    0.4045297648609506,
                    0.416736054583017
                ],
                "4": [
                    0.5983779023750951,
                    0.23638367491528844,
                    0.24811532546626794,
                    0.26161126103208016,
                    0.9419239859390843,
                    0.9358397195162115,
                    0.8878756951608967
                ],
                "6": [
                    0.39325809668079953,
                    0.3881327299659093,
                    0.38069848625985364,
                    0.370288430026341
                ],
                "8": [
                    0.917673043531781,
                    0.9277991503321527,
                    0.9785850847962706
                ],
                "12": [
                    1.4627666741456515
                ],
                "24": [
                    1.4619392197658898
                ]
            }
        }
    }
}