{
    "4": {
        "18": {
            "original": 0.005469170523171162,
            "twirled": {
                "1": [
                    0.004668284874595312
                ],
                "2": [
                    0.17838312486896354,
                    0.18008116938714902,
                    0.15525012259579757,
                    0.05863593431346026,
                    0.059080667498193545,
                    0.04894879417994184,
                    0.05758383973015713,
                    0.0566895197797638,
                    0.057013948506071235
                ],
                "3": [
                    0.42000543730262857,
                    0.3864710554813003,
                    0.37222788769981247,
                    0.37791989117117025
                ],
                "4": [
                    0.5999277473129544,
                    0.2523527540983272,
                    0.2504358028929487,
                    0.2622930979139307,
                    0.9258718724434153,
                    0.9119078311239338,
                    0.8915029793824462
                ],
                "6": [
                    0.4153380107529285,
                    0.3838383831453806,
                    0.34669969010423757,
                    0.4141323156512331
                ],
                "8": [
                    0.9101691666373335,
                    0.9404584404821582,
                    0.91241576371474
                ],
                "12": [
                    1.4377798349802076
                ],
                "24": [
                    1.460418087893237
                ]
            }
        }
    }
}