{
    "5": {
        "1": {
            "original": 0.1975871901597272,
            "twirled": {
                "1": [
                    0.19460741294761877
                ],
                "2": [
                    0.819833045329365,
                    0.9474695273660446,
                    0.8702053668806715,
                    0.4319727678605096,
                    0.4302262372894769,
                    0.387628824325795,
                    0.45139159122040745,
                    0.39780462224265795,
                    0.39641876029941797
                ],
                "3": [
                    0.9630670006587706,
                    1.0873350481783022,
                    1.0977945689464652,
                    1.075180088111478
                ],
                "4": [
                    3.424568728422729,
                    0.7940912935444314,
                    0.8266338379170339,
                    0.8369401633343595,
                    3.3069062362011055,
                    3.235371758693177,
                    3.325775922426103
                ],
                "6": [
                    1.0225811233172668,
                    0.9726858019951219,
                    1.0325403951108085,
                    1.0553012364046301
                ],
                "8": [
                    3.2359714714194037,
                    3.3322859297105927,
                    3.3764490951778723
                ],
                "12": [
                    3.390999044774709
                ],
                "24": [
                    3.116808092102049
                ]
            }
        }
    }
}