{
    "1": {
        "10": {
            "original": 0.2298704505575817,
            "twirled": {
                "1": [
                    0.6746645799842347
                ],
                "2": [
                    2.453911245917503,
                    2.3342394425421356,
                    2.2987243886028947,
                    0.48127261369048574,
                    0.4820929859665752,
                    1.1754994096349878,
                    0.4936294684525367,
                    1.1142120382786314,
                    0.5094674806555969
                ],
                "3": [
                    1.1428259340486058,
                    1.2145066476218338,
                    1.153912984068206,
                    1.0570018253468412
                ],
                "4": [
                    10.261294980118407,
                    1.3367087785765595,
                    1.2675002533105786,
                    2.3632315494145497,
                    5.250056316133183,
                    10.41635115157428,
                    5.1201922313817345
                ],
                "6": [
                    1.0704130113940842,
                    1.1007073794401427,
                    1.1369168592061576,
                    1.0480857917169755
                ],
                "8": [
                    5.069297816313008,
                    5.444543008732209,
                    10.122029008642313
                ],
                "12": [
                    5.051202391150097
                ],
                "24": [
                    5.146911094235645
                ]
            }
        }
    }
}