{
    "3": {
        "8": {
            "original": 0.010790631009726723,
            "twirled": {
                "1": [
                    0.013055647973361612
                ],
                "2": [
                    0.16304380478513156,
                    0.17291362360476328,
                    0.1706636994715671,
                    0.05708241839969156,
                    0.05320344211614604,
                    0.059948875649973955,
                    0.05918380943220429,
                    0.05109968850664106,
                    0.059832746777167364
                ],
                "3": [
                    0.13283235265387058,
                    0.1285086516548224,
                    0.20955147576903715,
                    0.20593527305036502
                ],
                "4": [
                    0.67516012495896,
                    0.23763272855979362,
                    0.2761637585301811,
                    0.24977095408827563,
                    0.8308655478471872,
                    0.5318288669836343,
                    0.6091880242597528
                ],
                "6": [
                    0.32002213730708823,
                    0.3517639322888367,
                    0.33133111774945095,
                    0.3596808738631453
                ],
                "8": [
                    0.9476645334827223,
                    0.8582416740804999,
                    0.9624197793017742
                ],
                "12": [
                    1.3402312415966522
                ],
                "24": [
                    1.3728758996510226
                ]
            }
        }
    }
}