{
    "3": {
        "9": {
            "original": 0.03003484796614229,
            "twirled": {
                "1": [
                    0.025483436904144948
                ],
                "2": [
                    0.17565292790943984,
                    0.18723422898181646,
                    0.3288408204126296,
                    0.05854287325252702,
                    0.07582252528904469,
                    0.06279024264499566,
                    0.05972995488957576,
                    0.060444007320139596,
                    0.09044231134177841
                ],
                "3": [
                    0.4076222534573018,
                    0.4353341171065658,
                    0.4246704766940625,
                    0.41492007610902065
                ],
                "4": [
                    1.238477191392567,
                    0.2710469920110948,
                    0.29424123868025415,
                    0.28274196615025377,
                    1.4791251867384463,
                    1.3107097947812856,
                    1.8569100133571768
                ],
                "6": [
                    0.4025485242658701,
                    0.3896039572407823,
                    0.41189815771671345,
                    0.4085622939979335
                ],
                "8": [
                    1.5232856896854468,
                    1.9125501059283845,
                    1.3620930848535961
                ],
                "12": [
                    1.8073674665390418
                ],
                "24": [
                    1.9714771237222308
                ]
            }
        }
    }
}