{
    "4": {
        "10": {
            "original": 0.13550242901154905,
            "twirled": {
                "1": [
                    0.7050057717272041
                ],
                "2": [
                    2.224865571867083,
                    2.231382540447881,
                    2.1402156818801474,
                    0.31451618105114953,
                    0.30705985308862666,
                    1.0657867891916881,
                    0.29736016620948796,
                    1.1163664989716304,
                    0.30895120737848303
                ],
                "3": [
                    0.39411797868487436,
                    0.39784526148856464,
                    0.378324327866131,
                    0.4313715544936263
                ],
                "4": [
                    7.941073180511079,
                    0.9200283821646354,
                    0.8923984470433483,
                    2.2294259203432554,
                    2.4563955739392385,
                    8.028841983381716,
                    2.477952880167162
                ],
                "6": [
                    0.40336330781799185,
                    0.3946326698746545,
                    0.43139127895090007,
                    0.3958082208138886
                ],
                "8": [
                    2.607414947303325,
                    2.4475889127536825,
                    7.80465505664421
                ],
                "12": [
                    1.7525888846364739
                ],
                "24": [
                    1.7668213107231485
                ]
            }
        }
    }
}