{
    "2": {
        "6": {
            "original": 0.0064652657476060105,
            "twirled": {
                "1": [
                    0.003909706509694214
                ],
                "2": [
                    0.16056241489372652,
                    0.18289044730830373,
                    0.16961638861416967,
                    0.057337616915792006,
                    0.05656503091449748,
                    0.05815773511864368,
                    0.05670203457709687,
                    0.0646517643901231,
                    0.06155090439946608
                ],
                "3": [
                    0.026631836918623534,
                    0.030292703559367494,
                    0.020410608760406488,
                    0.02618854916721784
                ],
                "4": [
                    0.6046705228614986,
                    0.2427901812002135,
                    0.2425350933326772,
                    0.24590930298968988,
                    0.32748760890450535,
                    0.31130054270462565,
                    0.35275854220159036
                ],
                "6": [
                    0.22046405545052275,
                    0.2170865037005219,
                    0.22576437572316066,
                    0.2044779358004703
                ],
                "8": [
                    0.7787504742352579,
                    0.8117740423026442,
                    0.7452403914219464
                ],
                "12": [
                    0.8923528996949001
                ],
                "24": [
                    1.008329433330594
                ]
            }
        }
    }
}