{
    "3": {
        "6": {
            "original": 0.004420390289894001,
            "twirled": {
                "1": [
                    0.003440905444180076
                ],
                "2": [
                    0.16503573993695206,
                    0.15069383354096727,
                    0.15480790042439002,
                    0.06268679518616244,
                    0.056486273191167564,
                    0.06194388026268026,
                    0.0583305360460649,
                    0.05871236997398741,
                    0.060992581260352174
                ],
                "3": [
                    0.3807658210317582,
                    0.39591629985412885,
                    0.39699242682944824,
                    0.3927325491045668
                ],
                "4": [
                    0.5576389670183945,
                    0.26197518499622513,
                    0.24083845025565595,
                    0.26775557768813507,
                    0.9248900967997052,
                    0.9283855250883891,
                    0.9131358976794295
                ],
                "6": [
                    0.382738341816314,
                    0.38677097786964815,
                    0.3767280331618414,
                    0.3745863631575458
                ],
                "8": [
                    0.9071417768732335,
                    0.9032861285161294,
                    0.9302972226393378
                ],
                "12": [
                    1.3929506482224134
                ],
                "24": [
                    1.494854877994503
                ]
            }
        }
    }
}