{
    "3": {
        "5": {
            "original": 0.005796948980035129,
            "twirled": {
                "1": [
                    0.0027620353868675674
                ],
                "2": [
                    0.16868806239483075,
                    0.17099235986856862,
                    0.16179125889854465,
                    0.054427535823030726,
                    0.06215449417968542,
                    0.06132056452957044,
                    0.058530611590985604,
                    0.05515830576334023,
                    0.05132401814900876
                ],
                "3": [
                    0.3870487722387232,
                    0.36600900520575047,
                    0.385403303198552,
                    0.37538286690348616
                ],
                "4": [
                    0.6095313468466889,
                    0.22054937801435004,
                    0.24223116808359604,
                    0.24716016498872595,
                    0.8998387461644723,
                    0.902949354013863,
                    0.9112576771708386
                ],
                "6": [
                    0.37771493732383626,
                    0.3779629281056814,
                    0.4136573949848852,
                    0.3832923272539978
                ],
                "8": [
                    0.8733250503927329,
                    0.9623538143656999,
                    0.936919504131881
                ],
                "12": [
                    1.572352562213956
                ],
                "24": [
                    1.5486159067013985
                ]
            }
        }
    }
}