{
    "2": {
        "12": {
            "original": 0.029437220605039494,
            "twirled": {
                "1": [
                    0.21302850447789584
                ],
                "2": [
                    0.5275476340120732,
                    0.4387572091071808,
                    0.9183640465311762,
                    0.143521274217309,
                    0.0897117362157153,
                    0.06499574341121839,
                    0.145679728321019,
                    0.069048755192829,
                    0.0745582014815163
                ],
                "3": [
                    0.41254671365163653,
                    0.38288842196194056,
                    0.3754739902027073,
                    0.3614919008996209
                ],
                "4": [
                    1.6226112149981409,
                    0.3975797337896222,
                    0.2641791214005836,
                    0.27410487538100686,
                    1.6842767243808552,
                    0.9079839012947706,
                    0.8661131528006939
                ],
                "6": [
                    0.34100182018170216,
                    0.37220164606485784,
                    0.3807026578449502,
                    0.37884825189312404
                ],
                "8": [
                    1.7290004269287087,
                    0.906131371286248,
                    0.9497691754489322
                ],
                "12": [
                    1.439429322889235
                ],
                "24": [
                    1.4469670720346532
                ]
            }
        }
    }
}