{
    "5": {
        "7": {
            "original": 0.007903286676432269,
            "twirled": {
                "1": [
                    0.006937411446499251
                ],
                "2": [
                    0.17999793860464103,
                    0.16044575360027763,
                    0.17526733068261607,
                    0.0524660343463082,
                    0.06376696064817952,
                    0.06213972418194934,
                    0.05174550195528287,
                    0.053978308994557245,
                    0.0557593555668608
                ],
                "3": [
                    0.36854155829904084,
                    0.3905483382847125,
                    0.3835886405125098,
                    0.40167893774089464
                ],
                "4": [
                    0.554857629278579,
                    0.2349781614185979,
                    0.25707661372915036,
                    0.24858103875107387,
                    0.895520368127405,
                    0.9301231579810326,
                    0.872141812801957
                ],
                "6": [
                    0.3857882345121939,
                    0.3944322222707924,
                    0.3813370997034017,
                    0.407394478265769
                ],
                "8": [
                    0.915303352073862,
                    0.9596406697999201,
                    0.8569028620528449
                ],
                "12": [
                    1.4453513726663205
                ],
                "24": [
                    1.4730746981073133
                ]
            }
        }
    }
}