{
    "4": {
        "2": {
            "original": 0.0040908833155870504,
            "twirled": {
                "1": [
                    0.003369017719113584
                ],
                "2": [
                    0.15264625168265022,
                    0.16955774058817952,
                    0.16216124470768778,
                    0.06452249724601522,
                    0.0539638585233483,
                    0.053937784372253134,
                    0.0627261096638519,
                    0.060644961369699345,
                    0.06534842315791245
                ],
                "3": [
                    0.38080348012986404,
                    0.387237638918374,
                    0.4086394277561544,
                    0.3781940538015934
                ],
                "4": [
                    0.9100695721417674,
                    0.2621847766379123,
                    0.26783809467202596,
                    0.263560814641614,
                    0.9156107881302513,
                    0.9052589204595619,
                    1.2728297113290847
                ],
                "6": [
                    0.3932509421146972,
                    0.4007925914495022,
                    0.3932682249404515,
                    0.3656635536836868
                ],
                "8": [
                    0.9276361217233675,
                    1.2328302185480744,
                    0.9681714677516722
                ],
                "12": [
                    1.5006300491838334
                ],
                "24": [
                    1.496633680593391
                ]
            }
        }
    }
}