{
    "4": {
        "8": {
            "original": 0.0051439893176021415,
            "twirled": {
                "1": [
                    0.010101724306063717
                ],
                "2": [
                    0.16103023063887784,
                    0.16652831898184495,
                    0.1853148640608873,
                    0.06057255655122989,
                    0.058970068457734,
                    0.05479299311058917,
                    0.04647176610794758,
                    0.05862556028815713,
                    0.05543128282229283
                ],
                "3": [
                    0.08711532507305861,
                    0.08774227684134973,
                    0.16282710696596855,
                    0.15171290496456177
                ],
                "4": [
                    0.617041044419614,
                    0.2556513344252828,
                    0.23185201807117398,
                    0.23869928351969477,
                    0.7599750950356642,
                    0.4370233413795584,
                    0.53658748965042
                ],
                "6": [
                    0.2982612720520014,
                    0.35992735975904594,
                    0.30688406218757647,
                    0.35839700548733194
                ],
                "8": [
                    0.8865254633251968,
                    0.8070688174065082,
                    0.8145584653192551
                ],
                "12": [
                    1.2718250470882717
                ],
                "24": [
                    1.2985783910506798
                ]
            }
        }
    }
}