{
    "3": {
        "11": {
            "original": 0.004325805624060148,
            "twirled": {
                "1": [
                    0.004865771123041189
                ],
                "2": [
                    0.1620999144258729,
                    0.15088871481340688,
                    0.15256246682204727,
                    0.049135251412311114,
                    0.05072653765346276,
                    0.055073173989527366,
                    0.051260690430335126,
                    0.04886772302285854,
                    0.05693477183742079
                ],
                "3": [
                    0.42087023063145396,
                    0.39680924009330043,
                    0.3938825204651677,
                    0.41536834903324293
                ],
                "4": [
                    0.7102797222069944,
                    0.24252308717357526,
                    0.2562649755561174,
                    0.2544721199269763,
                    0.9334256939997885,
                    1.0189243497359026,
                    0.9579638823347075
                ],
                "6": [
                    0.39472613961068,
                    0.403194408804616,
                    0.3835220392770641,
                    0.3921215630742997
                ],
                "8": [
                    0.9534322654046462,
                    0.9401935448356037,
                    1.0333590212975157
                ],
                "12": [
                    1.537221783279736
                ],
                "24": [
                    1.5435273489322938
                ]
            }
        }
    }
}