{
    "2": {
        "10": {
            "original": 0.15878696601631165,
            "twirled": {
                "1": [
                    0.16584535686712149
                ],
                "2": [
                    0.4471748162600981,
                    0.9394940808180108,
                    0.5020667619483276,
                    0.09806118289472465,
                    0.100336868350393,
                    0.35745451031355774,
                    0.10495470789026186,
                    0.32400565545314525,
                    0.09201735956468712
                ],
                "3": [
                    0.5525705274336271,
                    0.5260784470561325,
                    0.545398774623551,
                    0.5358138321802484
                ],
                "4": [
                    3.497798122993965,
                    0.34920936016353904,
                    0.38024855931449786,
                    0.9686020702764961,
                    2.3950677704600114,
                    3.3357060033934056,
                    2.5335682284238064
                ],
                "6": [
                    0.5316854904787929,
                    0.5161350330535184,
                    0.5402456721378942,
                    0.5899518000342358
                ],
                "8": [
                    2.5568940026211497,
                    2.5828903743913627,
                    3.674965846365079
                ],
                "12": [
                    2.711779084981239
                ],
                "24": [
                    2.6293266339395927
                ]
            }
        }
    }
}