{
    "1": {
        "4": {
            "original": 0.1527725268259877,
            "twirled": {
                "1": [
                    0.1218002596113784
                ],
                "2": [
                    0.4327879495307534,
                    0.4545463466563839,
                    0.4752205486831474,
                    0.2514547533650057,
                    0.21380062906208497,
                    0.2291053503003544,
                    0.17295087482077837,
                    0.20740722161732206,
                    0.15190174284236482
                ],
                "3": [
                    1.1418670779086486,
                    0.9915768241922672,
                    0.9997861135075344,
                    0.9811678382416046
                ],
                "4": [
                    3.4084355374331765,
                    0.49181838695650176,
                    0.561221493072648,
                    0.6790690015513139,
                    3.775800174734516,
                    4.440588117682587,
                    3.7587910656166343
                ],
                "6": [
                    1.134556794283344,
                    0.9552142539435295,
                    0.9662012044385578,
                    0.941063897629815
                ],
                "8": [
                    3.5125214988146745,
                    3.865552876766434,
                    4.33078732353789
                ],
                "12": [
                    4.925841733258392
                ],
                "24": [
                    4.872772490330308
                ]
            }
        }
    }
}