{
    "1": {
        "4": {
            "original": 0.13657082426488262,
            "twirled": {
                "1": [
                    0.13619975972701365
                ],
                "2": [
                    0.4499384218923417,
                    0.4408459373662947,
                    0.5090189996010864,
                    0.23361891801014348,
                    0.1882841704821542,
                    0.23432813742541583,
                    0.161410894387708,
                    0.184468823486794,
                    0.18369523174363656
                ],
                "3": [
                    1.0955220321791859,
                    0.9304091753273322,
                    0.8528992214895647,
                    0.9004821850420509
                ],
                "4": [
                    3.845935919612519,
                    0.47790404743838816,
                    0.5743046371515157,
                    0.6735902114996613,
                    3.6489906358417366,
                    4.396345154838809,
                    3.947257083776593
                ],
                "6": [
                    1.1184525789884137,
                    0.9588870978448492,
                    1.0834608565806525,
                    0.9837621739357786
                ],
                "8": [
                    3.7983644462242525,
                    4.05886373541726,
                    4.462187341118557
                ],
                "12": [
                    4.746352259873932
                ],
                "24": [
                    5.123463028868314
                ]
            }
        }
    }
}