{
    "3": {
        "8": {
            "original": 0.013215482191449973,
            "twirled": {
                "1": [
                    0.014232501496469466
                ],
                "2": [
                    0.1649265488547879,
                    0.16593044418248235,
                    0.16714204232973304,
                    0.05783327586190292,
                    0.06284634578762914,
                    0.05686880365593294,
                    0.05931128550889728,
                    0.0614645260651789,
                    0.06083386179875257
                ],
                "3": [
                    0.39865369736745915,
                    0.3725552011796538,
                    0.39933972241236376,
                    0.3943112283967542
                ],
                "4": [
                    0.640938484031396,
                    0.2579086715624383,
                    0.2590909904654674,
                    0.2662341428890818,
                    0.953038002823997,
                    0.9757223082152443,
                    0.894042151142869
                ],
                "6": [
                    0.40083540599137374,
                    0.40874069127263163,
                    0.3760867639008491,
                    0.40170513683973863
                ],
                "8": [
                    0.9268782501699901,
                    0.8771547036085887,
                    0.9863070715248832
                ],
                "12": [
                    1.5088796514939122
                ],
                "24": [
                    1.462902494926407
                ]
            }
        }
    }
}