{
    "1": {
        "11": {
            "original": 0.1602616261100484,
            "twirled": {
                "1": [
                    0.23414215863080137
                ],
                "2": [
                    0.15374459666181073,
                    0.9313531797644332,
                    0.6049941809351987,
                    0.2012314351169633,
                    0.1852934923096722,
                    0.14690472962567686,
                    0.20995529232981042,
                    0.08715123240661347,
                    0.12426814791522321
                ],
                "3": [
                    0.4297491835593929,
                    0.29339135166627306,
                    0.4842924410420267,
                    0.2925810927122664
                ],
                "4": [
                    2.0547559694631836,
                    0.17659909277710373,
                    0.34894365790840987,
                    0.33474689776041255,
                    2.090812126955925,
                    1.6457411546259089,
                    1.4326908436248715
                ],
                "6": [
                    0.48588885339547955,
                    0.35702939667913525,
                    0.4378446942158592,
                    0.5539089549297515
                ],
                "8": [
                    2.132287874924701,
                    1.8005193365620973,
                    1.7347068989052814
                ],
                "12": [
                    2.014089492000771
                ],
                "24": [
                    2.070150937922389
                ]
            }
        }
    }
}