{
    "5": {
        "14": {
            "original": 0.003539864887675422,
            "twirled": {
                "1": [
                    0.003146395863372532
                ],
                "2": [
                    0.14860895579239136,
                    0.14424101302877843,
                    0.15625359949460457,
                    0.05814830540815477,
                    0.05536694216658048,
                    0.06785300808313231,
                    0.06435103290771105,
                    0.056407096648130935,
                    0.06156560949694592
                ],
                "3": [
                    0.015648219381232665,
                    0.007826576269950192,
                    0.010052730161582485,
                    0.008346555438218444
                ],
                "4": [
                    0.599163690047617,
                    0.2516092842087085,
                    0.24980562814908983,
                    0.2437960612759109,
                    0.280095492647937,
                    0.09317787397823996,
                    0.2505072650320724
                ],
                "6": [
                    0.19411971044188292,
                    0.19650666318011306,
                    0.20292087377535556,
                    0.19889282564230243
                ],
                "8": [
                    0.7803226060401688,
                    0.7469875548151031,
                    0.6077408854950468
                ],
                "12": [
                    0.929210571623233
                ],
                "24": [
                    0.9845033832836344
                ]
            }
        }
    }
}