{
    "5": {
        "16": {
            "original": 0.013605671350929617,
            "twirled": {
                "1": [
                    0.009152550093479428
                ],
                "2": [
                    0.16323113609707646,
                    0.15943744607696347,
                    0.16361482087533563,
                    0.06404997827085934,
                    0.061663467898843694,
                    0.060679566949187955,
                    0.06849543583066611,
                    0.05495359195543566,
                    0.07241742770523593
                ],
                "3": [
                    0.38304115779295916,
                    0.3552093137144588,
                    0.37756793379544573,
                    0.3902453497210894
                ],
                "4": [
                    0.6080736534472317,
                    0.2409633589441308,
                    0.25955123048133455,
                    0.2544902019182887,
                    0.9309576088624169,
                    0.8468896964305475,
                    0.9615853717256305
                ],
                "6": [
                    0.36778355643537697,
                    0.405016640049555,
                    0.3649945327909498,
                    0.37321874967058594
                ],
                "8": [
                    0.8804823587097853,
                    0.9106893554764258,
                    0.8944163534248403
                ],
                "12": [
                    1.4971760959009437
                ],
                "24": [
                    1.4289816441705439
                ]
            }
        }
    }
}