{
    "2": {
        "7": {
            "original": 0.03880791669860655,
            "twirled": {
                "1": [
                    0.03900185940487095
                ],
                "2": [
                    0.20196869486287788,
                    0.2003961084720369,
                    0.2615497648255845,
                    0.06944452667980489,
                    0.060847287677139816,
                    0.06615056551548443,
                    0.07812775469813532,
                    0.06150480607788123,
                    0.08018070289980714
                ],
                "3": [
                    0.405282732029016,
                    0.3942007105515419,
                    0.38918390097901656,
                    0.40862199105676594
                ],
                "4": [
                    0.7240302031555644,
                    0.2853826383395662,
                    0.28092666439447905,
                    0.28973758780310627,
                    0.9251530695245228,
                    0.9641541505896677,
                    0.8991074623567394
                ],
                "6": [
                    0.4273980666498832,
                    0.40514363921355967,
                    0.43886218518394166,
                    0.377332766695039
                ],
                "8": [
                    0.9541716825492922,
                    0.9539078012004404,
                    1.027568869234803
                ],
                "12": [
                    1.4809115734161649
                ],
                "24": [
                    1.5674880602913401
                ]
            }
        }
    }
}