{
    "5": {
        "9": {
            "original": 0.004113229819069205,
            "twirled": {
                "1": [
                    0.0036739778526234945
                ],
                "2": [
                    0.1669332291779938,
                    0.15121866067318845,
                    0.16383784981666985,
                    0.06238531905353528,
                    0.06531415452360005,
                    0.05125530951800858,
                    0.05477217430648969,
                    0.05769360201670574,
                    0.057929193972779985
                ],
                "3": [
                    0.38985103912916214,
                    0.4090345143546808,
                    0.38462683661101815,
                    0.39894767810457565
                ],
                "4": [
                    0.6622200919679667,
                    0.244100893303706,
                    0.24515115642615193,
                    0.23382247982109183,
                    0.9240558586431238,
                    0.9426926900765883,
                    1.4530032425017638
                ],
                "6": [
                    0.371058333608723,
                    0.3559591958781467,
                    0.3845743241639657,
                    0.3613156192209097
                ],
                "8": [
                    0.9959990813575537,
                    1.5248163766981782,
                    0.9423537831106324
                ],
                "12": [
                    1.4919059174193106
                ],
                "24": [
                    1.4438557657921407
                ]
            }
        }
    }
}