{
    "3": {
        "14": {
            "original": 0.0033043530051377703,
            "twirled": {
                "1": [
                    0.004141702918562575
                ],
                "2": [
                    0.15933856557723441,
                    0.14650770022067344,
                    0.16613997521759605,
                    0.06481981604259304,
                    0.05084318797886644,
                    0.05404876906282635,
                    0.06236095201747922,
                    0.05502776657131268,
                    0.05229850740302512
                ],
                "3": [
                    0.37265657919080564,
                    0.3958977491229863,
                    0.3570577745543604,
                    0.3807040941682704
                ],
                "4": [
                    0.5715168535040474,
                    0.2693703082793916,
                    0.2534613194027569,
                    0.24616342548980194,
                    0.9442667250040505,
                    0.9456525197052489,
                    0.9403238264759631
                ],
                "6": [
                    0.3906770203209094,
                    0.4066166086920974,
                    0.3799207396321616,
                    0.3754192980826429
                ],
                "8": [
                    0.9112365674910384,
                    0.9155739196244349,
                    0.911265135419441
                ],
                "12": [
                    1.416639215424403
                ],
                "24": [
                    1.3920445689489478
                ]
            }
        }
    }
}