{
    "1": {
        "5": {
            "original": 0.053668231831426036,
            "twirled": {
                "1": [
                    0.05378123377153725
                ],
                "2": [
                    0.26740333365937136,
                    0.2728269697176478,
                    0.26227026048047325,
                    0.11956294468554413,
                    0.11832253836679262,
                    0.11637246287307593,
                    0.12562360315374566,
                    0.11646766834360062,
                    0.1262736133253965
                ],
                "3": [
                    0.49450127244155473,
                    0.5313201386317369,
                    0.5062976101734907,
                    0.5868327673365257
                ],
                "4": [
                    1.0390633077128597,
                    0.3424911356515094,
                    0.3379867487453901,
                    0.3238941023152793,
                    1.3823117014275057,
                    1.4207211861343796,
                    1.4189921985495726
                ],
                "6": [
                    0.549160985770876,
                    0.48510755189693927,
                    0.5227054543364159,
                    0.5060392177162777
                ],
                "8": [
                    1.4666077451677357,
                    1.4559106082876696,
                    1.5908688294796718
                ],
                "12": [
                    2.300040949211672
                ],
                "24": [
                    2.3888900997548688
                ]
            }
        }
    }
}