{
    "2": {
        "18": {
            "original": 0.057242727666233686,
            "twirled": {
                "1": [
                    0.04970502646543328
                ],
                "2": [
                    0.20953029351988106,
                    0.2057862017904874,
                    0.2186527695132849,
                    0.07847688323496341,
                    0.09175723110248846,
                    0.10652839924201918,
                    0.08602880542840029,
                    0.08246174453375349,
                    0.07784698497230151
                ],
                "3": [
                    0.4040914373577025,
                    0.3807233286121275,
                    0.3970857814744963,
                    0.3647252469516221
                ],
                "4": [
                    0.8106558760959793,
                    0.2859887572909899,
                    0.28074030026085767,
                    0.2969673110417398,
                    1.030238577117314,
                    1.0970570682377205,
                    1.090208565174762
                ],
                "6": [
                    0.4080765263424308,
                    0.412482523624937,
                    0.41594437629272135,
                    0.41928797145105834
                ],
                "8": [
                    1.0542655828560188,
                    1.0620662305213473,
                    1.0146513356548699
                ],
                "12": [
                    1.6301288603811819
                ],
                "24": [
                    1.5501604465128578
                ]
            }
        }
    }
}