{
    "2": {
        "11": {
            "original": 0.008690759412350516,
            "twirled": {
                "1": [
                    0.013040606910556234
                ],
                "2": [
                    0.18891103871674686,
                    0.19060335309411286,
                    0.21705224911525633,
                    0.06730387888569145,
                    0.06377285224366686,
                    0.07409697219812773,
                    0.06594761846350548,
                    0.055474638175466745,
                    0.07304172918252695
                ],
                "3": [
                    0.4511630283697654,
                    0.4455927680061504,
                    0.43589546437964033,
                    0.4567558793556646
                ],
                "4": [
                    0.9626312600807091,
                    0.2618094424781403,
                    0.2950980488366234,
                    0.26931500672656383,
                    1.0628622943759765,
                    1.327015097422441,
                    1.0393468362473515
                ],
                "6": [
                    0.4539195697491815,
                    0.4532492744585099,
                    0.41206317200423875,
                    0.443501439167514
                ],
                "8": [
                    1.197482216430724,
                    1.104880029122539,
                    1.362228260394706
                ],
                "12": [
                    1.7754568086636273
                ],
                "24": [
                    1.802722725290808
                ]
            }
        }
    }
}