{
    "1": {
        "7": {
            "original": 0.11580211506716892,
            "twirled": {
                "1": [
                    0.10182687515957967
                ],
                "2": [
                    0.37064903382983694,
                    0.3802739487149495,
                    0.35607594108508217,
                    0.19053143436447412,
                    0.13024203734594106,
                    0.168168043476281,
                    0.1667034254760935,
                    0.14917146666652742,
                    0.12441709953555748
                ],
                "3": [
                    0.5216926699820489,
                    0.530875256570999,
                    0.4862820853575064,
                    0.5743513527350986
                ],
                "4": [
                    1.231459979409406,
                    0.445761978034914,
                    0.36090108132402504,
                    0.3757170619584011,
                    1.4420687189098462,
                    1.4600459566386166,
                    1.3710200633603495
                ],
                "6": [
                    0.5180888563144401,
                    0.524407964387685,
                    0.47574955271313324,
                    0.47902444409288275
                ],
                "8": [
                    1.4103437910442511,
                    1.3677821662941547,
                    1.4321953018874147
                ],
                "12": [
                    1.9465518660204297
                ],
                "24": [
                    1.9368972720637418
                ]
            }
        }
    }
}