{
    "2": {
        "8": {
            "original": 0.026244934715285214,
            "twirled": {
                "1": [
                    0.020384987078741094
                ],
                "2": [
                    0.17037848473364073,
                    0.18110543353577907,
                    0.1923012536459576,
                    0.07682472936508968,
                    0.06342105853917669,
                    0.06582893758454844,
                    0.07215486865158359,
                    0.062180373868052814,
                    0.05611947956639171
                ],
                "3": [
                    0.2076111684817361,
                    0.1832336772273803,
                    0.2704683411325672,
                    0.2640216537879011
                ],
                "4": [
                    0.7817138564225502,
                    0.26257681909031044,
                    0.292168775156998,
                    0.29290375621371895,
                    0.9037526357233825,
                    0.8166006312366837,
                    0.7718189145665946
                ],
                "6": [
                    0.33424542525029033,
                    0.36622771244076824,
                    0.3430637393197515,
                    0.39042860313610406
                ],
                "8": [
                    1.0071233761479426,
                    0.9655092657933186,
                    1.1266327364387292
                ],
                "12": [
                    1.387834018524754
                ],
                "24": [
                    1.4794409690634671
                ]
            }
        }
    }
}