{
    "3": {
        "10": {
            "original": 0.13014686216668866,
            "twirled": {
                "1": [
                    0.13143007867686277
                ],
                "2": [
                    0.3861259310845926,
                    0.9299352477073665,
                    0.4281152517833625,
                    0.06578792278129544,
                    0.06470028038199305,
                    0.3231448657944856,
                    0.06673678227328275,
                    0.3099482671749288,
                    0.05909809967664161
                ],
                "3": [
                    0.4341155758921689,
                    0.4327345728215614,
                    0.41439178175823277,
                    0.4774275022061385
                ],
                "4": [
                    2.785169475086638,
                    0.27828839711556197,
                    0.3292685184705831,
                    0.9161230637534519,
                    1.5658774689898385,
                    2.5391828803472127,
                    1.6213856147649606
                ],
                "6": [
                    0.41330674276577006,
                    0.41917118425243255,
                    0.445510092374305,
                    0.4337709324490113
                ],
                "8": [
                    1.716530720496058,
                    1.6869256816836502,
                    2.9364880508079945
                ],
                "12": [
                    1.966885235456676
                ],
                "24": [
                    2.153763314994256
                ]
            }
        }
    }
}