{
    "4": {
        "12": {
            "original": 0.0036543239672901075,
            "twirled": {
                "1": [
                    0.00542001827933362
                ],
                "2": [
                    0.17054958948276974,
                    0.16760293162776396,
                    0.16245665616329916,
                    0.05926906298357128,
                    0.061094169633965564,
                    0.06893703320996605,
                    0.05351284610623126,
                    0.05662889854268439,
                    0.05137853846042023
                ],
                "3": [
                    0.3620343907790358,
                    0.36253893736788384,
                    0.3778060341949538,
                    0.3832579216165443
                ],
                "4": [
                    0.5480627541496716,
                    0.26142948516044684,
                    0.24668909643896564,
                    0.2605185653234269,
                    0.9284303078713487,
                    0.8904878869857261,
                    0.8842170671276092
                ],
                "6": [
                    0.42495926373563475,
                    0.42786608509661933,
                    0.402890752356948,
                    0.40095120967682923
                ],
                "8": [
                    0.952489473176149,
                    0.9175385482159001,
                    0.908841470795998
                ],
                "12": [
                    1.3867245766993612
                ],
                "24": [
                    1.4379973753271442
                ]
            }
        }
    }
}