{
    "2": {
        "12": {
            "original": 0.029517288143660208,
            "twirled": {
                "1": [
                    0.021236619541820375
                ],
                "2": [
                    0.21278251702500112,
                    0.20559995108447496,
                    0.21994563002223463,
                    0.07937998754317181,
                    0.07339930324634832,
                    0.09053197218996988,
                    0.0679311749074952,
                    0.07717831617447421,
                    0.07719556625989805
                ],
                "3": [
                    0.41977390546885857,
                    0.4657382785576548,
                    0.3979608538871563,
                    0.46619737154481494
                ],
                "4": [
                    0.7506722713867526,
                    0.2520729900624191,
                    0.29088866736715246,
                    0.2869620279646804,
                    0.9935179516550657,
                    1.0037298602428275,
                    0.9751150991384766
                ],
                "6": [
                    0.39344355200470077,
                    0.4233323723214958,
                    0.47956938498689994,
                    0.4470635237071597
                ],
                "8": [
                    0.9381833473586788,
                    0.9887664970689158,
                    1.0426467560845172
                ],
                "12": [
                    1.6014620214125095
                ],
                "24": [
                    1.5618489672615414
                ]
            }
        }
    }
}