{
    "1": {
        "14": {
            "original": 0.027187814314400007,
            "twirled": {
                "1": [
                    0.023536228068416234
                ],
                "2": [
                    0.1984764181585648,
                    0.1889570673949345,
                    0.18677347697412844,
                    0.05412698748780666,
                    0.054137049816100416,
                    0.060365864035895216,
                    0.07483736107360303,
                    0.06690581803769266,
                    0.0565221401695474
                ],
                "3": [
                    0.45212621633815636,
                    0.4943330650674108,
                    0.40262601972583706,
                    0.435733769974682
                ],
                "4": [
                    1.13783888878201,
                    0.2838785804615047,
                    0.2888040037899769,
                    0.29127449942681505,
                    1.4556189940084612,
                    1.8534573505568144,
                    1.474668289772497
                ],
                "6": [
                    0.4087557967297545,
                    0.4681192798874773,
                    0.5180155724632417,
                    0.4205869625133503
                ],
                "8": [
                    1.4463785226151291,
                    1.4135612524944734,
                    1.8457246392139304
                ],
                "12": [
                    2.352146437920336
                ],
                "24": [
                    2.3302441019958446
                ]
            }
        }
    }
}