{
    "5": {
        "6": {
            "original": 0.0030015318876220496,
            "twirled": {
                "1": [
                    0.0022050380047418925
                ],
                "2": [
                    0.16544309834206783,
                    0.159032209049738,
                    0.15880556611982466,
                    0.05251226879614794,
                    0.06240852735996616,
                    0.06214529032895669,
                    0.056428784597221004,
                    0.057763793429728746,
                    0.05832481143027782
                ],
                "3": [
                    0.002479728521074533,
                    0.002317381081253444,
                    0.00362001467971715,
                    0.004973785444968226
                ],
                "4": [
                    0.5964600492875765,
                    0.2738038507531998,
                    0.2593449959792019,
                    0.244685204768389,
                    0.06711295782179148,
                    0.057308273591466785,
                    0.06736023977953286
                ],
                "6": [
                    0.13133514032880922,
                    0.1257152201935572,
                    0.10801562407343557,
                    0.12001043439436522
                ],
                "8": [
                    0.5725652184704901,
                    0.5968267481110259,
                    0.6209131758566778
                ],
                "12": [
                    0.6289431808126027
                ],
                "24": [
                    0.6146996947992175
                ]
            }
        }
    }
}