{
    "4": {
        "6": {
            "original": 0.004970146517604158,
            "twirled": {
                "1": [
                    0.005555504540690049
                ],
                "2": [
                    0.15998128087496755,
                    0.14754217312849352,
                    0.14440013070492352,
                    0.0675359119015008,
                    0.057288821733771984,
                    0.05730833931942552,
                    0.05143151709246456,
                    0.05200673407609141,
                    0.06150069039443977
                ],
                "3": [
                    0.008191986075671204,
                    0.004931565452285171,
                    0.003950992283640316,
                    0.006015997118478819
                ],
                "4": [
                    0.5813334483963288,
                    0.22305171722233358,
                    0.243572833777528,
                    0.2426033120119886,
                    0.11179120745137383,
                    0.11751561230990507,
                    0.11371496971442246
                ],
                "6": [
                    0.15804496337858337,
                    0.12688789602511322,
                    0.15376901442615487,
                    0.14295111618884593
                ],
                "8": [
                    0.6587646980305101,
                    0.6686524514577009,
                    0.6248440341994662
                ],
                "12": [
                    0.6941247009594774
                ],
                "24": [
                    0.7005558389036615
                ]
            }
        }
    }
}