{
    "2": {
        "9": {
            "original": 0.42865611623307076,
            "twirled": {
                "1": [
                    0.46369071389217703
                ],
                "2": [
                    0.39400310484501233,
                    0.4120931115827937,
                    1.1687632815535864,
                    0.08220292768983004,
                    0.2706347768205275,
                    0.07277288842379623,
                    0.07491198584552508,
                    0.0900440593915152,
                    0.28673912279982644
                ],
                "3": [
                    0.5700435190448668,
                    0.5494383182226882,
                    0.6587188820558337,
                    0.6989853484748277
                ],
                "4": [
                    3.1716339010901127,
                    0.4250318040042392,
                    0.5841095999736475,
                    0.38345797775939333,
                    3.390169442279725,
                    2.5998711378797728,
                    3.1612989442906234
                ],
                "6": [
                    0.5813684528813222,
                    0.6847417108850853,
                    0.533334138457545,
                    0.6574791351124039
                ],
                "8": [
                    3.3594084440505076,
                    2.9053684860959215,
                    2.5832366046398634
                ],
                "12": [
                    3.111008986423205
                ],
                "24": [
                    3.080138352166865
                ]
            }
        }
    }
}