{
    "1": {
        "1": {
            "original": 0.3113189697946667,
            "twirled": {
                "1": [
                    0.29140905336377393
                ],
                "2": [
                    1.0893439950364527,
                    1.136948092066249,
                    1.1838419136787122,
                    0.49689942149051153,
                    0.4756754715976571,
                    0.5186102386002321,
                    0.4818310847367467,
                    0.4921636851940918,
                    0.524920936063935
                ],
                "3": [
                    1.6283572105581083,
                    1.4735333466006262,
                    1.621220167435398,
                    1.7438245621335506
                ],
                "4": [
                    6.095133632320634,
                    1.1104930768982086,
                    1.0398369491692339,
                    1.049575065003026,
                    6.075334998226972,
                    6.062981325835577,
                    5.883527807997088
                ],
                "6": [
                    1.5553307047944356,
                    1.695958837041519,
                    1.640798013625047,
                    1.63207090723483
                ],
                "8": [
                    6.462467818542103,
                    6.141023845237513,
                    6.079902046980363
                ],
                "12": [
                    6.297724471912424
                ],
                "24": [
                    6.3482420089902245
                ]
            }
        }
    }
}