{
    "1": {
        "13": {
            "original": 0.05968648344214842,
            "twirled": {
                "1": [
                    0.0618662275720281
                ],
                "2": [
                    0.3475299336063911,
                    0.46831755690242266,
                    0.36847956141239685,
                    0.1302240615441974,
                    0.11588916551086867,
                    0.1512047205540374,
                    0.15884124731013916,
                    0.15202270582045163,
                    0.14616125769938476
                ],
                "3": [
                    0.7879972959387441,
                    0.8448302611180016,
                    0.8051915433834352,
                    0.8862183069006698
                ],
                "4": [
                    2.9780365682127363,
                    0.45282891531510844,
                    0.431440348592026,
                    0.5367556979682284,
                    3.3682336518086644,
                    3.518273482070798,
                    3.3189322054376893
                ],
                "6": [
                    0.793472042802334,
                    0.7935754134105847,
                    0.7975974615045435,
                    0.8120550729375253
                ],
                "8": [
                    3.238468829297745,
                    3.1848135127121777,
                    3.5771469270962872
                ],
                "12": [
                    3.899100903074037
                ],
                "24": [
                    3.881400934332491
                ]
            }
        }
    }
}