{
    "5": {
        "15": {
            "original": 0.11643783195762984,
            "twirled": {
                "1": [
                    0.692590327098768
                ],
                "2": [
                    0.0024426566030784124,
                    0.6536573982253342,
                    0.005697587281916606,
                    0.0022614641910682813,
                    0.003211161539446424,
                    0.3516439619647944,
                    0.004020668860575991,
                    0.32059698052215063,
                    0.003646362900192022
                ],
                "3": [
                    0.003848649000714302,
                    0.004458022384026968,
                    0.004702287251082554,
                    0.003400823811782995
                ],
                "4": [
                    0.004149731665842077,
                    0.003972031038062258,
                    0.005143118342088465,
                    0.7753231138219603,
                    0.002473497041272408,
                    0.002252804171060317,
                    0.00407039443586929
                ],
                "6": [
                    0.0032613053496576803,
                    0.005392536058275021,
                    0.0066740006537852736,
                    0.0050323950560794035
                ],
                "8": [
                    0.012526115576699465,
                    0.028845389955225956,
                    0.007503547689510599
                ],
                "12": [
                    0.15703134600909072
                ],
                "24": [
                    0.1494263201995742
                ]
            }
        }
    }
}