{
    "2": {
        "19": {
            "original": 0.006729705170344417,
            "twirled": {
                "1": [
                    0.008130215785970582
                ],
                "2": [
                    0.15882400601604366,
                    0.1866277737018094,
                    0.15925362648857055,
                    0.05206312971244942,
                    0.053000809085177555,
                    0.07518165430599755,
                    0.06648004279041905,
                    0.05206408197370772,
                    0.049095857196658224
                ],
                "3": [
                    0.23069628062389796,
                    0.2297977864249999,
                    0.2011388094647871,
                    0.22001341870058988
                ],
                "4": [
                    0.7984350153391663,
                    0.25260910973383166,
                    0.25177073928991817,
                    0.29841296250180066,
                    0.8922342365952175,
                    0.7988665790894215,
                    0.913822822066703
                ],
                "6": [
                    0.3355059863257714,
                    0.37280013217391356,
                    0.3794418626755653,
                    0.3755737977787243
                ],
                "8": [
                    1.1297966764344245,
                    1.0261032143503073,
                    1.1215967381162308
                ],
                "12": [
                    1.477975765223479
                ],
                "24": [
                    1.500138162875046
                ]
            }
        }
    }
}