{
    "3": {
        "2": {
            "original": 0.0066906902324917585,
            "twirled": {
                "1": [
                    0.00617285795081378
                ],
                "2": [
                    0.18478133483390294,
                    0.16961507457230762,
                    0.17781403577896887,
                    0.0662034075219606,
                    0.05649932735991438,
                    0.05816685090099133,
                    0.056227565110460266,
                    0.06057469662500293,
                    0.0609929413606333
                ],
                "3": [
                    0.40562160828496224,
                    0.3994948841324515,
                    0.3966485248739318,
                    0.4047681761679894
                ],
                "4": [
                    0.9291403361255768,
                    0.24778503881987357,
                    0.29916252413518607,
                    0.3243415432572041,
                    1.0174682587062747,
                    1.0301589890405443,
                    1.3576308483266581
                ],
                "6": [
                    0.39317782135758583,
                    0.41426309503689307,
                    0.41632740879625146,
                    0.409345542668525
                ],
                "8": [
                    1.055500632829321,
                    1.4221472222445097,
                    1.0112652028068
                ],
                "12": [
                    1.513681767546085
                ],
                "24": [
                    1.502655268177944
                ]
            }
        }
    }
}