{
    "2": {
        "17": {
            "original": 0.03271590240733529,
            "twirled": {
                "1": [
                    0.044289257504666425
                ],
                "2": [
                    0.1929900738975623,
                    0.1796805312154057,
                    0.17669001403229212,
                    0.07128237338657728,
                    0.06792693645739123,
                    0.07887891770260856,
                    0.06525533182898266,
                    0.07329317997284314,
                    0.07318219052191105
                ],
                "3": [
                    0.4297021439324948,
                    0.4008430720234365,
                    0.44044724378845423,
                    0.42855567171975834
                ],
                "4": [
                    0.9063871561620517,
                    0.29616649338256434,
                    0.2837638616125137,
                    0.3034711450533318,
                    1.1823283511896294,
                    1.2196360680791993,
                    1.2723962896471077
                ],
                "6": [
                    0.4469410523329,
                    0.45359438287471543,
                    0.43613817762312806,
                    0.44318828587609305
                ],
                "8": [
                    1.2073305346643273,
                    1.3374937312024404,
                    1.2666671600071242
                ],
                "12": [
                    1.8625364887187588
                ],
                "24": [
                    1.7952903952882107
                ]
            }
        }
    }
}