{
    "3": {
        "1": {
            "original": 0.20768855388222168,
            "twirled": {
                "1": [
                    0.19275298158943538
                ],
                "2": [
                    0.8757227924922483,
                    0.8317252609558062,
                    0.8043366870878981,
                    0.39603320241165874,
                    0.4012329368274285,
                    0.3905198008743031,
                    0.38627354011146525,
                    0.3835927560455483,
                    0.402427692112931
                ],
                "3": [
                    0.934657940328978,
                    1.0576772242641248,
                    1.0400504283125644,
                    1.0794150068386799
                ],
                "4": [
                    3.6150192156147685,
                    0.8438805126478707,
                    0.838179309514287,
                    0.8860073016207397,
                    3.507927710163236,
                    3.5263387409078666,
                    3.567040415057421
                ],
                "6": [
                    1.0725653183573458,
                    1.049859897083085,
                    1.0709646579759797,
                    1.1007840724363984
                ],
                "8": [
                    3.7524509479637427,
                    3.5915091052563977,
                    3.57469554910629
                ],
                "12": [
                    3.669182659008966
                ],
                "24": [
                    3.5802457033269866
                ]
            }
        }
    }
}