{
    "2": {
        "8": {
            "original": 0.02803058778021456,
            "twirled": {
                "1": [
                    0.027873216699199153
                ],
                "2": [
                    0.19052746303216683,
                    0.1765295530074675,
                    0.19008342659439567,
                    0.06515301196309961,
                    0.0594318918861319,
                    0.05695621247855179,
                    0.07928195538221135,
                    0.05948420286952864,
                    0.06785279210439678
                ],
                "3": [
                    0.39951921652713795,
                    0.4065871369637298,
                    0.38010025389505125,
                    0.44806336113081224
                ],
                "4": [
                    0.7875112730562298,
                    0.27571309460893945,
                    0.27936221673429523,
                    0.27657232622336075,
                    1.0049466710645911,
                    1.1767244913520818,
                    0.9542696525225621
                ],
                "6": [
                    0.379947942863926,
                    0.39426367714357674,
                    0.4062778331111863,
                    0.3913728420176085
                ],
                "8": [
                    0.9473138495236882,
                    0.9911824737924723,
                    1.121992252593362
                ],
                "12": [
                    1.5026126393207777
                ],
                "24": [
                    1.5173508720961597
                ]
            }
        }
    }
}