{
    "5": {
        "18": {
            "original": 0.004690168010816469,
            "twirled": {
                "1": [
                    0.0058495014382613925
                ],
                "2": [
                    0.160168935692875,
                    0.18868558256589327,
                    0.15187731021495243,
                    0.056822173498048606,
                    0.05954239382962583,
                    0.04680308977198701,
                    0.05279821349966497,
                    0.06646864062804052,
                    0.051959627659523035
                ],
                "3": [
                    0.37634325649479333,
                    0.3657889493488949,
                    0.3789384612892341,
                    0.3930756207254294
                ],
                "4": [
                    0.5702129496495316,
                    0.2554057259411476,
                    0.24827587063835688,
                    0.26528700438672775,
                    0.907694196076201,
                    0.8740341210965387,
                    0.9298758858826636
                ],
                "6": [
                    0.3893061483990888,
                    0.3575279314246306,
                    0.42961929400245424,
                    0.39944032999612
                ],
                "8": [
                    0.893584815345167,
                    0.926354240303925,
                    0.9508446649097005
                ],
                "12": [
                    1.469889137378264
                ],
                "24": [
                    1.539562204482864
                ]
            }
        }
    }
}