{
    "3": {
        "7": {
            "original": 0.015549351488715972,
            "twirled": {
                "1": [
                    0.018673643945189642
                ],
                "2": [
                    0.16610890941238313,
                    0.15168379303229634,
                    0.1776709234708617,
                    0.07143469227909285,
                    0.05984087037048714,
                    0.06590089871885602,
                    0.06734858599072396,
                    0.05724955172027475,
                    0.05715036827519801
                ],
                "3": [
                    0.38149376055064127,
                    0.3891566958515088,
                    0.3936025996096038,
                    0.3979036916694421
                ],
                "4": [
                    0.6096682819411811,
                    0.2784295064578353,
                    0.27318287635423233,
                    0.24267162881138735,
                    0.9290842250046187,
                    0.8900091394382251,
                    0.9440152147940059
                ],
                "6": [
                    0.3932434868829863,
                    0.3892411098483211,
                    0.3602793053552916,
                    0.36349307490525856
                ],
                "8": [
                    0.9435286879170295,
                    0.970002427561032,
                    0.9094416894982086
                ],
                "12": [
                    1.4443754975464347
                ],
                "24": [
                    1.4277124151230245
                ]
            }
        }
    }
}