{
    "3": {
        "15": {
            "original": 0.1179556414130236,
            "twirled": {
                "1": [
                    0.7182211362375402
                ],
                "2": [
                    0.004710144693713372,
                    0.6011773251034886,
                    0.0027606769214170495,
                    0.004145878474949661,
                    0.004140192887643483,
                    0.3284967159695179,
                    0.003960973263173209,
                    0.3196140759587389,
                    0.0028877081838118842
                ],
                "3": [
                    0.00414451698597399,
                    0.0044299206032165726,
                    0.0022220939269640395,
                    0.0037368733206076497
                ],
                "4": [
                    0.038365115019671034,
                    0.002680315077519756,
                    0.0048248562913558,
                    0.6916832418696167,
                    0.02541947365511756,
                    0.024532673239987746,
                    0.036837436918082
                ],
                "6": [
                    0.012233620789134059,
                    0.02502981801672896,
                    0.02209342794214737,
                    0.019808504275510862
                ],
                "8": [
                    0.08705067406397385,
                    0.09935498834498452,
                    0.05685778271773555
                ],
                "12": [
                    0.26561245632128117
                ],
                "24": [
                    0.279587486842334
                ]
            }
        }
    }
}