{
    "4": {
        "15": {
            "original": 0.11615206051812593,
            "twirled": {
                "1": [
                    0.13266573403414697
                ],
                "2": [
                    0.15509398956978562,
                    0.15426162604334215,
                    0.15978980801881518,
                    0.059344339711399685,
                    0.06460179053668172,
                    0.06629124698140236,
                    0.05254236117363324,
                    0.05925464645558866,
                    0.05933173479100538
                ],
                "3": [
                    0.3914656825919171,
                    0.37551876341566875,
                    0.41378030305289876,
                    0.38000570153071067
                ],
                "4": [
                    0.6818606262664474,
                    0.2343249188955341,
                    0.2722875180829068,
                    0.27555475964735643,
                    0.9282948464524055,
                    0.9119774358702168,
                    0.922283637422247
                ],
                "6": [
                    0.3800993225464301,
                    0.3802121319299827,
                    0.39512094954588856,
                    0.3554409908417248
                ],
                "8": [
                    0.9193289616766577,
                    0.953969513278733,
                    0.860792689095671
                ],
                "12": [
                    1.4670266432054828
                ],
                "24": [
                    1.4298183147503296
                ]
            }
        }
    }
}