{
    "3": {
        "12": {
            "original": 0.005745513552652722,
            "twirled": {
                "1": [
                    0.006469886133503866
                ],
                "2": [
                    0.17140870984538073,
                    0.1680328565238668,
                    0.16413629236895616,
                    0.057437735526291896,
                    0.055129319795277014,
                    0.0729741888820033,
                    0.05600314643883891,
                    0.05585573454415722,
                    0.07083434707766365
                ],
                "3": [
                    0.3890557752433526,
                    0.38417358787365735,
                    0.3557341781346594,
                    0.4072738079110438
                ],
                "4": [
                    0.6228839957563145,
                    0.2566700821124583,
                    0.2520379561851605,
                    0.2711340848048632,
                    0.8864197831670649,
                    0.8739841890112531,
                    0.9196954045155468
                ],
                "6": [
                    0.3769935365618232,
                    0.3746659666009508,
                    0.3980603576134095,
                    0.386466421755377
                ],
                "8": [
                    0.8950794706007622,
                    0.8933985519341685,
                    0.916074944737109
                ],
                "12": [
                    1.4481251497797976
                ],
                "24": [
                    1.4665119544067793
                ]
            }
        }
    }
}