{
    "4": {
        "4": {
            "original": 0.010446265984573716,
            "twirled": {
                "1": [
                    0.010387071507658215
                ],
                "2": [
                    0.16100041939437934,
                    0.15221642599213026,
                    0.16526879542886214,
                    0.06321411428187508,
                    0.06471804160665759,
                    0.04918785626714153,
                    0.05864148111233371,
                    0.05810570446709315,
                    0.052172106150697825
                ],
                "3": [
                    0.39077275650351007,
                    0.3738076049756311,
                    0.3976215776591039,
                    0.36749099687581155
                ],
                "4": [
                    0.6137267912185547,
                    0.25428781825515306,
                    0.2611981539420875,
                    0.2830369505498043,
                    0.9382961017910613,
                    0.9644984610177066,
                    0.9129868709491188
                ],
                "6": [
                    0.3926085945972462,
                    0.41662119035540424,
                    0.40071042233167237,
                    0.40215736960018483
                ],
                "8": [
                    0.9024837093747217,
                    0.912303705429719,
                    0.9648061815742588
                ],
                "12": [
                    1.428243105232828
                ],
                "24": [
                    1.4177176428150537
                ]
            }
        }
    }
}