{
    "5": {
        "14": {
            "original": 0.003556492220316991,
            "twirled": {
                "1": [
                    0.003442983411186184
                ],
                "2": [
                    0.18180917535977054,
                    0.1693820822610654,
                    0.15329856564144095,
                    0.049499022268693744,
                    0.05358662638101712,
                    0.05649311897899518,
                    0.051319785276747715,
                    0.05025116697898914,
                    0.06164779237536546
                ],
                "3": [
                    0.3887966980242812,
                    0.3691056231819518,
                    0.37589603628146834,
                    0.39820938862012567
                ],
                "4": [
                    0.6269147357333887,
                    0.23845295384812043,
                    0.25624992690859566,
                    0.28721773411373813,
                    0.9400209949618118,
                    0.9269583986664977,
                    0.9206007769772019
                ],
                "6": [
                    0.39506956426315565,
                    0.38953415090965016,
                    0.3600187951324733,
                    0.4111843060447185
                ],
                "8": [
                    0.9442270084511001,
                    0.9066161523012671,
                    0.8908712389308301
                ],
                "12": [
                    1.432950125679659
                ],
                "24": [
                    1.3549890119237649
                ]
            }
        }
    }
}