{
    "2": {
        "13": {
            "original": 0.007847751366284858,
            "twirled": {
                "1": [
                    0.0074466778597260955
                ],
                "2": [
                    0.17769126266959742,
                    0.20145167024207378,
                    0.17689433739614574,
                    0.06405919174146427,
                    0.0696976288849209,
                    0.058290938529803715,
                    0.05975757333909518,
                    0.06381331275911481,
                    0.061241802102345685
                ],
                "3": [
                    0.41650326545098165,
                    0.4165583076813813,
                    0.4072124089149093,
                    0.4066287438518847
                ],
                "4": [
                    0.8856756432101928,
                    0.24384283043778787,
                    0.2582990236188304,
                    0.2717913035183937,
                    1.257270956602325,
                    1.3367710998257851,
                    1.2130971929445304
                ],
                "6": [
                    0.4098331490232052,
                    0.3976278424136098,
                    0.4227964347375271,
                    0.40832228924352465
                ],
                "8": [
                    1.1658900388229252,
                    1.1848264794754537,
                    1.2484576304505444
                ],
                "12": [
                    1.7238808006612407
                ],
                "24": [
                    1.7384477548766295
                ]
            }
        }
    }
}