{
    "1": {
        "2": {
            "original": 0.3086780481435236,
            "twirled": {
                "1": [
                    0.3258330450254602
                ],
                "2": [
                    1.1197761337614078,
                    1.130705738018577,
                    1.1131784540055163,
                    0.48968942240970764,
                    0.5009594210652849,
                    0.4990592022906225,
                    0.48384130386415275,
                    0.47864083503853455,
                    0.5266781175652905
                ],
                "3": [
                    1.5922001098584704,
                    1.651930053991978,
                    1.5780871636282974,
                    1.5568909896949426
                ],
                "4": [
                    6.7638536688449555,
                    1.092018964412998,
                    1.0928839117767981,
                    1.0944634150286254,
                    6.463961003961126,
                    6.470620511765586,
                    6.252499774468091
                ],
                "6": [
                    1.5942545058394733,
                    1.5768286436944632,
                    1.64553254015682,
                    1.5785089909872352
                ],
                "8": [
                    6.43597588625159,
                    6.064307361131013,
                    6.355194258867672
                ],
                "12": [
                    6.126784621149895
                ],
                "24": [
                    6.361040294093397
                ]
            }
        }
    }
}