{
    "5": {
        "10": {
            "original": 0.14271349482546142,
            "twirled": {
                "1": [
                    0.7129038725821495
                ],
                "2": [
                    2.2986456342418187,
                    2.3610397656066993,
                    2.4287943466874777,
                    0.3158564376656227,
                    0.30945101526223523,
                    1.1076944580476487,
                    0.32047839275824,
                    1.0686187005327517,
                    0.2964691706899568
                ],
                "3": [
                    0.3764457448187841,
                    0.37484999599627217,
                    0.38129156722929947,
                    0.38965774784732654
                ],
                "4": [
                    7.653154405808374,
                    0.9703169511579395,
                    0.9312392642219197,
                    2.2303773143024723,
                    2.3517138857787483,
                    7.612200066358297,
                    2.3854837236212756
                ],
                "6": [
                    0.40258081329185547,
                    0.3712741644474324,
                    0.3782815047712525,
                    0.3617336138079816
                ],
                "8": [
                    2.3929595879194707,
                    2.5186312107310482,
                    7.613910135787132
                ],
                "12": [
                    1.728453182216307
                ],
                "24": [
                    1.6619389513586782
                ]
            }
        }
    }
}