{
    "1": {
        "8": {
            "original": 0.0753184698503279,
            "twirled": {
                "1": [
                    0.07785315868692896
                ],
                "2": [
                    0.29675741012117857,
                    0.3521844605084819,
                    0.3365816358803648,
                    0.14113858229896184,
                    0.10578770031085848,
                    0.12524342880619627,
                    0.13337735980650114,
                    0.10092095192481157,
                    0.10775934205964058
                ],
                "3": [
                    0.4626934474653908,
                    0.4110528803496476,
                    0.5249281746775276,
                    0.5085012254897089
                ],
                "4": [
                    1.3732535904034384,
                    0.34903353744379423,
                    0.35820912229854585,
                    0.3453552642571753,
                    1.4225503519418288,
                    1.6121227296631777,
                    1.4612936700766963
                ],
                "6": [
                    0.5713685257559592,
                    0.5464260389025676,
                    0.49050413553313604,
                    0.530382311604709
                ],
                "8": [
                    1.5512592508108913,
                    1.6542132228577624,
                    1.728910313652967
                ],
                "12": [
                    2.2559330993742317
                ],
                "24": [
                    2.2631943313665057
                ]
            }
        }
    }
}