{
    "5": {
        "2": {
            "original": 0.0037152026762268205,
            "twirled": {
                "1": [
                    0.2077654291413657
                ],
                "2": [
                    0.004022054240889644,
                    0.2621908034844619,
                    0.003356156262654406,
                    0.037018189637833154,
                    0.005231513447157909,
                    0.05703962730944834,
                    0.05247631244557079,
                    0.052487295076600556,
                    0.05532170907595047
                ],
                "3": [
                    0.0045476189056711915,
                    0.0037476025372659236,
                    0.004884337558874561,
                    0.0049246962042071366
                ],
                "4": [
                    0.026496715393968858,
                    0.004200942556910549,
                    0.06589399601817743,
                    0.2564248351800882,
                    0.01268693212310673,
                    0.08196502835238959,
                    0.009985819765878184
                ],
                "6": [
                    0.010394827696510286,
                    0.04537992349483788,
                    0.018631637048688924,
                    0.059290246826813636
                ],
                "8": [
                    0.07234195935700993,
                    0.11366856758909731,
                    0.09263723255077694
                ],
                "12": [
                    0.2696959822997504
                ],
                "24": [
                    0.2721289007739472
                ]
            }
        }
    }
}