{
    "5": {
        "16": {
            "original": 0.013681433162433808,
            "twirled": {
                "1": [
                    0.018554174543981696
                ],
                "2": [
                    0.1754229735276436,
                    0.14985012225696268,
                    0.1865494324402513,
                    0.057775047965530305,
                    0.04514837704027343,
                    0.058730137588743646,
                    0.06044772672489658,
                    0.05255506373808614,
                    0.0489236431209525
                ],
                "3": [
                    0.39446007263392807,
                    0.37213798414267363,
                    0.3817851007180147,
                    0.377778184209196
                ],
                "4": [
                    0.6012338979726591,
                    0.2560852873418466,
                    0.2505407854521486,
                    0.2524424326090769,
                    0.919672263794766,
                    0.882389862271972,
                    0.9042306793208408
                ],
                "6": [
                    0.36091078066349985,
                    0.38303075196007724,
                    0.38717996358488266,
                    0.36233786624070125
                ],
                "8": [
                    0.9329750082998707,
                    0.8882642807778004,
                    0.8804085556175366
                ],
                "12": [
                    1.3825685612408067
                ],
                "24": [
                    1.4339719224787801
                ]
            }
        }
    }
}