{
    "2": {
        "16": {
            "original": 0.08834785183798849,
            "twirled": {
                "1": [
                    0.07452347295070494
                ],
                "2": [
                    0.22245642160548912,
                    0.241983272277209,
                    0.27610132370445617,
                    0.11282508277673162,
                    0.11853767935974954,
                    0.10716850763233797,
                    0.13503160774534498,
                    0.10767521273689667,
                    0.14507012346182438
                ],
                "3": [
                    0.4258379838497861,
                    0.45918306966169725,
                    0.4219909427682226,
                    0.4371944651241768
                ],
                "4": [
                    0.9279003809132539,
                    0.33292068392541646,
                    0.34040761584659185,
                    0.290643600624727,
                    1.158649802064534,
                    1.0553024138178817,
                    1.172889812942925
                ],
                "6": [
                    0.4164505596668814,
                    0.4289234783497348,
                    0.43165266275549086,
                    0.4464429159759799
                ],
                "8": [
                    1.2459833914221528,
                    1.1644259770768837,
                    1.0674297126344245
                ],
                "12": [
                    1.59990271096172
                ],
                "24": [
                    1.6541432787995214
                ]
            }
        }
    }
}