{
    "4": {
        "13": {
            "original": 0.003813013282805312,
            "twirled": {
                "1": [
                    0.004317951644826749
                ],
                "2": [
                    0.1593846890425859,
                    0.16671467774203444,
                    0.15072215582359894,
                    0.05606563487940672,
                    0.0565748689710258,
                    0.057562104504558745,
                    0.05889757394914359,
                    0.05426729050787983,
                    0.05973345556281895
                ],
                "3": [
                    0.3900788018294092,
                    0.3925460476833457,
                    0.3933422049982599,
                    0.3873370749521059
                ],
                "4": [
                    0.5561814802145352,
                    0.25815177536866246,
                    0.2424566691337433,
                    0.2620494908824651,
                    0.9094086490226693,
                    0.8916497157031327,
                    0.8929932499272409
                ],
                "6": [
                    0.36386627261066967,
                    0.3502873755919054,
                    0.43095167538733453,
                    0.36323687911888847
                ],
                "8": [
                    0.8951433848416429,
                    0.8930083762941176,
                    0.8947072225931516
                ],
                "12": [
                    1.4089468570419497
                ],
                "24": [
                    1.4794739488903705
                ]
            }
        }
    }
}