{
    "5": {
        "4": {
            "original": 0.005934142051113196,
            "twirled": {
                "1": [
                    0.005349905005372769
                ],
                "2": [
                    0.1675452505921358,
                    0.16085836593796304,
                    0.14751964211419238,
                    0.05893622177899009,
                    0.0631522661955784,
                    0.05996435217867949,
                    0.05447104284016165,
                    0.05213108195726042,
                    0.04875720839746171
                ],
                "3": [
                    0.06151060423000361,
                    0.06114825806726086,
                    0.1519101465354267,
                    0.15812896821626263
                ],
                "4": [
                    0.6356693029621108,
                    0.256132480946624,
                    0.251560692532395,
                    0.2552904179299861,
                    0.6746770497105382,
                    0.39495796770732877,
                    0.508606236960602
                ],
                "6": [
                    0.276655975033356,
                    0.3425454803295091,
                    0.28725061521836576,
                    0.3139645410333889
                ],
                "8": [
                    0.8675139597378723,
                    0.8185907015484973,
                    0.7502035350305004
                ],
                "12": [
                    1.1899585175257243
                ],
                "24": [
                    1.2208186481361603
                ]
            }
        }
    }
}