{
    "5": {
        "11": {
            "original": 0.0034429009569045942,
            "twirled": {
                "1": [
                    0.003761021705944824
                ],
                "2": [
                    0.17345341288103006,
                    0.15362846961249635,
                    0.14738626791706907,
                    0.05282296490030862,
                    0.06065998209730018,
                    0.06432363875475866,
                    0.05884585532692375,
                    0.07165591046210758,
                    0.059601937813564786
                ],
                "3": [
                    0.3829257910989134,
                    0.3891383531439602,
                    0.3600951901965142,
                    0.3895610614582696
                ],
                "4": [
                    0.5980523994428817,
                    0.23781736734276165,
                    0.2425875586643278,
                    0.24967430053022588,
                    0.9427578957513613,
                    0.9639895893525042,
                    0.875114188645276
                ],
                "6": [
                    0.3882550375925177,
                    0.4191742892357047,
                    0.3981267778378529,
                    0.3837628797190486
                ],
                "8": [
                    0.8853821826439213,
                    0.9456564922232457,
                    0.9671015082610098
                ],
                "12": [
                    1.4025258077720033
                ],
                "24": [
                    1.4594423704713348
                ]
            }
        }
    }
}