{
    "3": {
        "17": {
            "original": 0.014093938735298272,
            "twirled": {
                "1": [
                    0.017363834433552713
                ],
                "2": [
                    0.1803417718748576,
                    0.15029219784145292,
                    0.17882783313593817,
                    0.06930420153362822,
                    0.05576908240903187,
                    0.08055195960976552,
                    0.061295656129656685,
                    0.051613053800352755,
                    0.0629857916714787
                ],
                "3": [
                    0.13069542758442385,
                    0.1369576600520199,
                    0.2427184771832619,
                    0.23611428387109762
                ],
                "4": [
                    0.7237169296035022,
                    0.25548173125791396,
                    0.25219280427986296,
                    0.2560562621376592,
                    0.868731220528993,
                    0.5823723371513064,
                    0.759271095710605
                ],
                "6": [
                    0.3158975199052033,
                    0.40750306010720805,
                    0.32851916468334197,
                    0.3768929445813801
                ],
                "8": [
                    0.9462364282273635,
                    0.9186391870430303,
                    0.953959503807318
                ],
                "12": [
                    1.4419948238754292
                ],
                "24": [
                    1.3487892790186395
                ]
            }
        }
    }
}