{
    "3": {
        "11": {
            "original": 0.00382928211128675,
            "twirled": {
                "1": [
                    0.20436663234111857
                ],
                "2": [
                    0.002900623843519157,
                    0.5263742608402203,
                    0.0022460892865560295,
                    0.049196190154149895,
                    0.003491340766989836,
                    0.05694612583810986,
                    0.04358110919644926,
                    0.0581623975835598,
                    0.053778859550621116
                ],
                "3": [
                    0.003386486380932827,
                    0.0036170320105874633,
                    0.02266139089551776,
                    0.012262695591163253
                ],
                "4": [
                    0.043197055669584865,
                    0.004421869400542784,
                    0.05916400310616811,
                    0.2225156233798065,
                    0.03770344574665906,
                    0.07875714948464763,
                    0.04288372310461071
                ],
                "6": [
                    0.05770968825368277,
                    0.09192398030617485,
                    0.06497459412473326,
                    0.10587186160667492
                ],
                "8": [
                    0.08742767429405973,
                    0.2123992956412763,
                    0.25816217264802466
                ],
                "12": [
                    0.584825037004436
                ],
                "24": [
                    0.5672181043377506
                ]
            }
        }
    }
}