{
    "2": {
        "7": {
            "original": 0.035508722701088354,
            "twirled": {
                "1": [
                    0.03747751648716682
                ],
                "2": [
                    0.22676813265206924,
                    0.19971813608386585,
                    0.2637570846362214,
                    0.08475126797713858,
                    0.05560216553125496,
                    0.07147668608333244,
                    0.07557992563732398,
                    0.06659054737684152,
                    0.09118012060176257
                ],
                "3": [
                    0.3920265867230736,
                    0.373366948472506,
                    0.4115537777765918,
                    0.4103809587680586
                ],
                "4": [
                    0.7012588010596169,
                    0.2411290534693717,
                    0.2747942679224287,
                    0.2628813686311596,
                    0.925769513149316,
                    0.9892249561464618,
                    0.9520384543599548
                ],
                "6": [
                    0.396497730519671,
                    0.41486942075000727,
                    0.3932589363296299,
                    0.41038676218502673
                ],
                "8": [
                    0.9885265072430732,
                    0.9272196335971109,
                    0.9217007827172158
                ],
                "12": [
                    1.4965879347628923
                ],
                "24": [
                    1.467236310951587
                ]
            }
        }
    }
}