{
    "5": {
        "1": {
            "original": 0.19719967523264254,
            "twirled": {
                "1": [
                    0.20168695553037763
                ],
                "2": [
                    0.7660243934123855,
                    0.8402719249004204,
                    0.8254027117951105,
                    0.40898295486554753,
                    0.36397111985062486,
                    0.40197827884304027,
                    0.42371210310970425,
                    0.41543104718141877,
                    0.39883492896265305
                ],
                "3": [
                    1.0510065321839877,
                    1.078268482154298,
                    1.0592019664959504,
                    0.9951918405714618
                ],
                "4": [
                    3.386862213139119,
                    0.8354543659254893,
                    0.8804909142859808,
                    0.8590615451727242,
                    3.1976929986330633,
                    3.3405607414695506,
                    3.5066467502878864
                ],
                "6": [
                    0.9500977153433916,
                    1.019371077320919,
                    1.0220026727404115,
                    0.97429521985281
                ],
                "8": [
                    3.3665976389198784,
                    3.2064240496611163,
                    3.157972786527294
                ],
                "12": [
                    3.2901639617190237
                ],
                "24": [
                    3.2905672990295356
                ]
            }
        }
    }
}