{
    "5": {
        "19": {
            "original": 0.0029658094410888887,
            "twirled": {
                "1": [
                    0.002850110765512715
                ],
                "2": [
                    0.14610914620688129,
                    0.17894498755641394,
                    0.14776501424705435,
                    0.05831328496134233,
                    0.05218980274136771,
                    0.062155042073143554,
                    0.06315235264791652,
                    0.06200679473129375,
                    0.053950674281605555
                ],
                "3": [
                    0.05323051503025791,
                    0.06351241477324723,
                    0.05756397740040072,
                    0.06691397027603889
                ],
                "4": [
                    0.6164122582492874,
                    0.24677773193993424,
                    0.25924942904518844,
                    0.26032917897182495,
                    0.5302475711576883,
                    0.2587758682656265,
                    0.47212815622878435
                ],
                "6": [
                    0.2807093660372448,
                    0.28407721803690983,
                    0.28595455126643315,
                    0.2921717839027093
                ],
                "8": [
                    0.8360439456403215,
                    0.81347411602629,
                    0.7392511596229906
                ],
                "12": [
                    1.117930268828044
                ],
                "24": [
                    1.1027064084037634
                ]
            }
        }
    }
}