{
    "2": {
        "14": {
            "original": 0.003945779156775345,
            "twirled": {
                "1": [
                    0.003688186297202454
                ],
                "2": [
                    0.15254472374006528,
                    0.15360892845045793,
                    0.17518677726305595,
                    0.06581673885218008,
                    0.05911943145273792,
                    0.057957764950600246,
                    0.061523095362194385,
                    0.05860045768054689,
                    0.061290273340623716
                ],
                "3": [
                    0.11271590672698356,
                    0.10029157454935426,
                    0.08002116666755793,
                    0.10109108701790837
                ],
                "4": [
                    0.6268842382546896,
                    0.2401838477904787,
                    0.23796498077572686,
                    0.271463704230577,
                    0.6202529441481625,
                    0.43047490183550796,
                    0.5364333462949376
                ],
                "6": [
                    0.3128893898369116,
                    0.3088189892321779,
                    0.29031560526945005,
                    0.2894873688103019
                ],
                "8": [
                    0.8503544367189165,
                    0.851232575971487,
                    0.8779482643621614
                ],
                "12": [
                    1.2430026043378657
                ],
                "24": [
                    1.2763001083811183
                ]
            }
        }
    }
}