{
    "1": {
        "18": {
            "original": 0.22560864608906783,
            "twirled": {
                "1": [
                    0.26364309491056825
                ],
                "2": [
                    0.5199708463064244,
                    0.6427399585009296,
                    0.5622315917516282,
                    0.3366531852916543,
                    0.3004506525181216,
                    0.36989679979831713,
                    0.3027277821646593,
                    0.35658546398786234,
                    0.336484384949951
                ],
                "3": [
                    1.030151296568792,
                    1.0287383749132633,
                    1.0603003061696508,
                    1.0398086357785847
                ],
                "4": [
                    2.905458353620174,
                    0.6214228192637598,
                    0.6222785296242442,
                    0.7997873419468685,
                    3.2694235902709727,
                    4.141165160722139,
                    3.340850164619514
                ],
                "6": [
                    0.9831473635422519,
                    0.9943429001367753,
                    1.089768403596111,
                    1.0549019870844196
                ],
                "8": [
                    3.3624676939791884,
                    3.251252682895715,
                    4.114169658690891
                ],
                "12": [
                    4.623858777975859
                ],
                "24": [
                    4.62196717185561
                ]
            }
        }
    }
}