{
    "4": {
        "19": {
            "original": 0.0034931557815694285,
            "twirled": {
                "1": [
                    0.003875612391282663
                ],
                "2": [
                    0.16965434688755007,
                    0.16611056154211712,
                    0.15507457904018404,
                    0.05808123602500877,
                    0.056751196597884454,
                    0.0546461526819529,
                    0.056264962466967716,
                    0.05730198796385255,
                    0.05972201680955951
                ],
                "3": [
                    0.08218422157479284,
                    0.08757233847283444,
                    0.08319709463789374,
                    0.08457298095976473
                ],
                "4": [
                    0.592771794049966,
                    0.26027807056785573,
                    0.2427413165093967,
                    0.23333051368224894,
                    0.5820262060502074,
                    0.31795037605040166,
                    0.5454823956209397
                ],
                "6": [
                    0.2818507479433623,
                    0.30327386069946866,
                    0.302545684942162,
                    0.27211214201822226
                ],
                "8": [
                    0.8305097359167543,
                    0.8722662956050246,
                    0.7645277405611258
                ],
                "12": [
                    1.1902637798294253
                ],
                "24": [
                    1.1231312472248054
                ]
            }
        }
    }
}