{
    "2": {
        "1": {
            "original": 0.19583869977627727,
            "twirled": {
                "1": [
                    0.2271776271818342
                ],
                "2": [
                    0.8893575172850737,
                    0.872181133688304,
                    0.8056653623019318,
                    0.4212270004245369,
                    0.39384042784228307,
                    0.42118165977922734,
                    0.3961838771800333,
                    0.4081135785675718,
                    0.3898808830166037
                ],
                "3": [
                    1.1521496966962925,
                    1.0386448870830394,
                    1.1460806176133969,
                    1.197140059269425
                ],
                "4": [
                    4.132815187605541,
                    0.8577370233649395,
                    0.8011710026858433,
                    0.78911444341383,
                    4.004725043372984,
                    3.978546900798334,
                    4.071259157451749
                ],
                "6": [
                    1.1116218254701853,
                    1.1151709734121198,
                    1.1080197429232514,
                    1.2088953648694225
                ],
                "8": [
                    4.027019578856144,
                    3.989773915191189,
                    4.152069477660003
                ],
                "12": [
                    4.00070489313193
                ],
                "24": [
                    4.227296789422542
                ]
            }
        }
    }
}