{
    "3": {
        "18": {
            "original": 0.01948273075534666,
            "twirled": {
                "1": [
                    0.020417742740087525
                ],
                "2": [
                    0.1808866676618405,
                    0.16436030721944017,
                    0.18417370699042224,
                    0.05966440458588479,
                    0.05185955708171464,
                    0.06161843376096461,
                    0.06098861968759216,
                    0.07562376792109038,
                    0.06927279230683223
                ],
                "3": [
                    0.4059472474108231,
                    0.3969445843797626,
                    0.394543753784233,
                    0.39152370281231563
                ],
                "4": [
                    0.6635488890911002,
                    0.2749482628094953,
                    0.25522503296165233,
                    0.22035657377432805,
                    0.8968461568588194,
                    0.9251165312114852,
                    0.9649322773213923
                ],
                "6": [
                    0.3936071177006431,
                    0.3816189705050889,
                    0.3843571977154176,
                    0.40761695505944134
                ],
                "8": [
                    0.9750101973837685,
                    1.0024056055122283,
                    0.9440802831092983
                ],
                "12": [
                    1.3992174400508584
                ],
                "24": [
                    1.4018031661605792
                ]
            }
        }
    }
}