{
    "4": {
        "10": {
            "original": 0.13686444849300483,
            "twirled": {
                "1": [
                    0.13223299326410748
                ],
                "2": [
                    0.4101692086762681,
                    0.8932133516583156,
                    0.37905882083930453,
                    0.06477470541322632,
                    0.06143544570961611,
                    0.3066466824398583,
                    0.05786001317421781,
                    0.31445589431818216,
                    0.05042521114169256
                ],
                "3": [
                    0.443621458875829,
                    0.41761430136350935,
                    0.4281274907807191,
                    0.40442922966385736
                ],
                "4": [
                    2.5511027006531366,
                    0.2649846071251843,
                    0.2851398132483262,
                    0.8575645171164211,
                    1.3683015202428517,
                    2.508286615738943,
                    1.4460541004704806
                ],
                "6": [
                    0.4252827806638894,
                    0.40697101176191364,
                    0.4049911274333348,
                    0.4401037959609572
                ],
                "8": [
                    1.4456087685637222,
                    1.3787967367282805,
                    2.5979436481918525
                ],
                "12": [
                    1.8206106474066446
                ],
                "24": [
                    1.8257612874895353
                ]
            }
        }
    }
}