{
    "5": {
        "13": {
            "original": 0.003715203737817435,
            "twirled": {
                "1": [
                    0.004110767888999258
                ],
                "2": [
                    0.15152740589013852,
                    0.18966458003059816,
                    0.14644217769937556,
                    0.05227345485729479,
                    0.061921455123762875,
                    0.05222435297708436,
                    0.06241061075960725,
                    0.05823702226606585,
                    0.05832781379049344
                ],
                "3": [
                    0.37806773625647766,
                    0.40265040853615325,
                    0.39098578905853304,
                    0.3922363909648107
                ],
                "4": [
                    0.6058769706532597,
                    0.23503375851406755,
                    0.2434868625611038,
                    0.24177520150401088,
                    0.8947152352301488,
                    0.94619813044905,
                    0.9107326595533806
                ],
                "6": [
                    0.39195559858895823,
                    0.37126856853164547,
                    0.37951302845396423,
                    0.3797849483332268
                ],
                "8": [
                    0.9227303353301256,
                    0.9122931359690521,
                    0.9303927227946595
                ],
                "12": [
                    1.4357546559552232
                ],
                "24": [
                    1.4462817677706683
                ]
            }
        }
    }
}