{
    "2": {
        "10": {
            "original": 0.15971296463958523,
            "twirled": {
                "1": [
                    0.662952204907488
                ],
                "2": [
                    2.3245135244108504,
                    2.4668067971916803,
                    2.557562073575637,
                    0.3414518701478569,
                    0.3456812562256871,
                    1.1207015143635284,
                    0.3591931205818217,
                    1.0684157763239026,
                    0.3515754847460633
                ],
                "3": [
                    0.4943050832240672,
                    0.5513897630095898,
                    0.5415160801188077,
                    0.542499226949629
                ],
                "4": [
                    8.730285871893301,
                    1.0253819662680246,
                    1.0293189109642769,
                    2.243986356672102,
                    3.4898904210432633,
                    8.683845091111547,
                    3.352498574952117
                ],
                "6": [
                    0.5430364077551965,
                    0.5389993292010032,
                    0.5777361146249699,
                    0.5709423816074084
                ],
                "8": [
                    3.3726261804656765,
                    3.567024971344688,
                    8.822391035303312
                ],
                "12": [
                    2.7393510354350257
                ],
                "24": [
                    2.6087761644497114
                ]
            }
        }
    }
}