{
    "3": {
        "12": {
            "original": 0.009191038486155543,
            "twirled": {
                "1": [
                    0.21081732653596158
                ],
                "2": [
                    0.49850561892250755,
                    0.4575730750982048,
                    0.8746245369312886,
                    0.13878297910561538,
                    0.06906579386559837,
                    0.06413617179191983,
                    0.129056340136504,
                    0.06024137923043825,
                    0.05078694895435755
                ],
                "3": [
                    0.3977170959872535,
                    0.4331381187717585,
                    0.3808025197688426,
                    0.39576827754753124
                ],
                "4": [
                    1.529951360579591,
                    0.30219130251850757,
                    0.2585938289897614,
                    0.25946764173438513,
                    1.1018032467690633,
                    0.9125461748200651,
                    0.9151877593808581
                ],
                "6": [
                    0.38377698404256827,
                    0.37136562966142783,
                    0.40228822123868385,
                    0.3914817480436508
                ],
                "8": [
                    1.0321191587716896,
                    0.941806842688902,
                    0.8927635064395002
                ],
                "12": [
                    1.4117869400211331
                ],
                "24": [
                    1.4676644821804128
                ]
            }
        }
    }
}