{
    "5": {
        "8": {
            "original": 0.0034888797939304035,
            "twirled": {
                "1": [
                    0.00335056311269162
                ],
                "2": [
                    0.16391586458575225,
                    0.15671553604808536,
                    0.1642622453508931,
                    0.057667262895289076,
                    0.04942427548597551,
                    0.05942597600389632,
                    0.05786257769141448,
                    0.058142390338586904,
                    0.06340672127567788
                ],
                "3": [
                    0.41428464171621426,
                    0.40877758139476655,
                    0.3968808350289134,
                    0.4067636919393113
                ],
                "4": [
                    0.6181063916687614,
                    0.24472432880267542,
                    0.27026234232386315,
                    0.24992391997373725,
                    0.9159676750074922,
                    0.9352801035280094,
                    0.914138860412808
                ],
                "6": [
                    0.4076147690391617,
                    0.380711885428707,
                    0.41729550026872414,
                    0.37604251374175757
                ],
                "8": [
                    0.9088442020599782,
                    0.868627240885327,
                    0.9550174104537712
                ],
                "12": [
                    1.450687364024761
                ],
                "24": [
                    1.3457327836268869
                ]
            }
        }
    }
}