{
    "1": 0.013567608773397282,
    "2": 0.004593742889157555,
    "3": 0.0011503566710155172,
    "4": 0.00022282589268400274,
    "5": 0.00014437555485091478,
    "6": 6.768625471926157e-05,
    "7": 3.503848617262899e-05,
    "8": 5.803701556559825e-05,
    "9": 3.064041447403975e-05,
    "10": 5.2104831920160494e-05,
    "11": 1.0026838377738552e-05,
    "12": 5.03574928730126e-06,
    "13": 2.0624784600935733e-05
}