{
    "1": 0.0007593935766290762,
    "2": 0.0001301048636785692,
    "3": 2.802091166148273e-05,
    "4": 3.291079912877408e-06,
    "5": 1.9929941451495336e-06,
    "6": 2.5171054940283907e-06,
    "7": 5.728408626188545e-07,
    "8": 2.0118260864956912e-07,
    "9": 2.6716702559514143e-07,
    "10": 1.8331755778130487e-07,
    "11": 6.788520286711342e-08,
    "12": 6.242297861733257e-08,
    "13": 4.322581382731864e-08
}