{
    "1": 0.010647752616831846,
    "2": 0.002851310162280954,
    "3": 0.001217352869590175,
    "4": 0.00013763725622530963,
    "5": 0.00010625432751232145,
    "6": 7.711948517095942e-05,
    "7": 5.35322935051302e-05,
    "8": 2.4416585751491956e-05,
    "9": 1.292492495580251e-05,
    "10": 5.533353154421333e-06,
    "11": 5.12563669405218e-06,
    "12": 1.041443168146535e-05,
    "13": 5.712292288955379e-06
}