{
    "1": 6.534044688866704e-05,
    "2": 2.7001084772577844e-05,
    "3": 6.424549708335763e-06,
    "4": 4.073016318226158e-06,
    "5": 2.4070327269607072e-06,
    "6": 1.0424001457742656e-06,
    "7": 1.1712588264025933e-06,
    "8": 1.0939593487691597e-06,
    "9": 1.08307039617644e-06,
    "10": 9.63740618746989e-07,
    "11": 2.25923143824071e-07,
    "12": 2.8424748393791185e-07,
    "13": 3.5207739185349996e-07
}