{
    "1": 0.02605618171657178,
    "2": 0.0053904773699357976,
    "3": 0.0013788972767032619,
    "4": 0.0007133408748087757,
    "5": 0.0003628861575100133,
    "6": 0.00027857280450954437,
    "7": 9.413062431394677e-05,
    "8": 0.00010575691247904364,
    "9": 0.00010755288729039493,
    "10": 5.5661641722334425e-05,
    "11": 2.609188200092768e-05,
    "12": 2.687948465520302e-05,
    "13": 2.1031093970285355e-05
}