{
    "3": {
        "1": {
            "1": {
                "1": 0.0,
                "2": 0.6666666666666666,
                "3": 1.3333333333333333,
                "6": 1.3333333333333333
            },
            "2": {
                "1": 0.0,
                "2": 0.8800398276929223,
                "3": 1.577350269189626,
                "6": 1.668714962287735
            },
            "3": {
                "1": 0.0,
                "2": 0.6422588984322123,
                "3": 1.235702260395516,
                "6": 1.2601100286299702
            },
            "4": {
                "1": 0.0,
                "2": 0.6595177968644247,
                "3": 1.235702260395516,
                "6": 1.2773689270621824
            },
            "5": {
                "1": 0.0,
                "2": 0.6341229756873941,
                "3": 1.2031585694162432,
                "6": 1.2357022603955157
            },
            "6": {
                "1": 0.0,
                "2": 0.6571348402636771,
                "3": 1.2031585694162432,
                "6": 1.2587141249717986
            },
            "7": {
                "1": 0.0,
                "2": 0.6527193705326927,
                "3": 1.2775441487974375,
                "6": 1.2914914449314114
            },
            "8": {
                "1": 0.0,
                "2": 0.6625815982082426,
                "3": 1.2775441487974375,
                "6": 1.3013536726069614
            },
            "9": {
                "1": 0.0,
                "2": 0.9857022603955158,
                "3": 1.9714045207910316,
                "6": 1.9714045207910313
            },
            "10": {
                "1": 0.0,
                "2": 0.7587141249717989,
                "3": 1.5174282499435978,
                "6": 1.5174282499435976
            },
            "11": {
                "1": 0.0,
                "2": 0.8373651954876712,
                "3": 1.5285468820183674,
                "6": 1.6016386364968545
            },
            "12": {
                "1": 0.0,
                "2": 0.7218951416497461,
                "3": 1.4437902832994922,
                "6": 1.4437902832994918
            },
            "13": {
                "1": 0.0,
                "2": 0.6178511301977578,
                "3": 1.1380711874576983,
                "6": 1.1868867239266068
            },
            "14": {
                "1": 0.0,
                "2": 0.6523689270621824,
                "3": 1.1380711874576983,
                "6": 1.2214045207910311
            },
            "15": {
                "1": 0.0,
                "2": 1.0934129887191777,
                "3": 1.8213672050459182,
                "6": 2.0040965912421362
            },
            "16": {
                "1": 0.0,
                "2": 0.6422588984322123,
                "3": 1.235702260395516,
                "6": 1.2601100286299702
            },
            "17": {
                "1": 0.0,
                "2": 0.6595177968644247,
                "3": 1.235702260395516,
                "6": 1.2773689270621824
            },
            "18": {
                "1": 0.0,
                "2": 0.6341229756873942,
                "3": 1.2031585694162434,
                "6": 1.235702260395516
            },
            "19": {
                "1": 0.0,
                "2": 0.6571348402636772,
                "3": 1.2031585694162434,
                "6": 1.2587141249717988
            }
        },
        "2": {
            "1": {
                "1": 0.0,
                "2": 0.6666666666666666,
                "3": 1.3333333333333333,
                "6": 1.3333333333333333
            },
            "2": {
                "1": 0.0,
                "2": 0.8800398276929222,
                "3": 1.5773502691896255,
                "6": 1.6687149622877346
            },
            "3": {
                "1": 0.0,
                "2": 0.6422588984322123,
                "3": 1.2357022603955157,
                "6": 1.26011002862997
            },
            "4": {
                "1": 0.0,
                "2": 0.6595177968644245,
                "3": 1.2357022603955157,
                "6": 1.2773689270621822
            },
            "5": {
                "1": 0.0,
                "2": 0.6341229756873941,
                "3": 1.203158569416243,
                "6": 1.2357022603955161
            },
            "6": {
                "1": 0.0,
                "2": 0.6571348402636772,
                "3": 1.203158569416243,
                "6": 1.2587141249718
            },
            "7": {
                "1": 0.0,
                "2": 0.6527193705326927,
                "3": 1.2775441487974373,
                "6": 1.2914914449314117
            },
            "8": {
                "1": 0.0,
                "2": 0.6625815982082426,
                "3": 1.2775441487974373,
                "6": 1.3013536726069617
            },
            "9": {
                "1": 0.0,
                "2": 0.9857022603955156,
                "3": 1.9714045207910313,
                "6": 1.9714045207910311
            },
            "10": {
                "1": 0.0,
                "2": 0.7771236166328254,
                "3": 1.5542472332656512,
                "6": 1.55424723326565
            },
            "11": {
                "1": 0.0,
                "2": 0.837365195487671,
                "3": 1.5285468820183672,
                "6": 1.6016386364968545
            },
            "12": {
                "1": 0.0,
                "2": 0.7218951416497459,
                "3": 1.443790283299492,
                "6": 1.4437902832994918
            },
            "13": {
                "1": 0.0,
                "2": 0.6178511301977578,
                "3": 1.1380711874576979,
                "6": 1.1868867239266072
            },
            "14": {
                "1": 0.0,
                "2": 0.6523689270621822,
                "3": 1.1380711874576979,
                "6": 1.2214045207910322
            },
            "15": {
                "1": 0.0,
                "2": 1.0934129887191775,
                "3": 1.8213672050459175,
                "6": 2.004096591242137
            },
            "16": {
                "1": 0.0,
                "2": 0.6422588984322123,
                "3": 1.2357022603955157,
                "6": 1.26011002862997
            },
            "17": {
                "1": 0.0,
                "2": 0.6595177968644245,
                "3": 1.2357022603955157,
                "6": 1.2773689270621822
            },
            "18": {
                "1": 0.0,
                "2": 0.6341229756873942,
                "3": 1.2031585694162432,
                "6": 1.2357022603955157
            },
            "19": {
                "1": 0.0,
                "2": 0.6571348402636771,
                "3": 1.2031585694162432,
                "6": 1.2587141249717988
            }
        },
        "3": {
            "1": {
                "1": 0.0,
                "2": 0.6666666666666666,
                "3": 1.3333333333333333,
                "6": 1.3333333333333333
            },
            "2": {
                "1": 0.0,
                "2": 0.880039827692922,
                "3": 1.5773502691896253,
                "6": 1.6687149622877346
            },
            "3": {
                "1": 0.0,
                "2": 0.6422588984322123,
                "3": 1.2357022603955157,
                "6": 1.2601100286299702
            },
            "4": {
                "1": 0.0,
                "2": 0.6595177968644245,
                "3": 1.2357022603955157,
                "6": 1.2773689270621829
            },
            "5": {
                "1": 0.0,
                "2": 0.6341229756873943,
                "3": 1.2031585694162439,
                "6": 1.2357022603955168
            },
            "6": {
                "1": 0.0,
                "2": 0.6571348402636776,