{
    "1": 0.00022870037888719918,
    "2": 8.321931128983354e-05,
    "3": 3.094932618158626e-05,
    "4": 2.0526534236282677e-05,
    "5": 1.879379451737365e-05,
    "6": 1.5203794365493812e-05,
    "7": 1.3718379709928694e-05,
    "8": 1.4425010089793376e-05,
    "9": 1.0490006696768851e-05,
    "10": 1.3783870798169554e-05,
    "11": 9.72970062840753e-06,
    "12": 1.3828408136181763e-05,
    "13": 7.25791417395949e-06
}