{
    "1": 0.002413714067055822,
    "2": 0.0007521962006995683,
    "3": 0.00036340153725347035,
    "4": 0.00021177735978603196,
    "5": 0.00012747416738663407,
    "6": 7.452760414955811e-05,
    "7": 6.046360266438615e-05,
    "8": 5.85308469637915e-05,
    "9": 4.6500057714469026e-05,
    "10": 3.805232364513112e-05,
    "11": 3.586626535714109e-05,
    "12": 3.308913460749787e-05,
    "13": 2.9876285642475862e-05
}