{
    "1": {
        "1": 0.025141601455478474,
        "2": 0.0052642777383117385,
        "3": 0.0015381777265575912,
        "4": 0.0006372193057718185,
        "5": 0.00032329102015679525,
        "6": 0.00029516009236972817,
        "7": 0.00012434975886683,
        "8": 8.351035862132982e-05,
        "9": 5.6814987984653096e-05,
        "10": 4.911086038546173e-05,
        "11": 3.891455184591441e-05,
        "12": 2.893331289093922e-05
    },
    "2": {
        "1": 0.06594360232535394,
        "2": 0.027073388742259105,
        "3": 0.013060335675641846,
        "4": 0.009749324098184945,
        "5": 0.006534997464974111,
        "6": 0.0050789875870756096,
        "7": 0.005727477705618704,
        "8": 0.00494810010681577,
        "9": 0.003589178805569311,
        "10": 0.0035238608454524955,
        "11": 0.002843619757149604,
        "12": 0.0029540867741959425
    },
    "3": {
        "1": 0.028280670753302026,
        "2": 0.0060998357281945685,
        "3": 0.002249566548986287,
        "4": 0.0005742369028454443,
        "5": 0.00022545800729525115,
        "6": 0.00022443090211227167,
        "7": 0.0001271450558466685,
        "8": 8.741063466040597e-05,
        "9": 6.48138967613488e-05,
        "10": 5.629844521829744e-05,
        "11": 2.5692202528623887e-05,
        "12": 3.081518163891031e-05
    },
    "4": {
        "1": 0.013279521966943278,
        "2": 0.0027635951092012043,
        "3": 0.0005728080495313505,
        "4": 0.0002501767293466554,
        "5": 0.00010697842611872736,
        "6": 3.539743727927497e-05,
        "7": 2.9058378014580096e-05,
        "8": 9.306330283388812e-05,
        "9": 6.27069440007352e-06,
        "10": 1.4644157524763015e-05,
        "11": 8.455645287975763e-06,
        "12": 5.1457348519302286e-06
    },
    "5": {
        "1": 0.002390911635205237,
        "2": 0.0008372549110910936,
        "3": 0.00030623525506306146,
        "4": 0.00016032182364379306,
        "5": 9.601440985612042e-05,
        "6": 7.321390881958425e-05,
        "7": 5.340431972178225e-05,
        "8": 3.876203248402859e-05,
        "9": 3.169792192241995e-05,
        "10": 3.166744170803485e-05,
        "11": 2.38154118452453e-05,
        "12": 2.3324098651327818e-05
    },
    "6": {
        "1": 0.0003551402062546769,
        "2": 0.0001140635569288464,
        "3": 2.812984620515292e-05,
        "4": 9.704270698850988e-06,
        "5": 6.686219244733809e-06,
        "6": 3.4670028905452636e-06,
        "7": 1.819786931210703e-06,
        "8": 1.5528329562271574e-06,
        "9": 1.931342515328336e-06,
        "10": 9.342456112624103e-07,
        "11": 1.0281101627839527e-06,
        "12": 1.0393972500313755e-06
    },
    "7": {
        "1": 0.0003651467055860114,
        "2": 7.03215024179647e-05,
        "3": 2.2753779816219113e-05,
        "4": 5.74991451421934e-07,
        "5": 9.379739504199878e-07,
        "6": 1.6246500454936663e-06,
        "7": 1.5958510152631327e-07,
        "8": 1.9940559066208e-07,
        "9": 5.476780195095847e-07,
        "10": 1.475602949645056e-07,
        "11": 3.646310903833326e-07,
        "12": 1.1709105644703007e-07
    },
    "8": {
        "1": 0.000798099652728244,
        "2": 0.0001074354492611575,
        "3": 1.849520534139073e-05,
        "4": 4.855131878607074e-06,
        "5": 1.2472094372990095e-06,
        "6": 8.091344826569208e-07,
        "7": 1.3825005050828806e-06,
        "8": 1.3792153568407624e-07,
        "9": 1.8349092876822478e-07,
        "10": 1.0641344404861258e-07,
        "11": 2.446693872535689e-07,
        "12": 1.1961100927784145e-07
    },
    "9": {
        "1": 0.00928528920550199,
        "2": 0.0017678119379103752,
        "3": 0.00044581754734764853,
        "4": 0.0001504781265425424,
        "5": 6.854066540024503e-05,
        "6": 6.0587935362485885e-05,
        "7": 3.8794875820664746e-05,
        "8": 4.987384133123772e-05,
        "9": 3.898285299073689e-05,
        "10": 3.6924595206634116e-05,
        "11": 4.764209910835402e-05,
        "12": 4.526144408964559e-05
    },
    "10": {
        "1": 0.007489450665356828,
        "2": 0.0033865111798390374,
        "3": 0.0023100194364848426,
        "4": 0.0016519671439032808,
        "5": 0.0014924836036345327,
        "6": 0.0014232889441330673,
        "7": 0.0010485416582990679,
        "8": 0.00116918153581596,
        "9": 0.0009557416838701932,
        "10": 0.000900716757430708,
        "11": 0.0008427300164977804,
        "12": 0.0008913466927800744
    },
    "11": {
        "1": 0.005520292770160656,
        "2": 0.003828411692211784,
        "3": 0.00220347546178829,
        "4": 0.0015489128711844323,
        "5": 0.001409178164897695,
        "6": 0.0012083484695491267,
        "7": 0.001313752022116715,
        "8": 0.0012519461859344817,
        "9": 0.0010931757570431233,
        "10": 0.0009448678301806621,
        "11": 0.0008115076692026264,
        "12": 0.0007097557608426088
    },
    "12": {
        "1": 0.005080103776327375,
        "2": 0.001570709810811337,
        "3": 0.0006957107569479222,
        "4": 0.0002670305584208939,
        "5": 8.1272694750345e-05,
        "6": 5.345060961767016e-05,
        "7": 4.4290963832847516e-05,
        "8": 2.597122467892681e-05,
        "9": 1.9546472821987623e-05,
        "10": 1.5736798938283626e-05,
        "11": 1.9109964835390073e-05,
        "12": 1.0889704958407928e-05
    },
    "13": {
        "1": 0.004435311855162858,
        "2": 0.0007142415586018517,
        "3": 9.534387111910544e-05,
        "4": 2.4317932007552465e-05,
        "5": 1.1921529232855927e-05,
        "6": 1.197485304991801e-05,
        "7": 8.039272187865419e-07,
        "8": 1.0290131971565113e-06,
        "9": 3.2752582261576485e-07,
        "10": 2.9399888501922616e-07,
        "11": 1.7284670541854722e-07,
        "12": 1.857101154041858e-07
    },
    "14": {
        "1": 5.698214433454231e-05,
        "2": 1.0180918904400329e-05,
        "3": 4.221237245278621e-06,
        "4": 4.027763761493233e-06,
        "5": 4.165540808410538e-06,
        "6": 1.6357492340816541e-06,
        "7": 4.7464727932368846e-07,
        "8": 1.2922541512458976e-06,
        "9": 4.0898302684882465e-07,
        "10": 1.4325153864732116e-06,
        "11": 6.803771957793647e-07,
        "12": 6.023769229050474e-07
    },
    "15": {
        "1": 0.0013453164706287689,
        "2": 0.00044363227181325497,
        "3": 0.00021840222138076653,
        "4": 0.00010313654974155922,
        "5": 4.923330209209346e-05,
        "6": 4.7196708875855056e-05,
        "7": 4.575946535584363e-05,
        "8": 3.429225576069896e-05,
        "9": 2.628195114549597e-05,
        "10": 2.6479287401648926e-05,
        "11": 1.184147504838411e-05,
        "12": 1.8199488223890152e-05
    },
    "16": {
        "1": 0.023400415942477097,
        "2": 0.006140578893414924,
        "3": 0.0016686322999837596,
        "4": 0.000614193014095316,
        "5": 0.00032235258424944156,
        "6": 0.00044528067086108033,
        "7": 0.00017555047813381608,
        "8": 0.00021579266276002356,
        "9": 3.915165271674416e-05,
        "10": 4.3111036822809776e-05,
        "11": 2.4759104859856388e-05,
        "12": 3.450430784839452e-05
    },
    "17": {
        "1": 0.011765502761576518,
        "2": 0.0026084830269893547,
        "3": 0.0007694466785523766,
        "4": 0.00014796583895342272,
        "5": 4.708647780343051e-05,
        "6": 0.0001561626039490724,
        "7": 6.133319423890995e-05,
        "8": 2.571488846840042e-05,
        "9": 2.9325077114383335e-05,
        "10": 1.5657995255493344e-05,
        "11": 9.946262050490707e-06,
        "12": 1.554714957904465e-05
    },
    "18": {
        "1": 0.023583925484910218,
        "2": 0.004565623836930361,
        "3": 0.0015249314287256953,
        "4": 0.0006559283233030113,
        "5": 0.0003311099971392476,
        "6": 0.0001907461186767676,
        "7": 0.00010295114715958394,